source_annotations,annotation_id,image_id,image_filename,full_image_path,letter,label_raw,bbox,area,base_types,TM
train_annotations,1289377,466,TM144_BGU.3.992.jpg,dataset/TM144_BGU.3.992.jpg,Iota,Ι,"[5819, 1424, 58, 97]",5626,bt2,144
train_annotations,1324173,540,TM44603_P.Eleph.27a.jpg,dataset/TM44603_P.Eleph.27a.jpg,Kappa,Κ,"[1463, 3655, 108, 158]",17064,bt2,44603
train_annotations,1311979,517,TM4927_BGU.8.1848.jpg,dataset/TM4927_BGU.8.1848.jpg,Pi,Π,"[2493, 5156, 54, 102]",5508,bt2,4927
train_annotations,1383785,446,TM3740_P.Tebt.1.104.jpg,dataset/TM3740_P.Tebt.1.104.jpg,Epsilon,Ε,"[1091, 3434, 76, 148]",11248,bt2,3740
train_annotations,1277036,419,TM5132_SB.28.16855.jpg,dataset/TM5132_SB.28.16855.jpg,Rho,Ρ,"[3093, 4869, 65, 114]",7410,bt2,5132
train_annotations,1381049,500,TM3409_UPZ.1.18.jpg,dataset/TM3409_UPZ.1.18.jpg,Eta,Η,"[288, 612, 24, 24]",576,bt2,3409
train_annotations,1311629,517,TM4927_BGU.8.1848.jpg,dataset/TM4927_BGU.8.1848.jpg,Iota,Ι,"[1247, 1170, 42, 91]",3822,bt2,4927
test_annotations,1377477,485,TM1137_P.Cair.Zen.3.59499_V.jpg,dataset/TM1137_P.Cair.Zen.3.59499_V.jpg,Xi,Ξ,"[866, 1371, 88, 65]",5720,bt2,1137
train_annotations,1322410,445,TM3745_P.Tebt.1.109.jpg,dataset/TM3745_P.Tebt.1.109.jpg,Mu,Μ,"[1219, 2037, 46, 36]",1656,bt2,3745
train_annotations,1358548,542,TM69805_BGU.18.2731.jpg,dataset/TM69805_BGU.18.2731.jpg,Upsilon,Υ,"[3020, 3545, 91, 107]",9737,bt2,69805
train_annotations,1144594,443,TM131_P.Batav.6_frag.A.jpg,dataset/TM131_P.Batav.6_frag.A.jpg,Upsilon,Υ,"[2841, 840, 109, 122]",13298,bt2,131
test_annotations,1377367,485,TM1137_P.Cair.Zen.3.59499_V.jpg,dataset/TM1137_P.Cair.Zen.3.59499_V.jpg,Alpha,Α,"[1434, 474, 59, 64]",3776,bt2,1137
train_annotations,1320919,424,TM18503_BGU.4.1058.jpg,dataset/TM18503_BGU.4.1058.jpg,Epsilon,Ε,"[343, 1096, 96, 103]",9888,bt2,18503
train_annotations,1414875,524,TM5836_P.Eleph.1.jpg,dataset/TM5836_P.Eleph.1.jpg,Delta,Δ,"[2865, 3893, 64, 106]",6784,bt2,5836
train_annotations,1283213,546,TM316242_P.Tarich.2.jpg,dataset/TM316242_P.Tarich.2.jpg,Iota,Ι,"[780, 934, 60, 162]",9720,bt2,316242
test_annotations,1410586,556,TM3283_P.Enteux.6.jpg,dataset/TM3283_P.Enteux.6.jpg,Kappa,Κ,"[3227, 1306, 50, 103]",5150,bt2,3283
train_annotations,1295044,466,TM144_BGU.3.992.jpg,dataset/TM144_BGU.3.992.jpg,Kappa,Κ,"[8526, 1065, 96, 116]",11136,bt2,144
train_annotations,1329759,437,TM663_P.Cair.Zen.1.59001_frag.Cairo.jpg,dataset/TM663_P.Cair.Zen.1.59001_frag.Cairo.jpg,Phi,Φ,"[1290, 903, 53, 78]",4134,bt2,663
train_annotations,1254848,467,TM215_P.Dryton.25_R.jpg,dataset/TM215_P.Dryton.25_R.jpg,Tau,Τ,"[340, 638, 28, 25]",700,bt2,215
train_annotations,184231,715,TM665_P.Cair.Zen.1.59003.jpg,dataset/TM665_P.Cair.Zen.1.59003.jpg,Alpha,Α,"[1063, 627, 37, 51]",1887,bt2,665
train_annotations,1289296,466,TM144_BGU.3.992.jpg,dataset/TM144_BGU.3.992.jpg,Tau,Τ,"[7171, 1017, 73, 86]",6278,bt2,144
train_annotations,1417044,538,TM18592_BGU.4.1146.jpg,dataset/TM18592_BGU.4.1146.jpg,Gamma,Γ,"[2707, 2827, 44, 95]",4180,bt2,18592
train_annotations,183567,715,TM665_P.Cair.Zen.1.59003.jpg,dataset/TM665_P.Cair.Zen.1.59003.jpg,Omicron,Ο,"[619, 650, 25, 36]",900,bt2,665
train_annotations,1277283,510,TM3686_P.Tebt.1.50.jpg,dataset/TM3686_P.Tebt.1.50.jpg,Kappa,Κ,"[1942, 1619, 52, 48]",2496,bt2,3686
test_annotations,1392619,489,TM1579_P.Lond.7.2017.jpg,dataset/TM1579_P.Lond.7.2017.jpg,Sigma,Σ,"[853, 866, 8, 19]",152,bt2,1579
train_annotations,1314673,473,TM262_P.Grenf.1.38.jpg,dataset/TM262_P.Grenf.1.38.jpg,Omega,Ω,"[277, 576, 37, 24]",888,bt2,262
train_annotations,1282790,545,TM121853_P.Sorb.3.71.jpg,dataset/TM121853_P.Sorb.3.71.jpg,Upsilon,Υ,"[972, 1610, 36, 58]",2088,bt2,121853
train_annotations,1291702,536,TM18560_BGU.4.1118.jpg,dataset/TM18560_BGU.4.1118.jpg,Sigma,Σ,"[1065, 3112, 25, 39]",975,bt2,18560
train_annotations,1383804,446,TM3740_P.Tebt.1.104.jpg,dataset/TM3740_P.Tebt.1.104.jpg,Sigma,Σ,"[2184, 3404, 30, 52]",1560,bt2,3740
train_annotations,1146639,419,TM5132_SB.28.16855.jpg,dataset/TM5132_SB.28.16855.jpg,Omicron,Ο,"[2306, 909, 72, 90]",6480,bt2,5132
train_annotations,1388093,541,TM44722_P.Diosk.6.jpg,dataset/TM44722_P.Diosk.6.jpg,Lambda,Λ,"[828, 1585, 40, 45]",1800,bt2,44722
train_annotations,1306481,554,TM3098_P.Dion.15_R.jpg,dataset/TM3098_P.Dion.15_R.jpg,Rho,Ρ,"[575, 2142, 26, 66]",1716,bt2,3098
train_annotations,1291929,536,TM18560_BGU.4.1118.jpg,dataset/TM18560_BGU.4.1118.jpg,Gamma,Γ,"[1122, 1528, 32, 50]",1600,bt2,18560
train_annotations,1313215,511,TM3689_P.Tebt.1.53.jpg,dataset/TM3689_P.Tebt.1.53.jpg,Nu,Ν,"[1324, 1679, 53, 64]",3392,bt2,3689
train_annotations,1380889,500,TM3409_UPZ.1.18.jpg,dataset/TM3409_UPZ.1.18.jpg,Pi,Π,"[692, 436, 22, 23]",506,bt2,3409
train_annotations,1283932,439,TM44733_P.Diosk.18.jpg,dataset/TM44733_P.Diosk.18.jpg,Chi,Χ,"[663, 1754, 49, 41]",2009,bt2,44733
train_annotations,1251298,511,TM3689_P.Tebt.1.53.jpg,dataset/TM3689_P.Tebt.1.53.jpg,Pi,Π,"[1032, 1145, 76, 62]",4712,bt2,3689
train_annotations,1386127,548,TM316254_P.Tarich.11.jpg,dataset/TM316254_P.Tarich.11.jpg,Phi,Φ,"[183, 424, 16, 26]",416,bt2,316254
train_annotations,1395660,450,TM5255_P.Oxy.14.1629.jpg,dataset/TM5255_P.Oxy.14.1629.jpg,Kappa,Κ,"[503, 407, 16, 19]",304,bt2,5255
test_annotations,1415684,477,TM503_P.Dryton.41.jpg,dataset/TM503_P.Dryton.41.jpg,Mu,Μ,"[663, 610, 23, 24]",552,bt2,503
train_annotations,1312694,547,TM316244_P.Tarich.4a.jpg,dataset/TM316244_P.Tarich.4a.jpg,Epsilon,Ε,"[2241, 6399, 62, 94]",5828,bt2,316244
train_annotations,1284614,440,TM242_BGU.3.997.jpg,dataset/TM242_BGU.3.997.jpg,Sigma,Σ,"[6721, 2101, 87, 102]",8874,bt2,242
train_annotations,1312959,542,TM69805_BGU.18.2731.jpg,dataset/TM69805_BGU.18.2731.jpg,Alpha,Α,"[1245, 2563, 86, 95]",8170,bt2,69805
train_annotations,1387718,454,TM58204_P.Dime.3.2_GreekOnly.jpg,dataset/TM58204_P.Dime.3.2_GreekOnly.jpg,Eta,Η,"[5382, 1486, 98, 129]",12642,bt2,58204
train_annotations,1259506,506,TM3593_P.Tor.Choach.4.jpg,dataset/TM3593_P.Tor.Choach.4.jpg,Alpha,Α,"[2084, 2734, 64, 58]",3712,bt2,3593
train_annotations,1305993,554,TM3098_P.Dion.15_R.jpg,dataset/TM3098_P.Dion.15_R.jpg,Theta,Θ,"[661, 1359, 32, 36]",1152,bt2,3098
train_annotations,1416475,538,TM18592_BGU.4.1146.jpg,dataset/TM18592_BGU.4.1146.jpg,Nu,Ν,"[954, 1136, 82, 90]",7380,bt2,18592
train_annotations,1340469,516,TM4907_BGU.8.1828.jpg,dataset/TM4907_BGU.8.1828.jpg,Chi,Χ,"[2495, 5070, 135, 145]",19575,bt2,4907
train_annotations,1301436,435,TM1527_P.Lond.7.1964_R.jpg,dataset/TM1527_P.Lond.7.1964_R.jpg,Nu,Ν,"[599, 925, 27, 38]",1026,bt2,1527
train_annotations,1305323,553,TM3097_P.Dion.14_R.jpg,dataset/TM3097_P.Dion.14_R.jpg,Lambda,Λ,"[1604, 1936, 29, 44]",1276,bt2,3097
test_annotations,1144134,442,TM56_BGU.3.994.jpg,dataset/TM56_BGU.3.994.jpg,Sigma,Σ,"[2096, 582, 74, 90]",6660,bt2,56
train_annotations,1416729,538,TM18592_BGU.4.1146.jpg,dataset/TM18592_BGU.4.1146.jpg,Omicron,Ο,"[3367, 1879, 69, 84]",5796,bt2,18592
train_annotations,1143729,459,TM749316_GRBS.55.649.jpg,dataset/TM749316_GRBS.55.649.jpg,Rho,Ρ,"[1769, 1565, 78, 125]",9750,bt2,749316
train_annotations,1385990,548,TM316254_P.Tarich.11.jpg,dataset/TM316254_P.Tarich.11.jpg,Mu,Μ,"[169, 222, 17, 15]",255,bt2,316254
train_annotations,1290620,412,TM255_P.Dryton.17_frag.London.jpg,dataset/TM255_P.Dryton.17_frag.London.jpg,Chi,Χ,"[413, 677, 24, 31]",744,bt2,255
train_annotations,1313330,511,TM3689_P.Tebt.1.53.jpg,dataset/TM3689_P.Tebt.1.53.jpg,Sigma,Σ,"[1796, 2163, 36, 64]",2304,bt2,3689
test_annotations,1391929,489,TM1579_P.Lond.7.2017.jpg,dataset/TM1579_P.Lond.7.2017.jpg,Chi,Χ,"[436, 581, 13, 14]",182,bt2,1579
test_annotations,1276250,509,TM3682_P.Tebt.1.46.jpg,dataset/TM3682_P.Tebt.1.46.jpg,Eta,Η,"[1305, 1307, 45, 62]",2790,bt2,3682
train_annotations,1406981,526,TM5838_P.Eleph.3.jpg,dataset/TM5838_P.Eleph.3.jpg,Phi,Φ,"[784, 2544, 75, 140]",10500,bt2,5838
train_annotations,1364144,529,TM7883_P.Sijp.45.jpg,dataset/TM7883_P.Sijp.45.jpg,Kappa,Κ,"[3231, 4188, 90, 119]",10710,bt2,7883
train_annotations,1313787,446,TM3740_P.Tebt.1.104.jpg,dataset/TM3740_P.Tebt.1.104.jpg,Lambda,Λ,"[1212, 1504, 40, 57]",2280,bt2,3740
train_annotations,1253451,530,TM8337_P.Mich.3.173.jpg,dataset/TM8337_P.Mich.3.173.jpg,Omicron,Ο,"[2051, 1461, 62, 77]",4774,bt2,8337
train_annotations,1388793,541,TM44722_P.Diosk.6.jpg,dataset/TM44722_P.Diosk.6.jpg,Mu,Μ,"[1105, 2522, 42, 42]",1764,bt2,44722
train_annotations,1322128,505,TM3563_P.Tor.Choach.12.01.jpg,dataset/TM3563_P.Tor.Choach.12.01.jpg,Nu,Ν,"[1691, 2776, 69, 74]",5106,bt2,3563
train_annotations,1297283,553,TM3097_P.Dion.14_R.jpg,dataset/TM3097_P.Dion.14_R.jpg,Phi,Φ,"[1803, 1630, 39, 111]",4329,bt2,3097
train_annotations,1364593,452,TM9228_BGU.2.543.jpg,dataset/TM9228_BGU.2.543.jpg,Delta,Δ,"[2272, 3600, 75, 101]",7575,bt2,9228
train_annotations,1380908,500,TM3409_UPZ.1.18.jpg,dataset/TM3409_UPZ.1.18.jpg,Epsilon,Ε,"[374, 476, 13, 22]",286,bt2,3409
train_annotations,1388216,541,TM44722_P.Diosk.6.jpg,dataset/TM44722_P.Diosk.6.jpg,Eta,Η,"[2038, 1682, 48, 51]",2448,bt2,44722
train_annotations,1154044,468,TM243_BGU.3.998.jpg,dataset/TM243_BGU.3.998.jpg,Theta,Θ,"[6086, 535, 62, 76]",4712,bt2,243
train_annotations,1410014,555,TM3099_P.Dion.16_R.jpg,dataset/TM3099_P.Dion.16_R.jpg,Tau,Τ,"[982, 2988, 38, 46]",1748,bt2,3099
test_annotations,1382369,501,TM3415_UPZ.1.24.jpg,dataset/TM3415_UPZ.1.24.jpg,Kappa,Κ,"[473, 1287, 15, 33]",495,bt2,3415
train_annotations,1396270,524,TM5836_P.Eleph.1.jpg,dataset/TM5836_P.Eleph.1.jpg,Sigma,Σ,"[515, 1212, 49, 86]",4214,bt2,5836
train_annotations,1352531,694,TM4820_BGU.8.1738.P.Bingen.53_frag.A.jpg,dataset/TM4820_BGU.8.1738.P.Bingen.53_frag.A.jpg,Phi,Φ,"[2337, 1020, 93, 164]",15252,bt2,4820
train_annotations,1387422,454,TM58204_P.Dime.3.2_GreekOnly.jpg,dataset/TM58204_P.Dime.3.2_GreekOnly.jpg,Beta,Β,"[10354, 372, 88, 137]",12056,bt2,58204
test_annotations,1144288,448,TM127_BGU.3.999.jpg,dataset/TM127_BGU.3.999.jpg,Iota,Ι,"[1606, 947, 34, 108]",3672,bt2,127
train_annotations,1259354,506,TM3593_P.Tor.Choach.4.jpg,dataset/TM3593_P.Tor.Choach.4.jpg,Beta,Β,"[1097, 2166, 78, 117]",9126,bt2,3593
train_annotations,1295066,466,TM144_BGU.3.992.jpg,dataset/TM144_BGU.3.992.jpg,Kappa,Κ,"[9778, 1081, 96, 98]",9408,bt2,144
test_annotations,1281294,556,TM3283_P.Enteux.6.jpg,dataset/TM3283_P.Enteux.6.jpg,Sigma,Σ,"[834, 810, 60, 51]",3060,bt2,3283
train_annotations,1250408,507,TM3680_P.Tebt.1.44.jpg,dataset/TM3680_P.Tebt.1.44.jpg,Upsilon,Υ,"[1463, 928, 60, 52]",3120,bt2,3680
train_annotations,1395140,424,TM18503_BGU.4.1058.jpg,dataset/TM18503_BGU.4.1058.jpg,Nu,Ν,"[2488, 5276, 102, 120]",12240,bt2,18503
train_annotations,1329109,579,TM316241_P.Tarich.1.jpg,dataset/TM316241_P.Tarich.1.jpg,Beta,Β,"[2574.448588358313, 2274.2620419451487, 58.01010805158592, 90.01037105323807]",1305,bt2,316241
train_annotations,1370176,709,TM253_P.Dryton.33_frag.London.jpg,dataset/TM253_P.Dryton.33_frag.London.jpg,Mu,Μ,"[454, 337, 19, 17]",323,bt2,253
train_annotations,1146235,416,TM3676_P.Tebt.1.40.jpg,dataset/TM3676_P.Tebt.1.40.jpg,Tau,Τ,"[797, 671, 62, 52]",3224,bt2,3676
test_annotations,1359879,489,TM1579_P.Lond.7.2017.jpg,dataset/TM1579_P.Lond.7.2017.jpg,Omicron,Ο,"[408, 162, 11, 12]",132,bt2,1579
train_annotations,1294713,441,TM128_BGU.3.1000.jpg,dataset/TM128_BGU.3.1000.jpg,Sigma,Σ,"[8877, 1445, 85, 36]",3060,bt2,128
train_annotations,1360112,491,TM2089_PSI.4.406.jpg,dataset/TM2089_PSI.4.406.jpg,Sigma,Σ,"[58, 305, 11, 13]",143,bt2,2089
train_annotations,1144412,441,TM128_BGU.3.1000.jpg,dataset/TM128_BGU.3.1000.jpg,Rho,Ρ,"[4888, 552, 83, 163]",13529,bt2,128
train_annotations,1297920,558,TM3289_P.Enteux.12.jpg,dataset/TM3289_P.Enteux.12.jpg,Chi,Χ,"[3261, 793, 55, 48]",2640,bt2,3289
train_annotations,1395379,424,TM18503_BGU.4.1058.jpg,dataset/TM18503_BGU.4.1058.jpg,Gamma,Γ,"[1012, 6670, 89, 93]",8277,bt2,18503
train_annotations,1279519,441,TM128_BGU.3.1000.jpg,dataset/TM128_BGU.3.1000.jpg,Kappa,Κ,"[7548, 1791, 98, 146]",14308,bt2,128
train_annotations,1382914,446,TM3740_P.Tebt.1.104.jpg,dataset/TM3740_P.Tebt.1.104.jpg,Omicron,Ο,"[651, 2327, 37, 44]",1628,bt2,3740
train_annotations,1301097,434,TM1526_P.Lond.7.1963.jpg,dataset/TM1526_P.Lond.7.1963.jpg,Mu,Μ,"[357, 743, 28, 26]",728,bt2,1526
test_annotations,1389914,422,TM18497_BGU.4.1053.jpg,dataset/TM18497_BGU.4.1053.jpg,Epsilon,Ε,"[1018, 3079, 35, 54]",1890,bt2,18497
train_annotations,1290951,449,TM5579_PSI.10.1098.jpg,dataset/TM5579_PSI.10.1098.jpg,Xi,Ξ,"[2312, 641, 40, 51]",2040,bt2,5579
train_annotations,1308996,515,TM4900_BGU.8.1821.jpg,dataset/TM4900_BGU.8.1821.jpg,Kappa,Κ,"[2613, 4225, 77, 156]",12012,bt2,4900
train_annotations,1305457,553,TM3097_P.Dion.14_R.jpg,dataset/TM3097_P.Dion.14_R.jpg,Omicron,Ο,"[994, 2204, 29, 36]",1044,bt2,3097
train_annotations,1252400,522,TM5553_BGU.3.1012.jpg,dataset/TM5553_BGU.3.1012.jpg,Tau,Τ,"[1032, 2228, 150, 126]",18900,bt2,5553
train_annotations,1311934,517,TM4927_BGU.8.1848.jpg,dataset/TM4927_BGU.8.1848.jpg,Delta,Δ,"[1913, 4850, 89, 98]",8722,bt2,4927
test_annotations,1288240,442,TM56_BGU.3.994.jpg,dataset/TM56_BGU.3.994.jpg,Mu,Μ,"[4615, 868, 128, 103]",13184,bt2,56
train_annotations,1290605,470,TM253_P.Dryton.33_frag.Heid.jpg,dataset/TM253_P.Dryton.33_frag.Heid.jpg,Sigma,Σ,"[1226, 1197, 21, 34]",714,bt2,253
train_annotations,1384751,474,TM283_P.Dryton.40.jpg,dataset/TM283_P.Dryton.40.jpg,Eta,Η,"[917, 393, 17, 17]",289,bt2,283
train_annotations,1424079,423,TM18499_BGU.4.1055.jpg,dataset/TM18499_BGU.4.1055.jpg,Omega,Ω,"[1126, 2859, 62, 40]",2480,bt2,18499
train_annotations,1416786,538,TM18592_BGU.4.1146.jpg,dataset/TM18592_BGU.4.1146.jpg,Upsilon,Υ,"[1266, 2211, 57, 90]",5130,bt2,18592
train_annotations,1324276,426,TM44617_P.Polit.Iud.1.jpg,dataset/TM44617_P.Polit.Iud.1.jpg,Phi,Φ,"[417, 1088, 38, 82]",3116,bt2,44617
train_annotations,1251291,511,TM3689_P.Tebt.1.53.jpg,dataset/TM3689_P.Tebt.1.53.jpg,Omicron,Ο,"[1708, 971, 38, 50]",1900,bt2,3689
train_annotations,1252388,522,TM5553_BGU.3.1012.jpg,dataset/TM5553_BGU.3.1012.jpg,Lambda,Λ,"[2129, 2079, 85, 98]",8330,bt2,5553
train_annotations,184225,715,TM665_P.Cair.Zen.1.59003.jpg,dataset/TM665_P.Cair.Zen.1.59003.jpg,Sigma,Σ,"[2157, 2717, 54, 57]",3078,bt2,665
train_annotations,1302106,487,TM1568_P.Lond.7.2006_R.jpg,dataset/TM1568_P.Lond.7.2006_R.jpg,Pi,Π,"[402, 412, 28, 22]",616,bt2,1568
train_annotations,184058,715,TM665_P.Cair.Zen.1.59003.jpg,dataset/TM665_P.Cair.Zen.1.59003.jpg,Alpha,Α,"[1658, 485, 42, 54]",2268,bt2,665
train_annotations,1388253,541,TM44722_P.Diosk.6.jpg,dataset/TM44722_P.Diosk.6.jpg,Epsilon,Ε,"[1806, 1765, 44, 43]",1892,bt2,44722
train_annotations,1424448,540,TM44603_P.Eleph.27a.jpg,dataset/TM44603_P.Eleph.27a.jpg,Kappa,Κ,"[2718, 5042, 81, 105]",8505,bt2,44603
train_annotations,1323554,537,TM18570_BGU.4.1127.jpg,dataset/TM18570_BGU.4.1127.jpg,Sigma,Σ,"[1079, 1599, 29, 46]",1334,bt2,18570
train_annotations,1354609,431,TM1509_P.Lond.7.1944_R.jpg,dataset/TM1509_P.Lond.7.1944_R.jpg,Iota,Ι,"[849, 254, 9, 21]",189,bt2,1509
test_annotations,1254724,442,TM56_BGU.3.994.jpg,dataset/TM56_BGU.3.994.jpg,Theta,Θ,"[1813, 722, 95, 102]",9690,bt2,56
train_annotations,1387514,454,TM58204_P.Dime.3.2_GreekOnly.jpg,dataset/TM58204_P.Dime.3.2_GreekOnly.jpg,Chi,Χ,"[7204, 442, 101, 118]",11918,bt2,58204
train_annotations,1253244,529,TM7883_P.Sijp.45.jpg,dataset/TM7883_P.Sijp.45.jpg,Gamma,Γ,"[2010, 356, 77, 98]",7546,bt2,7883
train_annotations,1379335,503,TM3433_UPZ.1.42.jpg,dataset/TM3433_UPZ.1.42.jpg,Iota,Ι,"[1418, 716, 8, 21]",168,bt2,3433
train_annotations,1320879,424,TM18503_BGU.4.1058.jpg,dataset/TM18503_BGU.4.1058.jpg,Upsilon,Υ,"[1105, 869, 114, 104]",11856,bt2,18503
test_annotations,1382169,501,TM3415_UPZ.1.24.jpg,dataset/TM3415_UPZ.1.24.jpg,Pi,Π,"[529, 1075, 28, 23]",644,bt2,3415
test_annotations,1355621,453,TM13542_P.Tebt.2.386_GreekOnly.jpg,dataset/TM13542_P.Tebt.2.386_GreekOnly.jpg,Nu,Ν,"[1502, 837, 60, 53]",3180,bt2,13542
train_annotations,1379097,503,TM3433_UPZ.1.42.jpg,dataset/TM3433_UPZ.1.42.jpg,Omega,Ω,"[1398, 447, 20, 23]",460,bt2,3433
test_annotations,1283790,532,TM8808_SB.24.16285.gif,dataset/TM8808_SB.24.16285.gif,Lambda,Λ,"[166, 1693, 29, 37]",1073,bt2,8808
train_annotations,1393007,499,TM3403_UPZ.1.12.jpg,dataset/TM3403_UPZ.1.12.jpg,Beta,Β,"[325, 662, 12, 19]",228,bt2,3403
train_annotations,1416804,538,TM18592_BGU.4.1146.jpg,dataset/TM18592_BGU.4.1146.jpg,Rho,Ρ,"[2317, 2206, 47, 107]",5029,bt2,18592
test_annotations,1381957,501,TM3415_UPZ.1.24.jpg,dataset/TM3415_UPZ.1.24.jpg,Psi,Ψ,"[290, 861, 16, 39]",624,bt2,3415
train_annotations,1410911,505,TM3563_P.Tor.Choach.12.01.jpg,dataset/TM3563_P.Tor.Choach.12.01.jpg,Mu,Μ,"[282, 3781, 76, 83]",6308,bt2,3563
train_annotations,1297420,554,TM3098_P.Dion.15_R.jpg,dataset/TM3098_P.Dion.15_R.jpg,Nu,Ν,"[1481, 1296, 50, 43]",2150,bt2,3098
train_annotations,1322802,525,TM5837_P.Eleph.2.jpg,dataset/TM5837_P.Eleph.2.jpg,Kappa,Κ,"[237, 1072, 77, 127]",9779,bt2,5837
train_annotations,1300872,483,TM1011_P.Cair.Zen.3.59368.jpg,dataset/TM1011_P.Cair.Zen.3.59368.jpg,Theta,Θ,"[798, 1344, 55, 97]",5335,bt2,1011
train_annotations,1308395,522,TM5553_BGU.3.1012.jpg,dataset/TM5553_BGU.3.1012.jpg,Omega,Ω,"[1405, 3675, 133, 84]",11172,bt2,5553
train_annotations,1414961,524,TM5836_P.Eleph.1.jpg,dataset/TM5836_P.Eleph.1.jpg,Sigma,Σ,"[3326, 4042, 45, 79]",3555,bt2,5836
train_annotations,1405098,525,TM5837_P.Eleph.2.jpg,dataset/TM5837_P.Eleph.2.jpg,Iota,Ι,"[770, 4035, 34, 70]",2380,bt2,5837
train_annotations,1360051,491,TM2089_PSI.4.406.jpg,dataset/TM2089_PSI.4.406.jpg,Delta,Δ,"[81, 200, 13, 11]",143,bt2,2089
train_annotations,1343777,495,TM2801_SB.24.16162_GreekOnly.jpg,dataset/TM2801_SB.24.16162_GreekOnly.jpg,Gamma,Γ,"[4235, 652, 54, 94]",5076,bt2,2801
train_annotations,1294978,466,TM144_BGU.3.992.jpg,dataset/TM144_BGU.3.992.jpg,Sigma,Σ,"[9113, 768, 68, 60]",4080,bt2,144
train_annotations,1409764,473,TM262_P.Grenf.1.38.jpg,dataset/TM262_P.Grenf.1.38.jpg,Pi,Π,"[405, 852, 38, 22]",836,bt2,262
train_annotations,1319882,535,TM17894_P.Wash.Univ.2.77_frag.Vienna.jpg,dataset/TM17894_P.Wash.Univ.2.77_frag.Vienna.jpg,Phi,Φ,"[3315, 2614, 154, 449]",69146,bt2,17894
train_annotations,1424508,540,TM44603_P.Eleph.27a.jpg,dataset/TM44603_P.Eleph.27a.jpg,Epsilon,Ε,"[1933, 5657, 91, 104]",9464,bt2,44603
test_annotations,1288339,442,TM56_BGU.3.994.jpg,dataset/TM56_BGU.3.994.jpg,Theta,Θ,"[2334, 1172, 90, 86]",7740,bt2,56
train_annotations,1382896,446,TM3740_P.Tebt.1.104.jpg,dataset/TM3740_P.Tebt.1.104.jpg,Kappa,Κ,"[2192, 2206, 46, 42]",1932,bt2,3740
train_annotations,1385191,553,TM3097_P.Dion.14_R.jpg,dataset/TM3097_P.Dion.14_R.jpg,Xi,Ξ,"[2125, 787, 29, 59]",1711,bt2,3097
train_annotations,1393934,504,TM3444_UPZ.1.53.jpg,dataset/TM3444_UPZ.1.53.jpg,Phi,Φ,"[392, 868, 18, 30]",540,bt2,3444
train_annotations,1360250,491,TM2089_PSI.4.406.jpg,dataset/TM2089_PSI.4.406.jpg,Gamma,Γ,"[220, 459, 10, 18]",180,bt2,2089
train_annotations,1291345,456,TM78025_P.Bingen.45.jpg,dataset/TM78025_P.Bingen.45.jpg,Gamma,Γ,"[3718, 2545, 75, 89]",6675,bt2,78025
train_annotations,1319150,421,TM11315_P.Grenf.1.45.jpg,dataset/TM11315_P.Grenf.1.45.jpg,Epsilon,Ε,"[349, 721, 32, 40]",1280,bt2,11315
train_annotations,1308589,523,TM5699_SB.5.7609.jpg,dataset/TM5699_SB.5.7609.jpg,Sigma,Σ,"[1287, 5265, 54, 111]",5994,bt2,5699
train_annotations,1316442,530,TM8337_P.Mich.3.173.jpg,dataset/TM8337_P.Mich.3.173.jpg,Gamma,Γ,"[2218, 5810, 109, 96]",10464,bt2,8337
train_annotations,1394612,424,TM18503_BGU.4.1058.jpg,dataset/TM18503_BGU.4.1058.jpg,Delta,Δ,"[721, 2223, 87, 111]",9657,bt2,18503
train_annotations,1330656,551,TM3093_P.Dion.10.jpg,dataset/TM3093_P.Dion.10.jpg,Theta,Θ,"[1445, 2624, 60, 59]",3540,bt2,3093
train_annotations,1380653,500,TM3409_UPZ.1.18.jpg,dataset/TM3409_UPZ.1.18.jpg,Epsilon,Ε,"[349, 125, 13, 17]",221,bt2,3409
train_annotations,1378815,503,TM3433_UPZ.1.42.jpg,dataset/TM3433_UPZ.1.42.jpg,Iota,Ι,"[1083, 181, 7, 20]",140,bt2,3433
test_annotations,1293095,442,TM56_BGU.3.994.jpg,dataset/TM56_BGU.3.994.jpg,Upsilon,Υ,"[10199, 1914, 103, 90]",9270,bt2,56
train_annotations,1252734,524,TM5836_P.Eleph.1.jpg,dataset/TM5836_P.Eleph.1.jpg,Nu,Ν,"[929, 450, 75, 79]",5925,bt2,5836
test_annotations,1301831,486,TM1539_P.Lond.7.1976.jpg,dataset/TM1539_P.Lond.7.1976.jpg,Iota,Ι,"[539, 1030, 20, 36]",720,bt2,1539
train_annotations,1277168,510,TM3686_P.Tebt.1.50.jpg,dataset/TM3686_P.Tebt.1.50.jpg,Beta,Β,"[1171, 1405, 26, 51]",1326,bt2,3686
train_annotations,1388116,541,TM44722_P.Diosk.6.jpg,dataset/TM44722_P.Diosk.6.jpg,Delta,Δ,"[1726, 1564, 53, 53]",2809,bt2,44722
train_annotations,1329748,472,TM257_P.Dryton.19_R.jpg,dataset/TM257_P.Dryton.19_R.jpg,Alpha,Α,"[282, 882, 23, 19]",437,bt2,257
train_annotations,1331628,553,TM3097_P.Dion.14_R.jpg,dataset/TM3097_P.Dion.14_R.jpg,Pi,Π,"[1506, 3419, 52, 30]",1560,bt2,3097
train_annotations,1361609,502,TM3432_UPZ.1.41.jpg,dataset/TM3432_UPZ.1.41.jpg,Delta,Δ,"[702, 805, 14, 17]",238,bt2,3432
train_annotations,1364161,529,TM7883_P.Sijp.45.jpg,dataset/TM7883_P.Sijp.45.jpg,Eta,Η,"[2815, 4454, 109, 116]",12644,bt2,7883
test_annotations,1281235,556,TM3283_P.Enteux.6.jpg,dataset/TM3283_P.Enteux.6.jpg,Iota,Ι,"[1194, 677, 22, 82]",1804,bt2,3283
train_annotations,1318686,420,TM5853_P.Eleph.20_R.jpg,dataset/TM5853_P.Eleph.20_R.jpg,Alpha,Α,"[756, 5901, 166, 112]",18592,bt2,5853
train_annotations,1390876,433,TM1516_P.Lond.7.1953_R.jpg,dataset/TM1516_P.Lond.7.1953_R.jpg,Lambda,Λ,"[603, 1163, 29, 27]",783,bt2,1516
test_annotations,1355423,453,TM13542_P.Tebt.2.386_GreekOnly.jpg,dataset/TM13542_P.Tebt.2.386_GreekOnly.jpg,Sigma,Σ,"[1134, 309, 36, 43]",1548,bt2,13542
train_annotations,1382993,446,TM3740_P.Tebt.1.104.jpg,dataset/TM3740_P.Tebt.1.104.jpg,Gamma,Γ,"[2157, 2371, 47, 59]",2773,bt2,3740
train_annotations,1411091,505,TM3563_P.Tor.Choach.12.01.jpg,dataset/TM3563_P.Tor.Choach.12.01.jpg,Pi,Π,"[1675, 4126, 81, 76]",6156,bt2,3563
train_annotations,1252682,524,TM5836_P.Eleph.1.jpg,dataset/TM5836_P.Eleph.1.jpg,Beta,Β,"[2619, 276, 49, 117]",5733,bt2,5836
train_annotations,1322538,418,TM4912_BGU.8.1833.jpg,dataset/TM4912_BGU.8.1833.jpg,Beta,Β,"[2089, 7042, 83, 180]",14940,bt2,4912
train_annotations,1316290,530,TM8337_P.Mich.3.173.jpg,dataset/TM8337_P.Mich.3.173.jpg,Omega,Ω,"[1949, 4489, 133, 64]",8512,bt2,8337
train_annotations,1287587,468,TM243_BGU.3.998.jpg,dataset/TM243_BGU.3.998.jpg,Chi,Χ,"[3389, 1240, 95, 88]",8360,bt2,243
train_annotations,1313356,511,TM3689_P.Tebt.1.53.jpg,dataset/TM3689_P.Tebt.1.53.jpg,Sigma,Σ,"[1548, 2269, 47, 58]",2726,bt2,3689
train_annotations,1380830,500,TM3409_UPZ.1.18.jpg,dataset/TM3409_UPZ.1.18.jpg,Sigma,Σ,"[333, 408, 14, 20]",280,bt2,3409
train_annotations,1318082,430,TM1803_P.Col.4.90_upper.jpg,dataset/TM1803_P.Col.4.90_upper.jpg,Nu,Ν,"[2611, 2144, 27, 41]",1107,bt2,1803
train_annotations,1262518,549,TM703255_P.Vindob.inv.G.56637.jpg,dataset/TM703255_P.Vindob.inv.G.56637.jpg,Sigma,Σ,"[2490.1664145234495, 6458.489607965153, 110.43872919818457, 155.82675793403857]",7519,bt2,703255
train_annotations,1396883,524,TM5836_P.Eleph.1.jpg,dataset/TM5836_P.Eleph.1.jpg,Gamma,Γ,"[2378, 2259, 51, 84]",4284,bt2,5836
train_annotations,1290459,470,TM253_P.Dryton.33_frag.Heid.jpg,dataset/TM253_P.Dryton.33_frag.Heid.jpg,Epsilon,Ε,"[363, 1037, 26, 35]",910,bt2,253
train_annotations,1277099,510,TM3686_P.Tebt.1.50.jpg,dataset/TM3686_P.Tebt.1.50.jpg,Rho,Ρ,"[909, 1284, 41, 66]",2706,bt2,3686
train_annotations,1410218,555,TM3099_P.Dion.16_R.jpg,dataset/TM3099_P.Dion.16_R.jpg,Tau,Τ,"[1591, 3259, 34, 40]",1360,bt2,3099
train_annotations,1338482,573,TM3099_P.Dion.16_V.jpg,dataset/TM3099_P.Dion.16_V.jpg,Pi,Π,"[1084, 4198, 53, 34]",1802,bt2,3099
train_annotations,1307547,457,TM4844_BGU.20.2847.jpg,dataset/TM4844_BGU.20.2847.jpg,Tau,Τ,"[2405, 1120, 177, 94]",16638,bt2,4844
train_annotations,1262302,549,TM703255_P.Vindob.inv.G.56637.jpg,dataset/TM703255_P.Vindob.inv.G.56637.jpg,Nu,Ν,"[3108.9258698941, 3694.455756067206, 154.31164901664144, 213.31624144368388]",14382,bt2,703255
train_annotations,1328973,579,TM316241_P.Tarich.1.jpg,dataset/TM316241_P.Tarich.1.jpg,Upsilon,Υ,"[1012.1763680724991, 1384.1594837520165, 92.01603346113629, 84.00967964968886]",1932,bt2,316241
train_annotations,1315989,530,TM8337_P.Mich.3.173.jpg,dataset/TM8337_P.Mich.3.173.jpg,Sigma,Σ,"[2682, 2120, 74, 82]",6068,bt2,8337
train_annotations,1262256,549,TM703255_P.Vindob.inv.G.56637.jpg,dataset/TM703255_P.Vindob.inv.G.56637.jpg,Omicron,Ο,"[3721.6338880484113, 3177.0504044803984, 104.38729198184569, 145.23658991910392]",6624,bt2,703255
train_annotations,1380034,709,TM253_P.Dryton.33_frag.London.jpg,dataset/TM253_P.Dryton.33_frag.London.jpg,Upsilon,Υ,"[681, 808, 22, 25]",550,bt2,253
test_annotations,1371025,557,TM3286_P.Enteux.9.jpg,dataset/TM3286_P.Enteux.9.jpg,Iota,Ι,"[1097, 1159, 33, 66]",2178,bt2,3286
train_annotations,1362215,449,TM5579_PSI.10.1098.jpg,dataset/TM5579_PSI.10.1098.jpg,Iota,Ι,"[558, 1440, 28, 50]",1400,bt2,5579
test_annotations,1389486,422,TM18497_BGU.4.1053.jpg,dataset/TM18497_BGU.4.1053.jpg,Nu,Ν,"[655, 1259, 49, 46]",2254,bt2,18497
train_annotations,1262130,549,TM703255_P.Vindob.inv.G.56637.jpg,dataset/TM703255_P.Vindob.inv.G.56637.jpg,Nu,Ν,"[1765.5068078668685, 2078.698693217175, 178.51739788199697, 173.98133167392658]",13570,bt2,703255
train_annotations,1406990,526,TM5838_P.Eleph.3.jpg,dataset/TM5838_P.Eleph.3.jpg,Omega,Ω,"[1308, 2573, 89, 63]",5607,bt2,5838
train_annotations,1146292,457,TM4844_BGU.20.2847.jpg,dataset/TM4844_BGU.20.2847.jpg,Omega,Ω,"[1379, 1287, 151, 118]",17818,bt2,4844
test_annotations,1410573,556,TM3283_P.Enteux.6.jpg,dataset/TM3283_P.Enteux.6.jpg,Sigma,Σ,"[1442, 1319, 45, 65]",2925,bt2,3283
train_annotations,1383693,446,TM3740_P.Tebt.1.104.jpg,dataset/TM3740_P.Tebt.1.104.jpg,Chi,Χ,"[1255, 2913, 46, 48]",2208,bt2,3740
train_annotations,1279246,441,TM128_BGU.3.1000.jpg,dataset/TM128_BGU.3.1000.jpg,Iota,Ι,"[5163, 1294, 64, 151]",9664,bt2,128
train_annotations,1341878,646,TM5850_P.Eleph.17_V.jpg,dataset/TM5850_P.Eleph.17_V.jpg,Iota,Ι,"[1359, 376, 55, 127]",6985,bt2,5850
train_annotations,1276873,419,TM5132_SB.28.16855.jpg,dataset/TM5132_SB.28.16855.jpg,Nu,Ν,"[1872, 3549, 97, 95]",9215,bt2,5132
train_annotations,1261375,416,TM3676_P.Tebt.1.40.jpg,dataset/TM3676_P.Tebt.1.40.jpg,Delta,Δ,"[1592, 1111, 48, 53]",2544,bt2,3676
train_annotations,1289547,466,TM144_BGU.3.992.jpg,dataset/TM144_BGU.3.992.jpg,Mu,Μ,"[7357, 1869, 71, 47]",3337,bt2,144
test_annotations,1381447,501,TM3415_UPZ.1.24.jpg,dataset/TM3415_UPZ.1.24.jpg,Iota,Ι,"[586, 364, 7, 16]",112,bt2,3415
train_annotations,1277652,466,TM144_BGU.3.992.jpg,dataset/TM144_BGU.3.992.jpg,Omega,Ω,"[4697, 762, 90, 52]",4680,bt2,144
train_annotations,1294703,441,TM128_BGU.3.1000.jpg,dataset/TM128_BGU.3.1000.jpg,Pi,Π,"[8317, 1434, 77, 60]",4620,bt2,128
train_annotations,1322745,525,TM5837_P.Eleph.2.jpg,dataset/TM5837_P.Eleph.2.jpg,Tau,Τ,"[1208, 1059, 81, 95]",7695,bt2,5837
train_annotations,1262056,549,TM703255_P.Vindob.inv.G.56637.jpg,dataset/TM703255_P.Vindob.inv.G.56637.jpg,Rho,Ρ,"[3066.565809379728, 1249.63982576229, 90.77155824508321, 183.05861854387058]",7260,bt2,703255
train_annotations,1297505,555,TM3099_P.Dion.16_R.jpg,dataset/TM3099_P.Dion.16_R.jpg,Eta,Η,"[1332, 1572, 32, 56]",1792,bt2,3099
train_annotations,1362358,449,TM5579_PSI.10.1098.jpg,dataset/TM5579_PSI.10.1098.jpg,Beta,Β,"[2336, 1498, 45, 51]",2295,bt2,5579
train_annotations,1234849,482,TM951_P.Cair.Zen.3.59307.jpg,dataset/TM951_P.Cair.Zen.3.59307.jpg,Mu,Μ,"[1243, 242, 102, 86]",8772,bt2,951
train_annotations,1395202,424,TM18503_BGU.4.1058.jpg,dataset/TM18503_BGU.4.1058.jpg,Tau,Τ,"[3185, 5624, 102, 117]",11934,bt2,18503
train_annotations,1322536,418,TM4912_BGU.8.1833.jpg,dataset/TM4912_BGU.8.1833.jpg,Lambda,Λ,"[1943, 7093, 62, 132]",8184,bt2,4912
train_annotations,1415971,534,TM17894_P.Wash.Univ.2.77_frag.Wash.jpg,dataset/TM17894_P.Wash.Univ.2.77_frag.Wash.jpg,Nu,Ν,"[301, 355, 24, 25]",600,bt2,17894
train_annotations,1318914,452,TM9228_BGU.2.543.jpg,dataset/TM9228_BGU.2.543.jpg,Rho,Ρ,"[1334, 2633, 63, 129]",8127,bt2,9228
train_annotations,1382891,446,TM3740_P.Tebt.1.104.jpg,dataset/TM3740_P.Tebt.1.104.jpg,Phi,Φ,"[2054, 2193, 35, 63]",2205,bt2,3740
train_annotations,1383771,446,TM3740_P.Tebt.1.104.jpg,dataset/TM3740_P.Tebt.1.104.jpg,Eta,Η,"[1397, 3031, 46, 45]",2070,bt2,3740
train_annotations,1297809,558,TM3289_P.Enteux.12.jpg,dataset/TM3289_P.Enteux.12.jpg,Rho,Ρ,"[1712, 655, 30, 70]",2100,bt2,3289
train_annotations,1144799,440,TM242_BGU.3.997.jpg,dataset/TM242_BGU.3.997.jpg,Upsilon,Υ,"[6929, 1391, 101, 106]",10706,bt2,242
train_annotations,1358595,542,TM69805_BGU.18.2731.jpg,dataset/TM69805_BGU.18.2731.jpg,Eta,Η,"[2305, 4101, 96, 106]",10176,bt2,69805
train_annotations,1316497,530,TM8337_P.Mich.3.173.jpg,dataset/TM8337_P.Mich.3.173.jpg,Theta,Θ,"[2498, 6244, 92, 85]",7820,bt2,8337
train_annotations,1414490,524,TM5836_P.Eleph.1.jpg,dataset/TM5836_P.Eleph.1.jpg,Kappa,Κ,"[4883, 3133, 62, 97]",6014,bt2,5836
train_annotations,1363224,449,TM5579_PSI.10.1098.jpg,dataset/TM5579_PSI.10.1098.jpg,Iota,Ι,"[785, 2059, 32, 66]",2112,bt2,5579
train_annotations,1279854,549,TM703255_P.Vindob.inv.G.56637.jpg,dataset/TM703255_P.Vindob.inv.G.56637.jpg,Eta,Η,"[2258.698940998487, 7726.28400746733, 118.00302571860817, 114.97896701929061]",5928,bt2,703255
train_annotations,1346412,685,TM1803_P.Col.4.90_lower.jpg,dataset/TM1803_P.Col.4.90_lower.jpg,Alpha,Α,"[2311, 1127, 35, 42]",1470,bt2,1803
train_annotations,1337070,554,TM3098_P.Dion.15_R.jpg,dataset/TM3098_P.Dion.15_R.jpg,Epsilon,Ε,"[1980, 3439, 36, 51]",1836,bt2,3098
train_annotations,1361303,502,TM3432_UPZ.1.41.jpg,dataset/TM3432_UPZ.1.41.jpg,Sigma,Σ,"[723, 558, 14, 21]",294,bt2,3432
train_annotations,1368064,708,TM663_P.Cair.Zen.1.59001_frag.Florence.jpg,dataset/TM663_P.Cair.Zen.1.59001_frag.Florence.jpg,Rho,Ρ,"[400, 1063, 16, 30]",480,bt2,663
train_annotations,1359047,471,TM254_P.Dryton.16_R.jpg,dataset/TM254_P.Dryton.16_R.jpg,Epsilon,Ε,"[770, 629, 22, 21]",462,bt2,254
train_annotations,1405703,525,TM5837_P.Eleph.2.jpg,dataset/TM5837_P.Eleph.2.jpg,Gamma,Γ,"[4073, 4949, 69, 98]",6762,bt2,5837
train_annotations,1390764,514,TM4344_SB.12.11061_frag.Hamburg.jpg,dataset/TM4344_SB.12.11061_frag.Hamburg.jpg,Epsilon,Ε,"[3574, 2552, 56, 83]",4648,bt2,4344
test_annotations,1370960,557,TM3286_P.Enteux.9.jpg,dataset/TM3286_P.Enteux.9.jpg,Alpha,Α,"[1304, 1065, 64, 49]",3136,bt2,3286
train_annotations,1410827,505,TM3563_P.Tor.Choach.12.01.jpg,dataset/TM3563_P.Tor.Choach.12.01.jpg,Chi,Χ,"[999, 3542, 93, 73]",6789,bt2,3563
train_annotations,1330688,551,TM3093_P.Dion.10.jpg,dataset/TM3093_P.Dion.10.jpg,Iota,Ι,"[1479, 2932, 23, 58]",1334,bt2,3093
train_annotations,1322361,445,TM3745_P.Tebt.1.109.jpg,dataset/TM3745_P.Tebt.1.109.jpg,Pi,Π,"[1538, 1848, 43, 36]",1548,bt2,3745
train_annotations,1324619,428,TM44624_P.Polit.Iud.8.jpg,dataset/TM44624_P.Polit.Iud.8.jpg,Omega,Ω,"[648, 645, 32, 29]",928,bt2,44624
train_annotations,1323255,529,TM7883_P.Sijp.45.jpg,dataset/TM7883_P.Sijp.45.jpg,Chi,Χ,"[2632, 1646, 99, 108]",10692,bt2,7883
train_annotations,1370359,709,TM253_P.Dryton.33_frag.London.jpg,dataset/TM253_P.Dryton.33_frag.London.jpg,Lambda,Λ,"[193, 449, 20, 19]",380,bt2,253
train_annotations,1278353,510,TM3686_P.Tebt.1.50.jpg,dataset/TM3686_P.Tebt.1.50.jpg,Omega,Ω,"[1892, 427, 50, 34]",1700,bt2,3686
train_annotations,1388396,541,TM44722_P.Diosk.6.jpg,dataset/TM44722_P.Diosk.6.jpg,Tau,Τ,"[1570, 1962, 42, 46]",1932,bt2,44722
train_annotations,1360532,497,TM2821_P.Hib.1.92.jpg,dataset/TM2821_P.Hib.1.92.jpg,Phi,Φ,"[325, 394, 13, 31]",403,bt2,2821
train_annotations,1312457,547,TM316244_P.Tarich.4a.jpg,dataset/TM316244_P.Tarich.4a.jpg,Mu,Μ,"[1161, 2198, 92, 100]",9200,bt2,316244
train_annotations,1381020,500,TM3409_UPZ.1.18.jpg,dataset/TM3409_UPZ.1.18.jpg,Sigma,Σ,"[482, 563, 19, 23]",437,bt2,3409
test_annotations,1392607,489,TM1579_P.Lond.7.2017.jpg,dataset/TM1579_P.Lond.7.2017.jpg,Tau,Τ,"[636, 860, 14, 17]",238,bt2,1579
train_annotations,1311304,417,TM4911_BGU.8.1832.jpg,dataset/TM4911_BGU.8.1832.jpg,Iota,Ι,"[3245, 2332, 37, 95]",3515,bt2,4911
train_annotations,1308643,468,TM243_BGU.3.998.jpg,dataset/TM243_BGU.3.998.jpg,Omicron,Ο,"[2156, 2853, 40, 54]",2160,bt2,243
test_annotations,1301720,486,TM1539_P.Lond.7.1976.jpg,dataset/TM1539_P.Lond.7.1976.jpg,Nu,Ν,"[615, 760, 36, 36]",1296,bt2,1539
train_annotations,1298071,513,TM3987_BGU.14.2380_frag.A.jpg,dataset/TM3987_BGU.14.2380_frag.A.jpg,Chi,Χ,"[2594, 1733, 110, 91]",10010,bt2,3987
test_annotations,1288521,442,TM56_BGU.3.994.jpg,dataset/TM56_BGU.3.994.jpg,Omicron,Ο,"[2929, 1667, 52, 76]",3952,bt2,56
train_annotations,1144507,441,TM128_BGU.3.1000.jpg,dataset/TM128_BGU.3.1000.jpg,Eta,Η,"[5816, 678, 131, 180]",23580,bt2,128
train_annotations,1256123,490,TM1945_P.Mich.1.45.jpg,dataset/TM1945_P.Mich.1.45.jpg,Theta,Θ,"[985, 2828, 50, 76]",3800,bt2,1945
train_annotations,1144363,441,TM128_BGU.3.1000.jpg,dataset/TM128_BGU.3.1000.jpg,Lambda,Λ,"[902, 547, 114, 120]",13680,bt2,128
train_annotations,1262629,549,TM703255_P.Vindob.inv.G.56637.jpg,dataset/TM703255_P.Vindob.inv.G.56637.jpg,Tau,Τ,"[780.6354009077156, 8083.323957685127, 180.03025718608168, 186.0843808338519]",14637,bt2,703255
train_annotations,1289654,447,TM5697_SB.5.7532.jpg,dataset/TM5697_SB.5.7532.jpg,Omega,Ω,"[1690, 2153, 80, 65]",5200,bt2,5697
train_annotations,1304388,552,TM3094_P.Dion.11.jpg,dataset/TM3094_P.Dion.11.jpg,Tau,Τ,"[684, 1840, 44, 44]",1936,bt2,3094
train_annotations,1277986,510,TM3686_P.Tebt.1.50.jpg,dataset/TM3686_P.Tebt.1.50.jpg,Tau,Τ,"[1943, 3089, 58, 46]",2668,bt2,3686
train_annotations,1364027,529,TM7883_P.Sijp.45.jpg,dataset/TM7883_P.Sijp.45.jpg,Theta,Θ,"[1837, 3265, 73, 118]",8614,bt2,7883
train_annotations,1319689,451,TM14532_SB.14.11933.jpg,dataset/TM14532_SB.14.11933.jpg,Xi,Ξ,"[498, 636, 30, 28]",840,bt2,14532
train_annotations,1424420,540,TM44603_P.Eleph.27a.jpg,dataset/TM44603_P.Eleph.27a.jpg,Mu,Μ,"[2161, 4879, 146, 102]",14892,bt2,44603
test_annotations,1283344,556,TM3283_P.Enteux.6.jpg,dataset/TM3283_P.Enteux.6.jpg,Pi,Π,"[1746, 1069, 83, 55]",4565,bt2,3283
test_annotations,1371043,557,TM3286_P.Enteux.9.jpg,dataset/TM3286_P.Enteux.9.jpg,Phi,Φ,"[2529, 1176, 47, 115]",5405,bt2,3286
train_annotations,1312958,542,TM69805_BGU.18.2731.jpg,dataset/TM69805_BGU.18.2731.jpg,Chi,Χ,"[1140, 2555, 116, 115]",13340,bt2,69805
train_annotations,1298353,433,TM1516_P.Lond.7.1953_R.jpg,dataset/TM1516_P.Lond.7.1953_R.jpg,Nu,Ν,"[427, 670, 26, 33]",858,bt2,1516
train_annotations,1277185,510,TM3686_P.Tebt.1.50.jpg,dataset/TM3686_P.Tebt.1.50.jpg,Sigma,Σ,"[1827, 1414, 28, 38]",1064,bt2,3686
train_annotations,1316324,530,TM8337_P.Mich.3.173.jpg,dataset/TM8337_P.Mich.3.173.jpg,Eta,Η,"[2017, 4617, 113, 107]",12091,bt2,8337
test_annotations,1363870,527,TM5842_P.Eleph.8.jpg,dataset/TM5842_P.Eleph.8.jpg,Xi,Ξ,"[1992, 7189, 159, 165]",26235,bt2,5842
train_annotations,1321171,425,TM18552_BGU.4.1111.jpg,dataset/TM18552_BGU.4.1111.jpg,Mu,Μ,"[1015, 1589, 102, 104]",10608,bt2,18552
test_annotations,1288280,442,TM56_BGU.3.994.jpg,dataset/TM56_BGU.3.994.jpg,Gamma,Γ,"[2408, 1016, 79, 107]",8453,bt2,56
train_annotations,1341879,646,TM5850_P.Eleph.17_V.jpg,dataset/TM5850_P.Eleph.17_V.jpg,Lambda,Λ,"[1403, 334, 111, 106]",11766,bt2,5850
train_annotations,1154072,468,TM243_BGU.3.998.jpg,dataset/TM243_BGU.3.998.jpg,Upsilon,Υ,"[7675, 555, 85, 94]",7990,bt2,243
train_annotations,1314757,473,TM262_P.Grenf.1.38.jpg,dataset/TM262_P.Grenf.1.38.jpg,Omicron,Ο,"[537, 716, 16, 20]",320,bt2,262
train_annotations,1388884,541,TM44722_P.Diosk.6.jpg,dataset/TM44722_P.Diosk.6.jpg,Omega,Ω,"[1300, 2637, 50, 45]",2250,bt2,44722
train_annotations,1404745,525,TM5837_P.Eleph.2.jpg,dataset/TM5837_P.Eleph.2.jpg,Lambda,Λ,"[4563, 3514, 48, 67]",3216,bt2,5837
train_annotations,1284863,440,TM242_BGU.3.997.jpg,dataset/TM242_BGU.3.997.jpg,Sigma,Σ,"[2269, 2719, 100, 105]",10500,bt2,242
train_annotations,1378375,503,TM3433_UPZ.1.42.jpg,dataset/TM3433_UPZ.1.42.jpg,Lambda,Λ,"[106, 814, 20, 23]",460,bt2,3433
train_annotations,1291655,536,TM18560_BGU.4.1118.jpg,dataset/TM18560_BGU.4.1118.jpg,Omega,Ω,"[814, 3078, 43, 31]",1333,bt2,18560
train_annotations,1287608,468,TM243_BGU.3.998.jpg,dataset/TM243_BGU.3.998.jpg,Gamma,Γ,"[381, 1447, 67, 76]",5092,bt2,243
train_annotations,1373769,728,TM131_P.Batav.6_frag.B.jpg,dataset/TM131_P.Batav.6_frag.B.jpg,Eta,Η,"[768, 540, 139, 129]",17931,bt2,131
train_annotations,1373696,443,TM131_P.Batav.6_frag.A.jpg,dataset/TM131_P.Batav.6_frag.A.jpg,Eta,Η,"[1065, 885, 70, 77]",5390,bt2,131
train_annotations,1287988,468,TM243_BGU.3.998.jpg,dataset/TM243_BGU.3.998.jpg,Eta,Η,"[843, 2313, 77, 112]",8624,bt2,243
train_annotations,1378507,503,TM3433_UPZ.1.42.jpg,dataset/TM3433_UPZ.1.42.jpg,Tau,Τ,"[671, 875, 17, 25]",425,bt2,3433
test_annotations,1149641,422,TM18497_BGU.4.1053.jpg,dataset/TM18497_BGU.4.1053.jpg,Kappa,Κ,"[2236, 1050, 31, 57]",1767,bt2,18497
train_annotations,1371138,514,TM4344_SB.12.11061_frag.Hamburg.jpg,dataset/TM4344_SB.12.11061_frag.Hamburg.jpg,Tau,Τ,"[2447, 1896, 85, 73]",6205,bt2,4344
train_annotations,1234902,490,TM1945_P.Mich.1.45.jpg,dataset/TM1945_P.Mich.1.45.jpg,Mu,Μ,"[931, 331, 103, 72]",7416,bt2,1945
train_annotations,1322609,525,TM5837_P.Eleph.2.jpg,dataset/TM5837_P.Eleph.2.jpg,Delta,Δ,"[1739, 648, 71, 82]",5822,bt2,5837
train_annotations,1359219,471,TM254_P.Dryton.16_R.jpg,dataset/TM254_P.Dryton.16_R.jpg,Chi,Χ,"[617, 850, 19, 20]",380,bt2,254
train_annotations,1363974,529,TM7883_P.Sijp.45.jpg,dataset/TM7883_P.Sijp.45.jpg,Alpha,Α,"[1246, 1104, 116, 124]",14384,bt2,7883
test_annotations,1392013,489,TM1579_P.Lond.7.2017.jpg,dataset/TM1579_P.Lond.7.2017.jpg,Chi,Χ,"[619, 608, 8, 15]",120,bt2,1579
train_annotations,1287697,468,TM243_BGU.3.998.jpg,dataset/TM243_BGU.3.998.jpg,Sigma,Σ,"[2109, 1551, 75, 82]",6150,bt2,243
train_annotations,1311543,417,TM4911_BGU.8.1832.jpg,dataset/TM4911_BGU.8.1832.jpg,Epsilon,Ε,"[2898, 4798, 87, 127]",11049,bt2,4911
train_annotations,1252528,523,TM5699_SB.5.7609.jpg,dataset/TM5699_SB.5.7609.jpg,Lambda,Λ,"[1504, 1883, 98, 106]",10388,bt2,5699
train_annotations,1424161,460,TM23306_BGU.16.2583.jpg,dataset/TM23306_BGU.16.2583.jpg,Kappa,Κ,"[2079, 4721, 78, 138]",10764,bt2,23306
test_annotations,1144188,442,TM56_BGU.3.994.jpg,dataset/TM56_BGU.3.994.jpg,Xi,Ξ,"[6072, 548, 105, 108]",11340,bt2,56
train_annotations,1284179,439,TM44733_P.Diosk.18.jpg,dataset/TM44733_P.Diosk.18.jpg,Omega,Ω,"[452, 2171, 50, 25]",1250,bt2,44733
train_annotations,1364224,529,TM7883_P.Sijp.45.jpg,dataset/TM7883_P.Sijp.45.jpg,Rho,Ρ,"[3598, 4829, 87, 156]",13572,bt2,7883
test_annotations,1288371,442,TM56_BGU.3.994.jpg,dataset/TM56_BGU.3.994.jpg,Sigma,Σ,"[4952, 1151, 74, 125]",9250,bt2,56
train_annotations,1357966,439,TM44733_P.Diosk.18.jpg,dataset/TM44733_P.Diosk.18.jpg,Mu,Μ,"[541, 2351, 47, 56]",2632,bt2,44733
train_annotations,1354360,432,TM1511_P.Lond.7.1948_R.jpg,dataset/TM1511_P.Lond.7.1948_R.jpg,Iota,Ι,"[778, 352, 9, 19]",171,bt2,1511
train_annotations,1320165,534,TM17894_P.Wash.Univ.2.77_frag.Wash.jpg,dataset/TM17894_P.Wash.Univ.2.77_frag.Wash.jpg,Kappa,Κ,"[192, 266, 21, 23]",483,bt2,17894
train_annotations,1383726,446,TM3740_P.Tebt.1.104.jpg,dataset/TM3740_P.Tebt.1.104.jpg,Pi,Π,"[1213, 2965, 48, 37]",1776,bt2,3740
train_annotations,1365192,541,TM44722_P.Diosk.6.jpg,dataset/TM44722_P.Diosk.6.jpg,Sigma,Σ,"[3073, 651, 42, 46]",1932,bt2,44722
train_annotations,1252806,526,TM5838_P.Eleph.3.jpg,dataset/TM5838_P.Eleph.3.jpg,Upsilon,Υ,"[653, 445, 46, 103]",4738,bt2,5838
train_annotations,1342825,644,TM5853_P.Eleph.20_V.jpg,dataset/TM5853_P.Eleph.20_V.jpg,Lambda,Λ,"[786, 1855, 145, 104]",15080,bt2,5853
train_annotations,1320807,423,TM18499_BGU.4.1055.jpg,dataset/TM18499_BGU.4.1055.jpg,Sigma,Σ,"[1036, 1777, 40, 55]",2200,bt2,18499
train_annotations,1392960,499,TM3403_UPZ.1.12.jpg,dataset/TM3403_UPZ.1.12.jpg,Epsilon,Ε,"[228, 595, 14, 18]",252,bt2,3403
train_annotations,1353298,694,TM4820_BGU.8.1738.P.Bingen.53_frag.A.jpg,dataset/TM4820_BGU.8.1738.P.Bingen.53_frag.A.jpg,Pi,Π,"[1147, 4937, 182, 92]",16744,bt2,4820
test_annotations,1392058,489,TM1579_P.Lond.7.2017.jpg,dataset/TM1579_P.Lond.7.2017.jpg,Kappa,Κ,"[467, 632, 11, 16]",176,bt2,1579
train_annotations,1320676,423,TM18499_BGU.4.1055.jpg,dataset/TM18499_BGU.4.1055.jpg,Zeta,Ζ,"[1035, 1344, 49, 52]",2548,bt2,18499
test_annotations,1392129,489,TM1579_P.Lond.7.2017.jpg,dataset/TM1579_P.Lond.7.2017.jpg,Theta,Θ,"[631, 662, 8, 15]",120,bt2,1579
train_annotations,1379837,525,TM5837_P.Eleph.2.jpg,dataset/TM5837_P.Eleph.2.jpg,Gamma,Γ,"[827, 2649, 93, 70]",6510,bt2,5837
train_annotations,1424349,540,TM44603_P.Eleph.27a.jpg,dataset/TM44603_P.Eleph.27a.jpg,Omicron,Ο,"[2466, 4065, 54, 60]",3240,bt2,44603
train_annotations,1276788,419,TM5132_SB.28.16855.jpg,dataset/TM5132_SB.28.16855.jpg,Alpha,Α,"[1579, 2843, 71, 109]",7739,bt2,5132
test_annotations,1286548,469,TM250_P.Dryton.37.jpg,dataset/TM250_P.Dryton.37.jpg,Delta,Δ,"[453, 1603, 31, 26]",806,bt2,250
train_annotations,1330204,437,TM663_P.Cair.Zen.1.59001_frag.Cairo.jpg,dataset/TM663_P.Cair.Zen.1.59001_frag.Cairo.jpg,Omicron,Ο,"[124, 594, 35, 40]",1400,bt2,663
train_annotations,1320122,534,TM17894_P.Wash.Univ.2.77_frag.Wash.jpg,dataset/TM17894_P.Wash.Univ.2.77_frag.Wash.jpg,Theta,Θ,"[406, 122, 18, 25]",450,bt2,17894
train_annotations,1251101,515,TM4900_BGU.8.1821.jpg,dataset/TM4900_BGU.8.1821.jpg,Omega,Ω,"[1198, 1463, 167, 90]",15030,bt2,4900
test_annotations,1355072,436,TM1536_P.Lond.7.1973_R.jpg,dataset/TM1536_P.Lond.7.1973_R.jpg,Iota,Ι,"[657, 399, 10, 18]",180,bt2,1536
train_annotations,1409962,555,TM3099_P.Dion.16_R.jpg,dataset/TM3099_P.Dion.16_R.jpg,Delta,Δ,"[726, 2929, 61, 44]",2684,bt2,3099
train_annotations,1261258,503,TM3433_UPZ.1.42.jpg,dataset/TM3433_UPZ.1.42.jpg,Theta,Θ,"[795, 567, 16, 26]",416,bt2,3433
train_annotations,1360824,502,TM3432_UPZ.1.41.jpg,dataset/TM3432_UPZ.1.41.jpg,Epsilon,Ε,"[302, 269, 11, 19]",209,bt2,3432
train_annotations,1363048,449,TM5579_PSI.10.1098.jpg,dataset/TM5579_PSI.10.1098.jpg,Rho,Ρ,"[1724, 1846, 41, 53]",2173,bt2,5579
test_annotations,1317257,484,TM1137_P.Cair.Zen.3.59499_R.jpg,dataset/TM1137_P.Cair.Zen.3.59499_R.jpg,Tau,Τ,"[3480, 1644, 84, 72]",6048,bt2,1137
train_annotations,1276675,419,TM5132_SB.28.16855.jpg,dataset/TM5132_SB.28.16855.jpg,Eta,Η,"[1948, 2146, 82, 90]",7380,bt2,5132
train_annotations,1287904,468,TM243_BGU.3.998.jpg,dataset/TM243_BGU.3.998.jpg,Tau,Τ,"[3872, 2014, 79, 93]",7347,bt2,243
test_annotations,1283781,532,TM8808_SB.24.16285.gif,dataset/TM8808_SB.24.16285.gif,Iota,Ι,"[348, 1643, 17, 41]",697,bt2,8808
train_annotations,1390095,423,TM18499_BGU.4.1055.jpg,dataset/TM18499_BGU.4.1055.jpg,Chi,Χ,"[836, 1959, 41, 55]",2255,bt2,18499
train_annotations,1365118,541,TM44722_P.Diosk.6.jpg,dataset/TM44722_P.Diosk.6.jpg,Tau,Τ,"[2449, 568, 39, 49]",1911,bt2,44722
train_annotations,1311894,517,TM4927_BGU.8.1848.jpg,dataset/TM4927_BGU.8.1848.jpg,Alpha,Α,"[1043, 4744, 64, 111]",7104,bt2,4927
test_annotations,1371045,557,TM3286_P.Enteux.9.jpg,dataset/TM3286_P.Enteux.9.jpg,Upsilon,Υ,"[2603, 1202, 38, 55]",2090,bt2,3286
train_annotations,1373176,728,TM131_P.Batav.6_frag.B.jpg,dataset/TM131_P.Batav.6_frag.B.jpg,Iota,Ι,"[8068, 1274, 64, 136]",8704,bt2,131
train_annotations,1394250,504,TM3444_UPZ.1.53.jpg,dataset/TM3444_UPZ.1.53.jpg,Omicron,Ο,"[429, 1256, 13, 11]",143,bt2,3444
train_annotations,1342798,644,TM5853_P.Eleph.20_V.jpg,dataset/TM5853_P.Eleph.20_V.jpg,Sigma,Σ,"[1561, 1169, 84, 113]",9492,bt2,5853
train_annotations,1374154,728,TM131_P.Batav.6_frag.B.jpg,dataset/TM131_P.Batav.6_frag.B.jpg,Rho,Ρ,"[1142, 1952, 106, 223]",23638,bt2,131
train_annotations,1306202,554,TM3098_P.Dion.15_R.jpg,dataset/TM3098_P.Dion.15_R.jpg,Phi,Φ,"[908, 1566, 39, 62]",2418,bt2,3098
train_annotations,1234654,480,TM905_P.Cair.Zen.2.59261.jpg,dataset/TM905_P.Cair.Zen.2.59261.jpg,Chi,Χ,"[992, 1271, 72, 43]",3096,bt2,905
train_annotations,1416012,534,TM17894_P.Wash.Univ.2.77_frag.Wash.jpg,dataset/TM17894_P.Wash.Univ.2.77_frag.Wash.jpg,Pi,Π,"[202, 432, 21, 19]",399,bt2,17894
train_annotations,1390109,423,TM18499_BGU.4.1055.jpg,dataset/TM18499_BGU.4.1055.jpg,Mu,Μ,"[840, 2100, 55, 43]",2365,bt2,18499
train_annotations,1340061,446,TM3740_P.Tebt.1.104.jpg,dataset/TM3740_P.Tebt.1.104.jpg,Mu,Μ,"[502, 381, 83, 60]",4980,bt2,3740
train_annotations,1279225,441,TM128_BGU.3.1000.jpg,dataset/TM128_BGU.3.1000.jpg,Rho,Ρ,"[3339, 1277, 66, 147]",9702,bt2,128
train_annotations,1318611,420,TM5853_P.Eleph.20_R.jpg,dataset/TM5853_P.Eleph.20_R.jpg,Lambda,Λ,"[1536, 4082, 137, 160]",21920,bt2,5853
train_annotations,1306065,554,TM3098_P.Dion.15_R.jpg,dataset/TM3098_P.Dion.15_R.jpg,Lambda,Λ,"[1549, 1391, 37, 38]",1406,bt2,3098
train_annotations,1329369,472,TM257_P.Dryton.19_R.jpg,dataset/TM257_P.Dryton.19_R.jpg,Epsilon,Ε,"[731, 353, 14, 30]",420,bt2,257
train_annotations,1329704,472,TM257_P.Dryton.19_R.jpg,dataset/TM257_P.Dryton.19_R.jpg,Tau,Τ,"[564, 804, 24, 24]",576,bt2,257
test_annotations,1283742,532,TM8808_SB.24.16285.gif,dataset/TM8808_SB.24.16285.gif,Gamma,Γ,"[475, 1497, 21, 27]",567,bt2,8808
train_annotations,1253459,530,TM8337_P.Mich.3.173.jpg,dataset/TM8337_P.Mich.3.173.jpg,Sigma,Σ,"[2786, 1431, 58, 81]",4698,bt2,8337
train_annotations,1392786,499,TM3403_UPZ.1.12.jpg,dataset/TM3403_UPZ.1.12.jpg,Kappa,Κ,"[241, 297, 12, 17]",204,bt2,3403
test_annotations,1389925,422,TM18497_BGU.4.1053.jpg,dataset/TM18497_BGU.4.1053.jpg,Upsilon,Υ,"[659, 3147, 37, 45]",1665,bt2,18497
train_annotations,1254487,546,TM316242_P.Tarich.2.jpg,dataset/TM316242_P.Tarich.2.jpg,Kappa,Κ,"[1986, 2233, 107, 137]",14659,bt2,316242
train_annotations,1322989,525,TM5837_P.Eleph.2.jpg,dataset/TM5837_P.Eleph.2.jpg,Rho,Ρ,"[2389, 1381, 37, 96]",3552,bt2,5837
train_annotations,1323961,538,TM18592_BGU.4.1146.jpg,dataset/TM18592_BGU.4.1146.jpg,Sigma,Σ,"[2873, 917, 40, 79]",3160,bt2,18592
train_annotations,1373707,443,TM131_P.Batav.6_frag.A.jpg,dataset/TM131_P.Batav.6_frag.A.jpg,Eta,Η,"[1823, 860, 66, 138]",9108,bt2,131
train_annotations,1414862,524,TM5836_P.Eleph.1.jpg,dataset/TM5836_P.Eleph.1.jpg,Upsilon,Υ,"[2073, 3946, 70, 98]",6860,bt2,5836
train_annotations,1253970,538,TM18592_BGU.4.1146.jpg,dataset/TM18592_BGU.4.1146.jpg,Epsilon,Ε,"[1929, 552, 49, 89]",4361,bt2,18592
train_annotations,1410044,555,TM3099_P.Dion.16_R.jpg,dataset/TM3099_P.Dion.16_R.jpg,Lambda,Λ,"[1992, 2978, 33, 36]",1188,bt2,3099
train_annotations,1410332,555,TM3099_P.Dion.16_R.jpg,dataset/TM3099_P.Dion.16_R.jpg,Lambda,Λ,"[791, 3589, 32, 42]",1344,bt2,3099
test_annotations,1294075,448,TM127_BGU.3.999.jpg,dataset/TM127_BGU.3.999.jpg,Upsilon,Υ,"[8687, 1246, 73, 69]",5037,bt2,127
train_annotations,1378781,503,TM3433_UPZ.1.42.jpg,dataset/TM3433_UPZ.1.42.jpg,Nu,Ν,"[1046, 147, 23, 25]",575,bt2,3433
train_annotations,1383056,446,TM3740_P.Tebt.1.104.jpg,dataset/TM3740_P.Tebt.1.104.jpg,Epsilon,Ε,"[1669, 2493, 42, 61]",2562,bt2,3740
train_annotations,1393461,504,TM3444_UPZ.1.53.jpg,dataset/TM3444_UPZ.1.53.jpg,Pi,Π,"[696, 279, 17, 20]",340,bt2,3444
train_annotations,1380766,500,TM3409_UPZ.1.18.jpg,dataset/TM3409_UPZ.1.18.jpg,Lambda,Λ,"[499, 342, 21, 22]",462,bt2,3409
train_annotations,1370078,709,TM253_P.Dryton.33_frag.London.jpg,dataset/TM253_P.Dryton.33_frag.London.jpg,Theta,Θ,"[735, 262, 16, 18]",288,bt2,253
test_annotations,1392363,489,TM1579_P.Lond.7.2017.jpg,dataset/TM1579_P.Lond.7.2017.jpg,Alpha,Α,"[310, 760, 14, 14]",196,bt2,1579
train_annotations,1150575,465,TM60_P.Grenf.2.17.jpg,dataset/TM60_P.Grenf.2.17.jpg,Theta,Θ,"[501, 169, 22, 29]",638,bt2,60
train_annotations,1312007,517,TM4927_BGU.8.1848.jpg,dataset/TM4927_BGU.8.1848.jpg,Epsilon,Ε,"[2189, 5534, 76, 136]",10336,bt2,4927
train_annotations,1312962,542,TM69805_BGU.18.2731.jpg,dataset/TM69805_BGU.18.2731.jpg,Omicron,Ο,"[1466, 2565, 79, 81]",6399,bt2,69805
train_annotations,1388585,541,TM44722_P.Diosk.6.jpg,dataset/TM44722_P.Diosk.6.jpg,Chi,Χ,"[2044, 2196, 36, 45]",1620,bt2,44722
train_annotations,1255080,467,TM215_P.Dryton.25_R.jpg,dataset/TM215_P.Dryton.25_R.jpg,Pi,Π,"[551, 1208, 30, 23]",690,bt2,215
train_annotations,1290516,470,TM253_P.Dryton.33_frag.Heid.jpg,dataset/TM253_P.Dryton.33_frag.Heid.jpg,Omega,Ω,"[852, 1063, 49, 33]",1617,bt2,253
train_annotations,1394997,424,TM18503_BGU.4.1058.jpg,dataset/TM18503_BGU.4.1058.jpg,Epsilon,Ε,"[1420, 4468, 83, 112]",9296,bt2,18503
train_annotations,1291980,536,TM18560_BGU.4.1118.jpg,dataset/TM18560_BGU.4.1118.jpg,Upsilon,Υ,"[1566, 1432, 42, 48]",2016,bt2,18560
train_annotations,1277596,510,TM3686_P.Tebt.1.50.jpg,dataset/TM3686_P.Tebt.1.50.jpg,Beta,Β,"[1230, 2210, 38, 56]",2128,bt2,3686
train_annotations,1385051,492,TM2133_PSI.5.510.jpg,dataset/TM2133_PSI.5.510.jpg,Theta,Θ,"[1490, 1282, 31, 45]",1395,bt2,2133
train_annotations,1353321,694,TM4820_BGU.8.1738.P.Bingen.53_frag.A.jpg,dataset/TM4820_BGU.8.1738.P.Bingen.53_frag.A.jpg,Eta,Η,"[2851, 4947, 99, 93]",9207,bt2,4820
train_annotations,1234989,492,TM2133_PSI.5.510.jpg,dataset/TM2133_PSI.5.510.jpg,Tau,Τ,"[296, 338, 75, 64]",4800,bt2,2133
train_annotations,1362938,449,TM5579_PSI.10.1098.jpg,dataset/TM5579_PSI.10.1098.jpg,Epsilon,Ε,"[1495, 1731, 40, 62]",2480,bt2,5579
train_annotations,1287741,468,TM243_BGU.3.998.jpg,dataset/TM243_BGU.3.998.jpg,Eta,Η,"[654, 1685, 82, 121]",9922,bt2,243
test_annotations,1307404,509,TM3682_P.Tebt.1.46.jpg,dataset/TM3682_P.Tebt.1.46.jpg,Tau,Τ,"[1366, 2970, 48, 64]",3072,bt2,3682
test_annotations,1391468,489,TM1579_P.Lond.7.2017.jpg,dataset/TM1579_P.Lond.7.2017.jpg,Lambda,Λ,"[495, 374, 12, 13]",156,bt2,1579
train_annotations,1144987,437,TM663_P.Cair.Zen.1.59001_frag.Cairo.jpg,dataset/TM663_P.Cair.Zen.1.59001_frag.Cairo.jpg,Nu,Ν,"[1914, 617, 58, 47]",2726,bt2,663
test_annotations,1288731,442,TM56_BGU.3.994.jpg,dataset/TM56_BGU.3.994.jpg,Upsilon,Υ,"[5611, 2072, 128, 123]",15744,bt2,56
train_annotations,1303222,493,TM2379_P.Lond.7.1935.jpg,dataset/TM2379_P.Lond.7.1935.jpg,Pi,Π,"[445, 421, 28, 23]",644,bt2,2379
train_annotations,1354735,431,TM1509_P.Lond.7.1944_R.jpg,dataset/TM1509_P.Lond.7.1944_R.jpg,Delta,Δ,"[606, 346, 16, 17]",272,bt2,1509
train_annotations,1146575,418,TM4912_BGU.8.1833.jpg,dataset/TM4912_BGU.8.1833.jpg,Beta,Β,"[1931, 1674, 78, 122]",9516,bt2,4912
train_annotations,1396687,524,TM5836_P.Eleph.1.jpg,dataset/TM5836_P.Eleph.1.jpg,Pi,Π,"[1654, 1973, 77, 91]",7007,bt2,5836
train_annotations,1364836,541,TM44722_P.Diosk.6.jpg,dataset/TM44722_P.Diosk.6.jpg,Nu,Ν,"[1880, 459, 45, 45]",2025,bt2,44722
train_annotations,1367573,708,TM663_P.Cair.Zen.1.59001_frag.Florence.jpg,dataset/TM663_P.Cair.Zen.1.59001_frag.Florence.jpg,Mu,Μ,"[382, 124, 41, 23]",943,bt2,663
train_annotations,1318421,526,TM5838_P.Eleph.3.jpg,dataset/TM5838_P.Eleph.3.jpg,Epsilon,Ε,"[3114, 1084, 62, 69]",4278,bt2,5838
train_annotations,1290940,449,TM5579_PSI.10.1098.jpg,dataset/TM5579_PSI.10.1098.jpg,Phi,Φ,"[1976, 634, 21, 62]",1302,bt2,5579
train_annotations,1279888,550,TM977098_P.Koeln.Sarapion.1.jpg,dataset/TM977098_P.Koeln.Sarapion.1.jpg,Nu,Ν,"[2000, 2203, 150, 131]",19650,bt2,977098
train_annotations,184172,715,TM665_P.Cair.Zen.1.59003.jpg,dataset/TM665_P.Cair.Zen.1.59003.jpg,Tau,Τ,"[196, 1973, 60, 77]",4620,bt2,665
train_annotations,1405561,525,TM5837_P.Eleph.2.jpg,dataset/TM5837_P.Eleph.2.jpg,Nu,Ν,"[610, 4754, 67, 127]",8509,bt2,5837
train_annotations,1311663,517,TM4927_BGU.8.1848.jpg,dataset/TM4927_BGU.8.1848.jpg,Epsilon,Ε,"[1694, 2550, 72, 119]",8568,bt2,4927
train_annotations,1390491,423,TM18499_BGU.4.1055.jpg,dataset/TM18499_BGU.4.1055.jpg,Sigma,Σ,"[1063, 3019, 33, 52]",1716,bt2,18499
train_annotations,1278065,510,TM3686_P.Tebt.1.50.jpg,dataset/TM3686_P.Tebt.1.50.jpg,Omicron,Ο,"[1589, 3292, 33, 38]",1254,bt2,3686
train_annotations,1307935,516,TM4907_BGU.8.1828.jpg,dataset/TM4907_BGU.8.1828.jpg,Rho,Ρ,"[860, 2859, 58, 159]",9222,bt2,4907
train_annotations,1343569,533,TM11316_P.Grenf.1.46.jpg,dataset/TM11316_P.Grenf.1.46.jpg,Chi,Χ,"[632, 985, 37, 31]",1147,bt2,11316
train_annotations,1305110,553,TM3097_P.Dion.14_R.jpg,dataset/TM3097_P.Dion.14_R.jpg,Lambda,Λ,"[1959, 1408, 35, 35]",1225,bt2,3097
train_annotations,1324987,543,TM78357_P.Heid.7.394.jpg,dataset/TM78357_P.Heid.7.394.jpg,Rho,Ρ,"[502, 355, 52, 75]",3900,bt2,78357
train_annotations,1253427,530,TM8337_P.Mich.3.173.jpg,dataset/TM8337_P.Mich.3.173.jpg,Epsilon,Ε,"[1589, 1325, 86, 89]",7654,bt2,8337
train_annotations,1285384,443,TM131_P.Batav.6_frag.A.jpg,dataset/TM131_P.Batav.6_frag.A.jpg,Omicron,Ο,"[6552, 1484, 77, 96]",7392,bt2,131
train_annotations,1358064,439,TM44733_P.Diosk.18.jpg,dataset/TM44733_P.Diosk.18.jpg,Rho,Ρ,"[1143, 2451, 20, 60]",1200,bt2,44733
train_annotations,1306494,554,TM3098_P.Dion.15_R.jpg,dataset/TM3098_P.Dion.15_R.jpg,Delta,Δ,"[1006, 2119, 54, 39]",2106,bt2,3098
test_annotations,1376800,484,TM1137_P.Cair.Zen.3.59499_R.jpg,dataset/TM1137_P.Cair.Zen.3.59499_R.jpg,Kappa,Κ,"[1640, 470, 78, 91]",7098,bt2,1137
train_annotations,1281632,545,TM121853_P.Sorb.3.71.jpg,dataset/TM121853_P.Sorb.3.71.jpg,Omicron,Ο,"[1664, 341, 30, 38]",1140,bt2,121853
train_annotations,1396992,524,TM5836_P.Eleph.1.jpg,dataset/TM5836_P.Eleph.1.jpg,Alpha,Α,"[3358, 2416, 60, 87]",5220,bt2,5836
train_annotations,1303734,551,TM3093_P.Dion.10.jpg,dataset/TM3093_P.Dion.10.jpg,Gamma,Γ,"[2079, 1646, 30, 49]",1470,bt2,3093
train_annotations,1379640,525,TM5837_P.Eleph.2.jpg,dataset/TM5837_P.Eleph.2.jpg,Upsilon,Υ,"[1219, 2227, 50, 87]",4350,bt2,5837
train_annotations,1323714,537,TM18570_BGU.4.1127.jpg,dataset/TM18570_BGU.4.1127.jpg,Epsilon,Ε,"[882, 1974, 27, 38]",1026,bt2,18570
train_annotations,1311918,517,TM4927_BGU.8.1848.jpg,dataset/TM4927_BGU.8.1848.jpg,Nu,Ν,"[677, 4939, 90, 94]",8460,bt2,4927
train_annotations,1381386,500,TM3409_UPZ.1.18.jpg,dataset/TM3409_UPZ.1.18.jpg,Epsilon,Ε,"[751, 947, 17, 22]",374,bt2,3409
train_annotations,1252565,523,TM5699_SB.5.7609.jpg,dataset/TM5699_SB.5.7609.jpg,Gamma,Γ,"[762, 2567, 113, 138]",15594,bt2,5699
train_annotations,1353094,694,TM4820_BGU.8.1738.P.Bingen.53_frag.A.jpg,dataset/TM4820_BGU.8.1738.P.Bingen.53_frag.A.jpg,Eta,Η,"[1433, 3952, 106, 115]",12190,bt2,4820
train_annotations,1296904,476,TM290_P.Dryton.36_R.jpg,dataset/TM290_P.Dryton.36_R.jpg,Tau,Τ,"[665, 436, 21, 20]",420,bt2,290
test_annotations,1382061,501,TM3415_UPZ.1.24.jpg,dataset/TM3415_UPZ.1.24.jpg,Nu,Ν,"[730, 939, 17, 21]",357,bt2,3415
train_annotations,1282706,545,TM121853_P.Sorb.3.71.jpg,dataset/TM121853_P.Sorb.3.71.jpg,Kappa,Κ,"[983, 1435, 42, 69]",2898,bt2,121853
train_annotations,1307029,554,TM3098_P.Dion.15_R.jpg,dataset/TM3098_P.Dion.15_R.jpg,Beta,Β,"[1008, 2917, 46, 61]",2806,bt2,3098
train_annotations,1365137,541,TM44722_P.Diosk.6.jpg,dataset/TM44722_P.Diosk.6.jpg,Eta,Η,"[3185, 505, 46, 43]",1978,bt2,44722
train_annotations,1308017,516,TM4907_BGU.8.1828.jpg,dataset/TM4907_BGU.8.1828.jpg,Theta,Θ,"[1577, 3572, 95, 119]",11305,bt2,4907
train_annotations,1294942,466,TM144_BGU.3.992.jpg,dataset/TM144_BGU.3.992.jpg,Gamma,Γ,"[9179, 625, 82, 64]",5248,bt2,144
train_annotations,1287859,468,TM243_BGU.3.998.jpg,dataset/TM243_BGU.3.998.jpg,Upsilon,Υ,"[485, 2018, 79, 83]",6557,bt2,243
train_annotations,1322580,525,TM5837_P.Eleph.2.jpg,dataset/TM5837_P.Eleph.2.jpg,Upsilon,Υ,"[4245, 407, 63, 78]",4914,bt2,5837
train_annotations,1329466,472,TM257_P.Dryton.19_R.jpg,dataset/TM257_P.Dryton.19_R.jpg,Delta,Δ,"[388, 530, 22, 19]",418,bt2,257
test_annotations,1281297,556,TM3283_P.Enteux.6.jpg,dataset/TM3283_P.Enteux.6.jpg,Upsilon,Υ,"[998, 814, 55, 65]",3575,bt2,3283
train_annotations,1262955,547,TM316244_P.Tarich.4a.jpg,dataset/TM316244_P.Tarich.4a.jpg,Epsilon,Ε,"[1665, 6274, 82, 110]",9020,bt2,316244
train_annotations,1323875,538,TM18592_BGU.4.1146.jpg,dataset/TM18592_BGU.4.1146.jpg,Tau,Τ,"[634, 779, 67, 79]",5293,bt2,18592
train_annotations,1277441,510,TM3686_P.Tebt.1.50.jpg,dataset/TM3686_P.Tebt.1.50.jpg,Nu,Ν,"[1600, 1931, 48, 46]",2208,bt2,3686
train_annotations,1380455,558,TM3289_P.Enteux.12.jpg,dataset/TM3289_P.Enteux.12.jpg,Iota,Ι,"[4064, 638, 22, 48]",1056,bt2,3289
train_annotations,1364286,529,TM7883_P.Sijp.45.jpg,dataset/TM7883_P.Sijp.45.jpg,Omega,Ω,"[4127, 397, 106, 89]",9434,bt2,7883
train_annotations,1317772,430,TM1803_P.Col.4.90_upper.jpg,dataset/TM1803_P.Col.4.90_upper.jpg,Delta,Δ,"[2521, 865, 44, 38]",1672,bt2,1803
train_annotations,1253794,536,TM18560_BGU.4.1118.jpg,dataset/TM18560_BGU.4.1118.jpg,Rho,Ρ,"[842, 893, 47, 67]",3149,bt2,18560
train_annotations,1283208,546,TM316242_P.Tarich.2.jpg,dataset/TM316242_P.Tarich.2.jpg,Chi,Χ,"[1969, 754, 114, 143]",16302,bt2,316242
test_annotations,1392156,489,TM1579_P.Lond.7.2017.jpg,dataset/TM1579_P.Lond.7.2017.jpg,Theta,Θ,"[195, 683, 10, 15]",150,bt2,1579
train_annotations,1329434,472,TM257_P.Dryton.19_R.jpg,dataset/TM257_P.Dryton.19_R.jpg,Phi,Φ,"[249, 495, 20, 33]",660,bt2,257
train_annotations,1416993,538,TM18592_BGU.4.1146.jpg,dataset/TM18592_BGU.4.1146.jpg,Phi,Φ,"[2362, 2706, 69, 161]",11109,bt2,18592
train_annotations,1253906,538,TM18592_BGU.4.1146.jpg,dataset/TM18592_BGU.4.1146.jpg,Omega,Ω,"[858, 379, 105, 88]",9240,bt2,18592
test_annotations,1354967,436,TM1536_P.Lond.7.1973_R.jpg,dataset/TM1536_P.Lond.7.1973_R.jpg,Lambda,Λ,"[768, 267, 17, 17]",289,bt2,1536
train_annotations,1276975,419,TM5132_SB.28.16855.jpg,dataset/TM5132_SB.28.16855.jpg,Gamma,Γ,"[1925, 4425, 80, 95]",7600,bt2,5132
train_annotations,183644,715,TM665_P.Cair.Zen.1.59003.jpg,dataset/TM665_P.Cair.Zen.1.59003.jpg,Upsilon,Υ,"[229, 2413, 63, 52]",3276,bt2,665
train_annotations,1416899,538,TM18592_BGU.4.1146.jpg,dataset/TM18592_BGU.4.1146.jpg,Nu,Ν,"[2290, 2458, 65, 119]",7735,bt2,18592
train_annotations,1301114,434,TM1526_P.Lond.7.1963.jpg,dataset/TM1526_P.Lond.7.1963.jpg,Alpha,Α,"[358, 783, 25, 26]",650,bt2,1526
train_annotations,1291100,449,TM5579_PSI.10.1098.jpg,dataset/TM5579_PSI.10.1098.jpg,Tau,Τ,"[352, 929, 32, 43]",1376,bt2,5579
train_annotations,1275904,508,TM3681_P.Tebt.1.45.jpg,dataset/TM3681_P.Tebt.1.45.jpg,Nu,Ν,"[1648, 2453, 34, 55]",1870,bt2,3681
train_annotations,1281769,524,TM5836_P.Eleph.1.jpg,dataset/TM5836_P.Eleph.1.jpg,Tau,Τ,"[2624, 625, 49, 120]",5880,bt2,5836
train_annotations,1287790,468,TM243_BGU.3.998.jpg,dataset/TM243_BGU.3.998.jpg,Sigma,Σ,"[4016, 1683, 55, 73]",4015,bt2,243
train_annotations,1394193,504,TM3444_UPZ.1.53.jpg,dataset/TM3444_UPZ.1.53.jpg,Beta,Β,"[392, 1168, 17, 31]",527,bt2,3444
train_annotations,1312816,547,TM316244_P.Tarich.4a.jpg,dataset/TM316244_P.Tarich.4a.jpg,Chi,Χ,"[1293, 7317, 97, 85]",8245,bt2,316244
train_annotations,1252505,523,TM5699_SB.5.7609.jpg,dataset/TM5699_SB.5.7609.jpg,Phi,Φ,"[546, 1627, 135, 273]",36855,bt2,5699
train_annotations,1409768,473,TM262_P.Grenf.1.38.jpg,dataset/TM262_P.Grenf.1.38.jpg,Epsilon,Ε,"[496, 854, 18, 25]",450,bt2,262
train_annotations,1291390,456,TM78025_P.Bingen.45.jpg,dataset/TM78025_P.Bingen.45.jpg,Epsilon,Ε,"[1131, 2851, 61, 115]",7015,bt2,78025
train_annotations,1417075,538,TM18592_BGU.4.1146.jpg,dataset/TM18592_BGU.4.1146.jpg,Kappa,Κ,"[2367, 2995, 79, 87]",6873,bt2,18592
train_annotations,1363153,449,TM5579_PSI.10.1098.jpg,dataset/TM5579_PSI.10.1098.jpg,Nu,Ν,"[1897, 1942, 60, 56]",3360,bt2,5579
train_annotations,1302998,492,TM2133_PSI.5.510.jpg,dataset/TM2133_PSI.5.510.jpg,Zeta,Ζ,"[619, 220, 55, 76]",4180,bt2,2133
train_annotations,1361307,502,TM3432_UPZ.1.41.jpg,dataset/TM3432_UPZ.1.41.jpg,Epsilon,Ε,"[785, 557, 18, 17]",306,bt2,3432
train_annotations,1318200,526,TM5838_P.Eleph.3.jpg,dataset/TM5838_P.Eleph.3.jpg,Kappa,Κ,"[3483, 726, 55, 111]",6105,bt2,5838
train_annotations,1358819,456,TM78025_P.Bingen.45.jpg,dataset/TM78025_P.Bingen.45.jpg,Delta,Δ,"[2318, 993, 88, 103]",9064,bt2,78025
train_annotations,1305046,553,TM3097_P.Dion.14_R.jpg,dataset/TM3097_P.Dion.14_R.jpg,Epsilon,Ε,"[1411, 1338, 41, 51]",2091,bt2,3097
train_annotations,1295088,466,TM144_BGU.3.992.jpg,dataset/TM144_BGU.3.992.jpg,Tau,Τ,"[10454, 1423, 102, 88]",8976,bt2,144
test_annotations,1292610,442,TM56_BGU.3.994.jpg,dataset/TM56_BGU.3.994.jpg,Rho,Ρ,"[1221, 671, 92, 164]",15088,bt2,56
train_annotations,1359156,471,TM254_P.Dryton.16_R.jpg,dataset/TM254_P.Dryton.16_R.jpg,Epsilon,Ε,"[524, 776, 24, 22]",528,bt2,254
train_annotations,1360728,497,TM2821_P.Hib.1.92.jpg,dataset/TM2821_P.Hib.1.92.jpg,Alpha,Α,"[727, 660, 26, 22]",572,bt2,2821
train_annotations,1275607,508,TM3681_P.Tebt.1.45.jpg,dataset/TM3681_P.Tebt.1.45.jpg,Upsilon,Υ,"[1377, 1212, 39, 44]",1716,bt2,3681
train_annotations,1304703,552,TM3094_P.Dion.11.jpg,dataset/TM3094_P.Dion.11.jpg,Epsilon,Ε,"[1419, 2481, 30, 44]",1320,bt2,3094
train_annotations,1382908,446,TM3740_P.Tebt.1.104.jpg,dataset/TM3740_P.Tebt.1.104.jpg,Alpha,Α,"[2559, 2259, 39, 49]",1911,bt2,3740
train_annotations,1251335,517,TM4927_BGU.8.1848.jpg,dataset/TM4927_BGU.8.1848.jpg,Kappa,Κ,"[652, 1332, 79, 120]",9480,bt2,4927
train_annotations,1147569,452,TM9228_BGU.2.543.jpg,dataset/TM9228_BGU.2.543.jpg,Kappa,Κ,"[737, 2324, 59, 103]",6077,bt2,9228
train_annotations,1291165,449,TM5579_PSI.10.1098.jpg,dataset/TM5579_PSI.10.1098.jpg,Beta,Β,"[1150, 944, 43, 51]",2193,bt2,5579
train_annotations,1321520,496,TM2818_P.Hib.1.85.jpg,dataset/TM2818_P.Hib.1.85.jpg,Iota,Ι,"[598, 1333, 12, 24]",288,bt2,2818
train_annotations,1322175,505,TM3563_P.Tor.Choach.12.01.jpg,dataset/TM3563_P.Tor.Choach.12.01.jpg,Tau,Τ,"[1448, 2916, 66, 83]",5478,bt2,3563
train_annotations,1384225,720,TM257_P.Dryton.19_V.jpg,dataset/TM257_P.Dryton.19_V.jpg,Chi,Χ,"[566, 906, 27, 29]",783,bt2,257
train_annotations,1297437,554,TM3098_P.Dion.15_R.jpg,dataset/TM3098_P.Dion.15_R.jpg,Phi,Φ,"[2154, 1254, 48, 95]",4560,bt2,3098
train_annotations,1387491,454,TM58204_P.Dime.3.2_GreekOnly.jpg,dataset/TM58204_P.Dime.3.2_GreekOnly.jpg,Pi,Π,"[5156, 450, 79, 86]",6794,bt2,58204
train_annotations,1307611,457,TM4844_BGU.20.2847.jpg,dataset/TM4844_BGU.20.2847.jpg,Epsilon,Ε,"[1903, 2458, 90, 128]",11520,bt2,4844
train_annotations,1301309,434,TM1526_P.Lond.7.1963.jpg,dataset/TM1526_P.Lond.7.1963.jpg,Upsilon,Υ,"[531, 1678, 30, 39]",1170,bt2,1526
train_annotations,1394137,504,TM3444_UPZ.1.53.jpg,dataset/TM3444_UPZ.1.53.jpg,Gamma,Γ,"[547, 1118, 24, 26]",624,bt2,3444
train_annotations,1321181,425,TM18552_BGU.4.1111.jpg,dataset/TM18552_BGU.4.1111.jpg,Phi,Φ,"[1238, 1732, 89, 187]",16643,bt2,18552
test_annotations,1276484,509,TM3682_P.Tebt.1.46.jpg,dataset/TM3682_P.Tebt.1.46.jpg,Theta,Θ,"[1598, 2466, 34, 44]",1496,bt2,3682
train_annotations,1360960,502,TM3432_UPZ.1.41.jpg,dataset/TM3432_UPZ.1.41.jpg,Alpha,Α,"[279, 350, 17, 16]",272,bt2,3432
train_annotations,1260676,503,TM3433_UPZ.1.42.jpg,dataset/TM3433_UPZ.1.42.jpg,Eta,Η,"[145, 213, 21, 24]",504,bt2,3433
train_annotations,1284751,440,TM242_BGU.3.997.jpg,dataset/TM242_BGU.3.997.jpg,Omicron,Ο,"[5194, 2473, 66, 91]",6006,bt2,242
test_annotations,1149625,422,TM18497_BGU.4.1053.jpg,dataset/TM18497_BGU.4.1053.jpg,Mu,Μ,"[1558, 992, 52, 43]",2236,bt2,18497
test_annotations,1377366,485,TM1137_P.Cair.Zen.3.59499_V.jpg,dataset/TM1137_P.Cair.Zen.3.59499_V.jpg,Chi,Χ,"[1384, 462, 52, 71]",3692,bt2,1137
train_annotations,1343256,529,TM7883_P.Sijp.45.jpg,dataset/TM7883_P.Sijp.45.jpg,Iota,Ι,"[5306, 1381, 59, 124]",7316,bt2,7883
train_annotations,1383878,451,TM14532_SB.14.11933.jpg,dataset/TM14532_SB.14.11933.jpg,Rho,Ρ,"[722, 93, 24, 47]",1128,bt2,14532
train_annotations,1410421,555,TM3099_P.Dion.16_R.jpg,dataset/TM3099_P.Dion.16_R.jpg,Mu,Μ,"[2155, 1223, 34, 40]",1360,bt2,3099
test_annotations,1254732,442,TM56_BGU.3.994.jpg,dataset/TM56_BGU.3.994.jpg,Rho,Ρ,"[2573, 731, 60, 139]",8340,bt2,56
test_annotations,1355674,453,TM13542_P.Tebt.2.386_GreekOnly.jpg,dataset/TM13542_P.Tebt.2.386_GreekOnly.jpg,Alpha,Α,"[1364, 971, 47, 60]",2820,bt2,13542
train_annotations,1405750,525,TM5837_P.Eleph.2.jpg,dataset/TM5837_P.Eleph.2.jpg,Mu,Μ,"[2676, 5035, 103, 95]",9785,bt2,5837
train_annotations,1250315,506,TM3593_P.Tor.Choach.4.jpg,dataset/TM3593_P.Tor.Choach.4.jpg,Mu,Μ,"[3005, 1398, 82, 76]",6232,bt2,3593
train_annotations,1306530,554,TM3098_P.Dion.15_R.jpg,dataset/TM3098_P.Dion.15_R.jpg,Delta,Δ,"[545, 2192, 64, 45]",2880,bt2,3098
train_annotations,1252516,523,TM5699_SB.5.7609.jpg,dataset/TM5699_SB.5.7609.jpg,Omicron,Ο,"[1647, 1654, 75, 108]",8100,bt2,5699
train_annotations,1318797,531,TM8771_P.Mich.18.777.jpg,dataset/TM8771_P.Mich.18.777.jpg,Eta,Η,"[888, 436, 53, 37]",1961,bt2,8771
train_annotations,1149905,427,TM44623_P.Polit.Iud.7_R.jpg,dataset/TM44623_P.Polit.Iud.7_R.jpg,Phi,Φ,"[203, 285, 27, 69]",1863,bt2,44623
train_annotations,1405459,525,TM5837_P.Eleph.2.jpg,dataset/TM5837_P.Eleph.2.jpg,Nu,Ν,"[3907, 4539, 71, 114]",8094,bt2,5837
train_annotations,1314511,541,TM44722_P.Diosk.6.jpg,dataset/TM44722_P.Diosk.6.jpg,Nu,Ν,"[600, 1178, 48, 34]",1632,bt2,44722
train_annotations,1282386,539,TM41479_SB.24.16163_GreekOnly.jpg,dataset/TM41479_SB.24.16163_GreekOnly.jpg,Chi,Χ,"[7655, 347, 178, 192]",34176,bt2,41479
train_annotations,1405073,525,TM5837_P.Eleph.2.jpg,dataset/TM5837_P.Eleph.2.jpg,Epsilon,Ε,"[3896, 3984, 46, 61]",2806,bt2,5837
train_annotations,1355963,424,TM18503_BGU.4.1058.jpg,dataset/TM18503_BGU.4.1058.jpg,Theta,Θ,"[2941, 7454, 97, 124]",12028,bt2,18503
train_annotations,1146460,417,TM4911_BGU.8.1832.jpg,dataset/TM4911_BGU.8.1832.jpg,Epsilon,Ε,"[2291, 2095, 87, 104]",9048,bt2,4911
train_annotations,1324578,427,TM44623_P.Polit.Iud.7_R.jpg,dataset/TM44623_P.Polit.Iud.7_R.jpg,Alpha,Α,"[362, 1320, 21, 33]",693,bt2,44623
train_annotations,1373048,728,TM131_P.Batav.6_frag.B.jpg,dataset/TM131_P.Batav.6_frag.B.jpg,Sigma,Σ,"[8114, 592, 114, 116]",13224,bt2,131
train_annotations,1343165,643,TM7411_W.Chr.449.jpg,dataset/TM7411_W.Chr.449.jpg,Rho,Ρ,"[608, 263, 11, 21]",231,bt2,7411
train_annotations,1346521,685,TM1803_P.Col.4.90_lower.jpg,dataset/TM1803_P.Col.4.90_lower.jpg,Psi,Ψ,"[2561, 1575, 49, 88]",4312,bt2,1803
train_annotations,1157757,471,TM254_P.Dryton.16_R.jpg,dataset/TM254_P.Dryton.16_R.jpg,Mu,Μ,"[711, 422, 15, 20]",300,bt2,254
train_annotations,1304963,552,TM3094_P.Dion.11.jpg,dataset/TM3094_P.Dion.11.jpg,Lambda,Λ,"[1057, 2994, 45, 49]",2205,bt2,3094
test_annotations,1320438,422,TM18497_BGU.4.1053.jpg,dataset/TM18497_BGU.4.1053.jpg,Tau,Τ,"[1739, 1861, 40, 50]",2000,bt2,18497
train_annotations,1383133,446,TM3740_P.Tebt.1.104.jpg,dataset/TM3740_P.Tebt.1.104.jpg,Omega,Ω,"[965, 2680, 66, 50]",3300,bt2,3740
train_annotations,1391089,433,TM1516_P.Lond.7.1953_R.jpg,dataset/TM1516_P.Lond.7.1953_R.jpg,Mu,Μ,"[485, 1614, 42, 33]",1386,bt2,1516
train_annotations,1417111,538,TM18592_BGU.4.1146.jpg,dataset/TM18592_BGU.4.1146.jpg,Xi,Ξ,"[2226, 3136, 58, 94]",5452,bt2,18592
test_annotations,1392217,489,TM1579_P.Lond.7.2017.jpg,dataset/TM1579_P.Lond.7.2017.jpg,Kappa,Κ,"[855, 689, 13, 18]",234,bt2,1579
train_annotations,1410215,555,TM3099_P.Dion.16_R.jpg,dataset/TM3099_P.Dion.16_R.jpg,Mu,Μ,"[1499, 3251, 41, 39]",1599,bt2,3099
train_annotations,1381014,500,TM3409_UPZ.1.18.jpg,dataset/TM3409_UPZ.1.18.jpg,Beta,Β,"[375, 569, 24, 25]",600,bt2,3409
train_annotations,1388535,541,TM44722_P.Diosk.6.jpg,dataset/TM44722_P.Diosk.6.jpg,Epsilon,Ε,"[1349, 2146, 29, 49]",1421,bt2,44722
train_annotations,1341635,449,TM5579_PSI.10.1098.jpg,dataset/TM5579_PSI.10.1098.jpg,Nu,Ν,"[1800, 172, 63, 46]",2898,bt2,5579
train_annotations,1331655,553,TM3097_P.Dion.14_R.jpg,dataset/TM3097_P.Dion.14_R.jpg,Phi,Φ,"[1533, 3454, 41, 96]",3936,bt2,3097
train_annotations,1316271,530,TM8337_P.Mich.3.173.jpg,dataset/TM8337_P.Mich.3.173.jpg,Eta,Η,"[1640, 4335, 120, 94]",11280,bt2,8337
train_annotations,1387547,454,TM58204_P.Dime.3.2_GreekOnly.jpg,dataset/TM58204_P.Dime.3.2_GreekOnly.jpg,Pi,Π,"[10425, 513, 95, 91]",8645,bt2,58204
train_annotations,1353398,694,TM4820_BGU.8.1738.P.Bingen.53_frag.A.jpg,dataset/TM4820_BGU.8.1738.P.Bingen.53_frag.A.jpg,Omicron,Ο,"[3036, 5261, 82, 80]",6560,bt2,4820
train_annotations,1256258,490,TM1945_P.Mich.1.45.jpg,dataset/TM1945_P.Mich.1.45.jpg,Epsilon,Ε,"[1195, 3648, 78, 87]",6786,bt2,1945
train_annotations,1396756,524,TM5836_P.Eleph.1.jpg,dataset/TM5836_P.Eleph.1.jpg,Rho,Ρ,"[534, 2090, 30, 84]",2520,bt2,5836
train_annotations,1380467,558,TM3289_P.Enteux.12.jpg,dataset/TM3289_P.Enteux.12.jpg,Epsilon,Ε,"[904, 794, 40, 64]",2560,bt2,3289
train_annotations,1287855,468,TM243_BGU.3.998.jpg,dataset/TM243_BGU.3.998.jpg,Rho,Ρ,"[241, 2034, 69, 114]",7866,bt2,243
test_annotations,1301622,486,TM1539_P.Lond.7.1976.jpg,dataset/TM1539_P.Lond.7.1976.jpg,Omega,Ω,"[780, 494, 34, 26]",884,bt2,1539
train_annotations,1278173,510,TM3686_P.Tebt.1.50.jpg,dataset/TM3686_P.Tebt.1.50.jpg,Beta,Β,"[1145, 821, 40, 59]",2360,bt2,3686
test_annotations,1364457,532,TM8808_SB.24.16285.gif,dataset/TM8808_SB.24.16285.gif,Mu,Μ,"[456, 1011, 37, 33]",1221,bt2,8808
train_annotations,1397016,524,TM5836_P.Eleph.1.jpg,dataset/TM5836_P.Eleph.1.jpg,Alpha,Α,"[4511, 2439, 51, 88]",4488,bt2,5836
train_annotations,1289612,447,TM5697_SB.5.7532.jpg,dataset/TM5697_SB.5.7532.jpg,Omicron,Ο,"[1713, 1872, 63, 63]",3969,bt2,5697
train_annotations,1280294,478,TM818_P.Cair.Zen.2.59172.jpg,dataset/TM818_P.Cair.Zen.2.59172.jpg,Lambda,Λ,"[560, 2960, 76, 58]",4408,bt2,818
train_annotations,1324381,426,TM44617_P.Polit.Iud.1.jpg,dataset/TM44617_P.Polit.Iud.1.jpg,Alpha,Α,"[353, 1872, 38, 50]",1900,bt2,44617
train_annotations,1322833,525,TM5837_P.Eleph.2.jpg,dataset/TM5837_P.Eleph.2.jpg,Upsilon,Υ,"[1968, 1153, 63, 82]",5166,bt2,5837
train_annotations,1261892,550,TM977098_P.Koeln.Sarapion.1.jpg,dataset/TM977098_P.Koeln.Sarapion.1.jpg,Mu,Μ,"[2705, 4476, 126, 142]",17892,bt2,977098
test_annotations,1286439,469,TM250_P.Dryton.37.jpg,dataset/TM250_P.Dryton.37.jpg,Pi,Π,"[381, 1019, 15, 21]",315,bt2,250
train_annotations,1338124,555,TM3099_P.Dion.16_R.jpg,dataset/TM3099_P.Dion.16_R.jpg,Nu,Ν,"[1930, 4046, 43, 47]",2021,bt2,3099
test_annotations,1391608,489,TM1579_P.Lond.7.2017.jpg,dataset/TM1579_P.Lond.7.2017.jpg,Alpha,Α,"[190, 457, 17, 14]",238,bt2,1579
test_annotations,1144352,448,TM127_BGU.3.999.jpg,dataset/TM127_BGU.3.999.jpg,Phi,Φ,"[5573, 890, 76, 157]",11932,bt2,127
train_annotations,1303049,492,TM2133_PSI.5.510.jpg,dataset/TM2133_PSI.5.510.jpg,Phi,Φ,"[1050, 393, 33, 82]",2706,bt2,2133
test_annotations,1281408,556,TM3283_P.Enteux.6.jpg,dataset/TM3283_P.Enteux.6.jpg,Phi,Φ,"[2860, 860, 43, 146]",6278,bt2,3283
test_annotations,1377404,485,TM1137_P.Cair.Zen.3.59499_V.jpg,dataset/TM1137_P.Cair.Zen.3.59499_V.jpg,Tau,Τ,"[968, 787, 75, 76]",5700,bt2,1137
train_annotations,1393357,499,TM3403_UPZ.1.12.jpg,dataset/TM3403_UPZ.1.12.jpg,Delta,Δ,"[159, 1301, 17, 16]",272,bt2,3403
test_annotations,1283384,556,TM3283_P.Enteux.6.jpg,dataset/TM3283_P.Enteux.6.jpg,Theta,Θ,"[3643, 1054, 62, 64]",3968,bt2,3283
test_annotations,1389769,422,TM18497_BGU.4.1053.jpg,dataset/TM18497_BGU.4.1053.jpg,Nu,Ν,"[811, 2536, 54, 49]",2646,bt2,18497
train_annotations,1395410,424,TM18503_BGU.4.1058.jpg,dataset/TM18503_BGU.4.1058.jpg,Rho,Ρ,"[2012, 6817, 76, 128]",9728,bt2,18503
test_annotations,1281386,556,TM3283_P.Enteux.6.jpg,dataset/TM3283_P.Enteux.6.jpg,Theta,Θ,"[1872, 906, 44, 76]",3344,bt2,3283
train_annotations,1278155,510,TM3686_P.Tebt.1.50.jpg,dataset/TM3686_P.Tebt.1.50.jpg,Nu,Ν,"[2102, 3458, 43, 66]",2838,bt2,3686
train_annotations,1281076,551,TM3093_P.Dion.10.jpg,dataset/TM3093_P.Dion.10.jpg,Tau,Τ,"[2110, 977, 50, 57]",2850,bt2,3093
train_annotations,1287997,468,TM243_BGU.3.998.jpg,dataset/TM243_BGU.3.998.jpg,Gamma,Γ,"[1388, 2334, 61, 97]",5917,bt2,243
train_annotations,1330079,437,TM663_P.Cair.Zen.1.59001_frag.Cairo.jpg,dataset/TM663_P.Cair.Zen.1.59001_frag.Cairo.jpg,Theta,Θ,"[1802, 1971, 33, 45]",1485,bt2,663
train_annotations,1290023,470,TM253_P.Dryton.33_frag.Heid.jpg,dataset/TM253_P.Dryton.33_frag.Heid.jpg,Chi,Χ,"[800, 479, 36, 38]",1368,bt2,253
test_annotations,1293144,442,TM56_BGU.3.994.jpg,dataset/TM56_BGU.3.994.jpg,Omicron,Ο,"[9994, 2059, 72, 112]",8064,bt2,56
train_annotations,1364113,529,TM7883_P.Sijp.45.jpg,dataset/TM7883_P.Sijp.45.jpg,Tau,Τ,"[1934, 4124, 87, 99]",8613,bt2,7883
train_annotations,1358948,471,TM254_P.Dryton.16_R.jpg,dataset/TM254_P.Dryton.16_R.jpg,Pi,Π,"[631, 529, 22, 18]",396,bt2,254
train_annotations,1304702,552,TM3094_P.Dion.11.jpg,dataset/TM3094_P.Dion.11.jpg,Mu,Μ,"[1370, 2477, 50, 47]",2350,bt2,3094
train_annotations,1297810,558,TM3289_P.Enteux.12.jpg,dataset/TM3289_P.Enteux.12.jpg,Delta,Δ,"[1741, 655, 47, 39]",1833,bt2,3289
train_annotations,1255761,482,TM951_P.Cair.Zen.3.59307.jpg,dataset/TM951_P.Cair.Zen.3.59307.jpg,Theta,Θ,"[1040, 1151, 77, 72]",5544,bt2,951
train_annotations,1387650,454,TM58204_P.Dime.3.2_GreekOnly.jpg,dataset/TM58204_P.Dime.3.2_GreekOnly.jpg,Iota,Ι,"[7615, 1321, 59, 187]",11033,bt2,58204
train_annotations,1279183,441,TM128_BGU.3.1000.jpg,dataset/TM128_BGU.3.1000.jpg,Phi,Φ,"[7047, 1096, 92, 195]",17940,bt2,128
train_annotations,1277306,466,TM144_BGU.3.992.jpg,dataset/TM144_BGU.3.992.jpg,Eta,Η,"[6399, 344, 75, 66]",4950,bt2,144
train_annotations,1313387,511,TM3689_P.Tebt.1.53.jpg,dataset/TM3689_P.Tebt.1.53.jpg,Iota,Ι,"[1520, 2370, 34, 79]",2686,bt2,3689
train_annotations,1358096,439,TM44733_P.Diosk.18.jpg,dataset/TM44733_P.Diosk.18.jpg,Phi,Φ,"[718, 2515, 39, 89]",3471,bt2,44733
train_annotations,1261471,416,TM3676_P.Tebt.1.40.jpg,dataset/TM3676_P.Tebt.1.40.jpg,Omega,Ω,"[1558, 1575, 64, 37]",2368,bt2,3676
train_annotations,1361934,449,TM5579_PSI.10.1098.jpg,dataset/TM5579_PSI.10.1098.jpg,Rho,Ρ,"[2559, 1079, 27, 50]",1350,bt2,5579
train_annotations,1415963,534,TM17894_P.Wash.Univ.2.77_frag.Wash.jpg,dataset/TM17894_P.Wash.Univ.2.77_frag.Wash.jpg,Tau,Τ,"[166, 371, 22, 22]",484,bt2,17894
train_annotations,1373912,728,TM131_P.Batav.6_frag.B.jpg,dataset/TM131_P.Batav.6_frag.B.jpg,Lambda,Λ,"[2995, 1007, 79, 98]",7742,bt2,131
train_annotations,1379322,503,TM3433_UPZ.1.42.jpg,dataset/TM3433_UPZ.1.42.jpg,Iota,Ι,"[1227, 711, 12, 20]",240,bt2,3433
train_annotations,1404632,525,TM5837_P.Eleph.2.jpg,dataset/TM5837_P.Eleph.2.jpg,Kappa,Κ,"[4191, 3351, 58, 125]",7250,bt2,5837
train_annotations,1278366,510,TM3686_P.Tebt.1.50.jpg,dataset/TM3686_P.Tebt.1.50.jpg,Eta,Η,"[1071, 484, 54, 51]",2754,bt2,3686
train_annotations,1250474,508,TM3681_P.Tebt.1.45.jpg,dataset/TM3681_P.Tebt.1.45.jpg,Sigma,Σ,"[1265, 921, 30, 37]",1110,bt2,3681
test_annotations,1381909,501,TM3415_UPZ.1.24.jpg,dataset/TM3415_UPZ.1.24.jpg,Iota,Ι,"[841, 777, 8, 19]",152,bt2,3415
train_annotations,1308167,418,TM4912_BGU.8.1833.jpg,dataset/TM4912_BGU.8.1833.jpg,Theta,Θ,"[1945, 1916, 88, 127]",11176,bt2,4912
train_annotations,1302779,488,TM1575_P.Lond.7.2013_R.jpg,dataset/TM1575_P.Lond.7.2013_R.jpg,Omicron,Ο,"[308, 304, 20, 22]",440,bt2,1575
train_annotations,1289952,470,TM253_P.Dryton.33_frag.Heid.jpg,dataset/TM253_P.Dryton.33_frag.Heid.jpg,Pi,Π,"[821, 172, 46, 41]",1886,bt2,253
train_annotations,1360319,491,TM2089_PSI.4.406.jpg,dataset/TM2089_PSI.4.406.jpg,Omega,Ω,"[281, 552, 19, 17]",323,bt2,2089
train_annotations,1424986,559,TM130532_CPR.29.9_GreekOnly.jpg,dataset/TM130532_CPR.29.9_GreekOnly.jpg,Mu,Μ,"[2282, 70, 56, 40]",2240,bt2,130532
train_annotations,1289742,447,TM5697_SB.5.7532.jpg,dataset/TM5697_SB.5.7532.jpg,Alpha,Α,"[1628, 2419, 60, 100]",6000,bt2,5697
train_annotations,1370677,709,TM253_P.Dryton.33_frag.London.jpg,dataset/TM253_P.Dryton.33_frag.London.jpg,Iota,Ι,"[342, 666, 9, 21]",189,bt2,253
train_annotations,1261082,503,TM3433_UPZ.1.42.jpg,dataset/TM3433_UPZ.1.42.jpg,Eta,Η,"[243, 470, 23, 27]",621,bt2,3433
train_annotations,1356398,426,TM44617_P.Polit.Iud.1.jpg,dataset/TM44617_P.Polit.Iud.1.jpg,Epsilon,Ε,"[473, 2251, 31, 42]",1302,bt2,44617
train_annotations,1285372,443,TM131_P.Batav.6_frag.A.jpg,dataset/TM131_P.Batav.6_frag.A.jpg,Gamma,Γ,"[5414, 1514, 73, 94]",6862,bt2,131
train_annotations,1345423,691,TM1568_P.Lond.7.2006_V.jpg,dataset/TM1568_P.Lond.7.2006_V.jpg,Omega,Ω,"[380, 488, 24, 17]",408,bt2,1568
train_annotations,1282808,545,TM121853_P.Sorb.3.71.jpg,dataset/TM121853_P.Sorb.3.71.jpg,Iota,Ι,"[380, 1712, 28, 72]",2016,bt2,121853
train_annotations,1279508,441,TM128_BGU.3.1000.jpg,dataset/TM128_BGU.3.1000.jpg,Epsilon,Ε,"[6447, 1815, 89, 149]",13261,bt2,128
test_annotations,1254772,442,TM56_BGU.3.994.jpg,dataset/TM56_BGU.3.994.jpg,Phi,Φ,"[5715, 637, 59, 219]",12921,bt2,56
train_annotations,1363577,449,TM5579_PSI.10.1098.jpg,dataset/TM5579_PSI.10.1098.jpg,Delta,Δ,"[1702, 2468, 41, 49]",2009,bt2,5579
train_annotations,1306265,554,TM3098_P.Dion.15_R.jpg,dataset/TM3098_P.Dion.15_R.jpg,Rho,Ρ,"[784, 1692, 40, 59]",2360,bt2,3098
train_annotations,1416400,538,TM18592_BGU.4.1146.jpg,dataset/TM18592_BGU.4.1146.jpg,Delta,Δ,"[2964, 455, 60, 85]",5100,bt2,18592
train_annotations,1255859,482,TM951_P.Cair.Zen.3.59307.jpg,dataset/TM951_P.Cair.Zen.3.59307.jpg,Tau,Τ,"[1169, 2015, 103, 98]",10094,bt2,951
train_annotations,1283843,439,TM44733_P.Diosk.18.jpg,dataset/TM44733_P.Diosk.18.jpg,Theta,Θ,"[1030, 836, 28, 41]",1148,bt2,44733
test_annotations,1391267,489,TM1579_P.Lond.7.2017.jpg,dataset/TM1579_P.Lond.7.2017.jpg,Mu,Μ,"[832, 268, 21, 15]",315,bt2,1579
train_annotations,1383108,446,TM3740_P.Tebt.1.104.jpg,dataset/TM3740_P.Tebt.1.104.jpg,Rho,Ρ,"[827, 2615, 40, 66]",2640,bt2,3740
train_annotations,1307985,516,TM4907_BGU.8.1828.jpg,dataset/TM4907_BGU.8.1828.jpg,Rho,Ρ,"[646, 3395, 76, 150]",11400,bt2,4907
train_annotations,1338212,555,TM3099_P.Dion.16_R.jpg,dataset/TM3099_P.Dion.16_R.jpg,Chi,Χ,"[1140, 4334, 68, 53]",3604,bt2,3099
train_annotations,1309151,555,TM3099_P.Dion.16_R.jpg,dataset/TM3099_P.Dion.16_R.jpg,Upsilon,Υ,"[2279, 1666, 37, 42]",1554,bt2,3099
train_annotations,1256262,490,TM1945_P.Mich.1.45.jpg,dataset/TM1945_P.Mich.1.45.jpg,Rho,Ρ,"[1541, 3654, 46, 77]",3542,bt2,1945
train_annotations,1358189,587,TM44878_P.Dryton.56.jpg,dataset/TM44878_P.Dryton.56.jpg,Pi,Π,"[1429, 2670, 354, 286]",101244,bt2,44878
train_annotations,1299015,483,TM1011_P.Cair.Zen.3.59368.jpg,dataset/TM1011_P.Cair.Zen.3.59368.jpg,Alpha,Α,"[2446, 3100, 69, 67]",4623,bt2,1011
train_annotations,1414979,524,TM5836_P.Eleph.1.jpg,dataset/TM5836_P.Eleph.1.jpg,Tau,Τ,"[4202, 4016, 56, 88]",4928,bt2,5836
test_annotations,1293499,448,TM127_BGU.3.999.jpg,dataset/TM127_BGU.3.999.jpg,Chi,Χ,"[4044, 2301, 73, 67]",4891,bt2,127
test_annotations,1149561,422,TM18497_BGU.4.1053.jpg,dataset/TM18497_BGU.4.1053.jpg,Eta,Η,"[1754, 794, 36, 55]",1980,bt2,18497
train_annotations,1322095,505,TM3563_P.Tor.Choach.12.01.jpg,dataset/TM3563_P.Tor.Choach.12.01.jpg,Chi,Χ,"[2411, 2622, 79, 79]",6241,bt2,3563
train_annotations,1301272,434,TM1526_P.Lond.7.1963.jpg,dataset/TM1526_P.Lond.7.1963.jpg,Lambda,Λ,"[384, 1571, 21, 33]",693,bt2,1526
train_annotations,1255133,478,TM818_P.Cair.Zen.2.59172.jpg,dataset/TM818_P.Cair.Zen.2.59172.jpg,Pi,Π,"[330, 593, 72, 73]",5256,bt2,818
train_annotations,1381325,500,TM3409_UPZ.1.18.jpg,dataset/TM3409_UPZ.1.18.jpg,Epsilon,Ε,"[120, 945, 25, 26]",650,bt2,3409
train_annotations,1287489,468,TM243_BGU.3.998.jpg,dataset/TM243_BGU.3.998.jpg,Epsilon,Ε,"[723, 1093, 49, 101]",4949,bt2,243
train_annotations,1378963,503,TM3433_UPZ.1.42.jpg,dataset/TM3433_UPZ.1.42.jpg,Iota,Ι,"[993, 322, 12, 27]",324,bt2,3433
test_annotations,1301858,486,TM1539_P.Lond.7.1976.jpg,dataset/TM1539_P.Lond.7.1976.jpg,Sigma,Σ,"[282, 1131, 20, 26]",520,bt2,1539
train_annotations,1324656,428,TM44624_P.Polit.Iud.8.jpg,dataset/TM44624_P.Polit.Iud.8.jpg,Upsilon,Υ,"[213, 1227, 33, 38]",1254,bt2,44624
train_annotations,1278416,510,TM3686_P.Tebt.1.50.jpg,dataset/TM3686_P.Tebt.1.50.jpg,Kappa,Κ,"[1543, 3491, 42, 52]",2184,bt2,3686
train_annotations,1309049,515,TM4900_BGU.8.1821.jpg,dataset/TM4900_BGU.8.1821.jpg,Nu,Ν,"[1503, 4960, 117, 138]",16146,bt2,4900
train_annotations,1303857,551,TM3093_P.Dion.10.jpg,dataset/TM3093_P.Dion.10.jpg,Zeta,Ζ,"[1295, 2040, 52, 64]",3328,bt2,3093
train_annotations,1394549,418,TM4912_BGU.8.1833.jpg,dataset/TM4912_BGU.8.1833.jpg,Lambda,Λ,"[2335, 1736, 72, 97]",6984,bt2,4912
test_annotations,1385238,556,TM3283_P.Enteux.6.jpg,dataset/TM3283_P.Enteux.6.jpg,Chi,Χ,"[3053, 1810, 47, 75]",3525,bt2,3283
train_annotations,1313809,446,TM3740_P.Tebt.1.104.jpg,dataset/TM3740_P.Tebt.1.104.jpg,Kappa,Κ,"[757, 1558, 36, 44]",1584,bt2,3740
test_annotations,1281421,556,TM3283_P.Enteux.6.jpg,dataset/TM3283_P.Enteux.6.jpg,Mu,Μ,"[3521, 901, 86, 70]",6020,bt2,3283
train_annotations,1328984,579,TM316241_P.Tarich.1.jpg,dataset/TM316241_P.Tarich.1.jpg,Tau,Τ,"[1998.3482049494598, 1372.1581009449183, 84.01463924712444, 108.01244526388568]",2268,bt2,316241
test_annotations,1254774,442,TM56_BGU.3.994.jpg,dataset/TM56_BGU.3.994.jpg,Lambda,Λ,"[5812, 699, 73, 90]",6570,bt2,56
train_annotations,1277593,510,TM3686_P.Tebt.1.50.jpg,dataset/TM3686_P.Tebt.1.50.jpg,Alpha,Α,"[1090, 2211, 50, 45]",2250,bt2,3686
train_annotations,1279525,441,TM128_BGU.3.1000.jpg,dataset/TM128_BGU.3.1000.jpg,Nu,Ν,"[971, 1992, 121, 130]",15730,bt2,128
train_annotations,1312832,547,TM316244_P.Tarich.4a.jpg,dataset/TM316244_P.Tarich.4a.jpg,Sigma,Σ,"[1117, 7433, 78, 86]",6708,bt2,316244
train_annotations,1289811,447,TM5697_SB.5.7532.jpg,dataset/TM5697_SB.5.7532.jpg,Rho,Ρ,"[3134, 2512, 51, 141]",7191,bt2,5697
train_annotations,1388537,541,TM44722_P.Diosk.6.jpg,dataset/TM44722_P.Diosk.6.jpg,Nu,Ν,"[1400, 2146, 39, 49]",1911,bt2,44722
train_annotations,184069,715,TM665_P.Cair.Zen.1.59003.jpg,dataset/TM665_P.Cair.Zen.1.59003.jpg,Sigma,Σ,"[1549, 2780, 30, 56]",1680,bt2,665
train_annotations,1410170,555,TM3099_P.Dion.16_R.jpg,dataset/TM3099_P.Dion.16_R.jpg,Kappa,Κ,"[1563, 3192, 45, 40]",1800,bt2,3099
train_annotations,1280988,433,TM1516_P.Lond.7.1953_R.jpg,dataset/TM1516_P.Lond.7.1953_R.jpg,Iota,Ι,"[630, 566, 13, 33]",429,bt2,1516
train_annotations,1329697,472,TM257_P.Dryton.19_R.jpg,dataset/TM257_P.Dryton.19_R.jpg,Kappa,Κ,"[448, 807, 23, 26]",598,bt2,257
train_annotations,1374493,440,TM242_BGU.3.997.jpg,dataset/TM242_BGU.3.997.jpg,Eta,Η,"[768, 1054, 72, 83]",5976,bt2,242
train_annotations,1275393,507,TM3680_P.Tebt.1.44.jpg,dataset/TM3680_P.Tebt.1.44.jpg,Omicron,Ο,"[1824, 1616, 30, 38]",1140,bt2,3680
test_annotations,1320227,422,TM18497_BGU.4.1053.jpg,dataset/TM18497_BGU.4.1053.jpg,Gamma,Γ,"[2012, 1164, 43, 51]",2193,bt2,18497
train_annotations,1262456,549,TM703255_P.Vindob.inv.G.56637.jpg,dataset/TM703255_P.Vindob.inv.G.56637.jpg,Omega,Ω,"[2311.6490166414524, 5591.608711885501, 128.59304084720122, 127.08201617921593]",7140,bt2,703255
test_annotations,1253532,532,TM8808_SB.24.16285.gif,dataset/TM8808_SB.24.16285.gif,Pi,Π,"[263, 961, 46, 33]",1518,bt2,8808
train_annotations,1275331,507,TM3680_P.Tebt.1.44.jpg,dataset/TM3680_P.Tebt.1.44.jpg,Chi,Χ,"[1738, 1278, 49, 46]",2254,bt2,3680
test_annotations,1288914,442,TM56_BGU.3.994.jpg,dataset/TM56_BGU.3.994.jpg,Eta,Η,"[10104, 812, 74, 127]",9398,bt2,56
train_annotations,1373894,728,TM131_P.Batav.6_frag.B.jpg,dataset/TM131_P.Batav.6_frag.B.jpg,Rho,Ρ,"[1430, 1030, 71, 215]",15265,bt2,131
train_annotations,1380173,491,TM2089_PSI.4.406.jpg,dataset/TM2089_PSI.4.406.jpg,Omicron,Ο,"[456, 207, 7, 10]",70,bt2,2089
train_annotations,1321272,425,TM18552_BGU.4.1111.jpg,dataset/TM18552_BGU.4.1111.jpg,Delta,Δ,"[2004, 4107, 85, 113]",9605,bt2,18552
train_annotations,1364179,529,TM7883_P.Sijp.45.jpg,dataset/TM7883_P.Sijp.45.jpg,Psi,Ψ,"[1846, 4688, 109, 229]",24961,bt2,7883
train_annotations,1313287,511,TM3689_P.Tebt.1.53.jpg,dataset/TM3689_P.Tebt.1.53.jpg,Sigma,Σ,"[960, 2066, 61, 61]",3721,bt2,3689
test_annotations,1382233,501,TM3415_UPZ.1.24.jpg,dataset/TM3415_UPZ.1.24.jpg,Phi,Φ,"[320, 1161, 21, 40]",840,bt2,3415
train_annotations,1411186,505,TM3563_P.Tor.Choach.12.01.jpg,dataset/TM3563_P.Tor.Choach.12.01.jpg,Tau,Τ,"[1028, 4395, 82, 80]",6560,bt2,3563
train_annotations,1161640,473,TM262_P.Grenf.1.38.jpg,dataset/TM262_P.Grenf.1.38.jpg,Delta,Δ,"[640, 359, 23, 28]",644,bt2,262
train_annotations,1388434,541,TM44722_P.Diosk.6.jpg,dataset/TM44722_P.Diosk.6.jpg,Omicron,Ο,"[1136, 2029, 45, 48]",2160,"bt2,bt5",44722
train_annotations,1384873,492,TM2133_PSI.5.510.jpg,dataset/TM2133_PSI.5.510.jpg,Mu,Μ,"[567, 1028, 70, 54]",3780,bt2,2133
test_annotations,1288395,442,TM56_BGU.3.994.jpg,dataset/TM56_BGU.3.994.jpg,Phi,Φ,"[6717, 1062, 56, 232]",12992,bt2,56
test_annotations,1281317,556,TM3283_P.Enteux.6.jpg,dataset/TM3283_P.Enteux.6.jpg,Iota,Ι,"[1865, 777, 30, 77]",2310,bt2,3283
train_annotations,1275338,507,TM3680_P.Tebt.1.44.jpg,dataset/TM3680_P.Tebt.1.44.jpg,Omega,Ω,"[1521, 1358, 98, 43]",4214,bt2,3680
train_annotations,1347027,558,TM3289_P.Enteux.12.jpg,dataset/TM3289_P.Enteux.12.jpg,Lambda,Λ,"[2224, 1353, 53, 43]",2279,bt2,3289
train_annotations,1262266,549,TM703255_P.Vindob.inv.G.56637.jpg,dataset/TM703255_P.Vindob.inv.G.56637.jpg,Eta,Η,"[1771.5582450832073, 3499.29408836341, 142.2087745839637, 198.18742999377722]",12314,bt2,703255
train_annotations,1387990,541,TM44722_P.Diosk.6.jpg,dataset/TM44722_P.Diosk.6.jpg,Sigma,Σ,"[2072, 1366, 38, 50]",1900,bt2,44722
train_annotations,1281620,545,TM121853_P.Sorb.3.71.jpg,dataset/TM121853_P.Sorb.3.71.jpg,Upsilon,Υ,"[1218, 340, 48, 51]",2448,bt2,121853
train_annotations,1424434,540,TM44603_P.Eleph.27a.jpg,dataset/TM44603_P.Eleph.27a.jpg,Mu,Μ,"[1501, 5092, 140, 93]",13020,bt2,44603
train_annotations,1279507,441,TM128_BGU.3.1000.jpg,dataset/TM128_BGU.3.1000.jpg,Beta,Β,"[6369, 1824, 84, 161]",13524,bt2,128
train_annotations,1424340,540,TM44603_P.Eleph.27a.jpg,dataset/TM44603_P.Eleph.27a.jpg,Beta,Β,"[1738, 4082, 71, 103]",7313,bt2,44603
train_annotations,1253259,529,TM7883_P.Sijp.45.jpg,dataset/TM7883_P.Sijp.45.jpg,Iota,Ι,"[2931, 360, 39, 100]",3900,bt2,7883
train_annotations,1278349,510,TM3686_P.Tebt.1.50.jpg,dataset/TM3686_P.Tebt.1.50.jpg,Omicron,Ο,"[1769, 443, 20, 32]",640,bt2,3686
train_annotations,1301053,434,TM1526_P.Lond.7.1963.jpg,dataset/TM1526_P.Lond.7.1963.jpg,Omicron,Ο,"[603, 601, 13, 19]",247,bt2,1526
train_annotations,1379908,525,TM5837_P.Eleph.2.jpg,dataset/TM5837_P.Eleph.2.jpg,Sigma,Σ,"[1402, 2750, 36, 59]",2124,bt2,5837
train_annotations,1251157,516,TM4907_BGU.8.1828.jpg,dataset/TM4907_BGU.8.1828.jpg,Upsilon,Υ,"[1193, 1524, 90, 126]",11340,bt2,4907
train_annotations,1425181,611,TM44623_P.Polit.Iud.7_V.jpg,dataset/TM44623_P.Polit.Iud.7_V.jpg,Alpha,Α,"[1532.4098448368113, 4820.0, 148.03959336543585, 172.0]",6364,bt2,44623
train_annotations,1339073,416,TM3676_P.Tebt.1.40.jpg,dataset/TM3676_P.Tebt.1.40.jpg,Delta,Δ,"[1482, 3186, 51, 50]",2550,bt2,3676
train_annotations,1361538,502,TM3432_UPZ.1.41.jpg,dataset/TM3432_UPZ.1.41.jpg,Pi,Π,"[715, 746, 15, 18]",270,bt2,3432
train_annotations,1387570,454,TM58204_P.Dime.3.2_GreekOnly.jpg,dataset/TM58204_P.Dime.3.2_GreekOnly.jpg,Iota,Ι,"[3169, 655, 58, 165]",9570,bt2,58204
train_annotations,1347525,666,TM3987_BGU.14.2380_frag.B.jpg,dataset/TM3987_BGU.14.2380_frag.B.jpg,Lambda,Λ,"[936, 530, 136, 119]",16184,bt2,3987
train_annotations,1352764,694,TM4820_BGU.8.1738.P.Bingen.53_frag.A.jpg,dataset/TM4820_BGU.8.1738.P.Bingen.53_frag.A.jpg,Delta,Δ,"[3453, 1770, 95, 102]",9690,bt2,4820
train_annotations,1316455,530,TM8337_P.Mich.3.173.jpg,dataset/TM8337_P.Mich.3.173.jpg,Eta,Η,"[1739, 5941, 127, 104]",13208,bt2,8337
train_annotations,1144888,412,TM255_P.Dryton.17_frag.London.jpg,dataset/TM255_P.Dryton.17_frag.London.jpg,Delta,Δ,"[439, 563, 30, 29]",870,bt2,255
train_annotations,1252686,524,TM5836_P.Eleph.1.jpg,dataset/TM5836_P.Eleph.1.jpg,Omega,Ω,"[2859, 293, 55, 75]",4125,bt2,5836
test_annotations,1288716,442,TM56_BGU.3.994.jpg,dataset/TM56_BGU.3.994.jpg,Upsilon,Υ,"[4381, 2116, 77, 112]",8624,bt2,56
train_annotations,1262634,549,TM703255_P.Vindob.inv.G.56637.jpg,dataset/TM703255_P.Vindob.inv.G.56637.jpg,Iota,Ι,"[1565.8093797276854, 8016.7571873055385, 80.18154311649016, 163.3911636589919]",5724,bt2,703255
train_annotations,1414542,524,TM5836_P.Eleph.1.jpg,dataset/TM5836_P.Eleph.1.jpg,Beta,Β,"[3224, 3353, 52, 92]",4784,bt2,5836
train_annotations,1395870,450,TM5255_P.Oxy.14.1629.jpg,dataset/TM5255_P.Oxy.14.1629.jpg,Epsilon,Ε,"[677, 522, 9, 21]",189,bt2,5255
train_annotations,1395727,450,TM5255_P.Oxy.14.1629.jpg,dataset/TM5255_P.Oxy.14.1629.jpg,Iota,Ι,"[804, 441, 8, 15]",120,bt2,5255
train_annotations,1308582,523,TM5699_SB.5.7609.jpg,dataset/TM5699_SB.5.7609.jpg,Rho,Ρ,"[616, 5300, 81, 212]",17172,bt2,5699
train_annotations,1291106,449,TM5579_PSI.10.1098.jpg,dataset/TM5579_PSI.10.1098.jpg,Omega,Ω,"[565, 919, 39, 29]",1131,bt2,5579
train_annotations,1254606,547,TM316244_P.Tarich.4a.jpg,dataset/TM316244_P.Tarich.4a.jpg,Omega,Ω,"[1900, 1237, 117, 80]",9360,bt2,316244
train_annotations,1340386,445,TM3745_P.Tebt.1.109.jpg,dataset/TM3745_P.Tebt.1.109.jpg,Beta,Β,"[614, 729, 55, 93]",5115,bt2,3745
train_annotations,1390720,514,TM4344_SB.12.11061_frag.Hamburg.jpg,dataset/TM4344_SB.12.11061_frag.Hamburg.jpg,Kappa,Κ,"[4125, 2257, 69, 94]",6486,bt2,4344
train_annotations,1329654,472,TM257_P.Dryton.19_R.jpg,dataset/TM257_P.Dryton.19_R.jpg,Sigma,Σ,"[700, 734, 18, 21]",378,bt2,257
train_annotations,1356393,426,TM44617_P.Polit.Iud.1.jpg,dataset/TM44617_P.Polit.Iud.1.jpg,Theta,Θ,"[345, 2252, 43, 49]",2107,bt2,44617
train_annotations,1329065,579,TM316241_P.Tarich.1.jpg,dataset/TM316241_P.Tarich.1.jpg,Phi,Φ,"[1344.234227953991, 2062.2376123530767, 90.01568490763333, 178.0205116386264]",4005,bt2,316241
train_annotations,1149983,428,TM44624_P.Polit.Iud.8.jpg,dataset/TM44624_P.Polit.Iud.8.jpg,Lambda,Λ,"[243, 247, 28, 31]",868,bt2,44624
test_annotations,1381884,501,TM3415_UPZ.1.24.jpg,dataset/TM3415_UPZ.1.24.jpg,Iota,Ι,"[527, 791, 9, 17]",153,bt2,3415
train_annotations,1362738,447,TM5697_SB.5.7532.jpg,dataset/TM5697_SB.5.7532.jpg,Upsilon,Υ,"[2907, 4699, 65, 77]",5005,bt2,5697
train_annotations,1396420,524,TM5836_P.Eleph.1.jpg,dataset/TM5836_P.Eleph.1.jpg,Epsilon,Ε,"[323, 1498, 62, 89]",5518,bt2,5836
train_annotations,1404686,525,TM5837_P.Eleph.2.jpg,dataset/TM5837_P.Eleph.2.jpg,Sigma,Σ,"[1675, 3464, 41, 68]",2788,bt2,5837
train_annotations,1279565,441,TM128_BGU.3.1000.jpg,dataset/TM128_BGU.3.1000.jpg,Xi,Ξ,"[5227, 2014, 106, 130]",13780,bt2,128
train_annotations,1295046,466,TM144_BGU.3.992.jpg,dataset/TM144_BGU.3.992.jpg,Theta,Θ,"[8669, 1088, 78, 86]",6708,bt2,144
train_annotations,1282718,545,TM121853_P.Sorb.3.71.jpg,dataset/TM121853_P.Sorb.3.71.jpg,Iota,Ι,"[1598, 1427, 22, 61]",1342,bt2,121853
train_annotations,1363226,449,TM5579_PSI.10.1098.jpg,dataset/TM5579_PSI.10.1098.jpg,Pi,Π,"[871, 2071, 59, 40]",2360,bt2,5579
train_annotations,1253284,529,TM7883_P.Sijp.45.jpg,dataset/TM7883_P.Sijp.45.jpg,Omicron,Ο,"[2678, 513, 62, 79]",4898,bt2,7883
test_annotations,1276421,509,TM3682_P.Tebt.1.46.jpg,dataset/TM3682_P.Tebt.1.46.jpg,Rho,Ρ,"[1851, 2171, 19, 48]",912,bt2,3682
train_annotations,1144552,443,TM131_P.Batav.6_frag.A.jpg,dataset/TM131_P.Batav.6_frag.A.jpg,Alpha,Α,"[4736, 638, 83, 102]",8466,bt2,131
train_annotations,1360545,497,TM2821_P.Hib.1.92.jpg,dataset/TM2821_P.Hib.1.92.jpg,Phi,Φ,"[483, 393, 13, 30]",390,bt2,2821
train_annotations,1308658,468,TM243_BGU.3.998.jpg,dataset/TM243_BGU.3.998.jpg,Chi,Χ,"[2963, 2885, 77, 83]",6391,bt2,243
train_annotations,1374559,440,TM242_BGU.3.997.jpg,dataset/TM242_BGU.3.997.jpg,Tau,Τ,"[769, 1597, 85, 78]",6630,bt2,242
train_annotations,1324045,460,TM23306_BGU.16.2583.jpg,dataset/TM23306_BGU.16.2583.jpg,Nu,Ν,"[2702, 2889, 87, 117]",10179,bt2,23306
train_annotations,1281487,544,TM121852_P.Sorb.3.70.jpg,dataset/TM121852_P.Sorb.3.70.jpg,Upsilon,Υ,"[762, 917, 40, 57]",2280,bt2,121852
train_annotations,1359783,476,TM290_P.Dryton.36_R.jpg,dataset/TM290_P.Dryton.36_R.jpg,Upsilon,Υ,"[660, 663, 11, 24]",264,bt2,290
train_annotations,1373918,728,TM131_P.Batav.6_frag.B.jpg,dataset/TM131_P.Batav.6_frag.B.jpg,Gamma,Γ,"[3399, 1030, 103, 82]",8446,bt2,131
train_annotations,1313311,511,TM3689_P.Tebt.1.53.jpg,dataset/TM3689_P.Tebt.1.53.jpg,Nu,Ν,"[1209, 2167, 87, 66]",5742,bt2,3689
train_annotations,1290568,470,TM253_P.Dryton.33_frag.Heid.jpg,dataset/TM253_P.Dryton.33_frag.Heid.jpg,Sigma,Σ,"[349, 1192, 36, 36]",1296,bt2,253
train_annotations,1385137,553,TM3097_P.Dion.14_R.jpg,dataset/TM3097_P.Dion.14_R.jpg,Delta,Δ,"[1770, 725, 28, 34]",952,bt2,3097
train_annotations,1313558,511,TM3689_P.Tebt.1.53.jpg,dataset/TM3689_P.Tebt.1.53.jpg,Tau,Τ,"[2108, 2999, 44, 42]",1848,bt2,3689
train_annotations,1364889,541,TM44722_P.Diosk.6.jpg,dataset/TM44722_P.Diosk.6.jpg,Eta,Η,"[2040, 517, 41, 46]",1886,bt2,44722
train_annotations,1289897,447,TM5697_SB.5.7532.jpg,dataset/TM5697_SB.5.7532.jpg,Upsilon,Υ,"[1442, 2969, 58, 89]",5162,bt2,5697
train_annotations,1307595,457,TM4844_BGU.20.2847.jpg,dataset/TM4844_BGU.20.2847.jpg,Omega,Ω,"[1610, 2317, 132, 83]",10956,bt2,4844
train_annotations,1250271,506,TM3593_P.Tor.Choach.4.jpg,dataset/TM3593_P.Tor.Choach.4.jpg,Iota,Ι,"[2545, 1285, 31, 71]",2201,bt2,3593
train_annotations,1364136,529,TM7883_P.Sijp.45.jpg,dataset/TM7883_P.Sijp.45.jpg,Nu,Ν,"[1640, 4347, 96, 113]",10848,bt2,7883
train_annotations,1294863,466,TM144_BGU.3.992.jpg,dataset/TM144_BGU.3.992.jpg,Beta,Β,"[8900, 284, 64, 115]",7360,bt2,144
test_annotations,1382227,501,TM3415_UPZ.1.24.jpg,dataset/TM3415_UPZ.1.24.jpg,Pi,Π,"[254, 1174, 16, 19]",304,bt2,3415
train_annotations,1396653,524,TM5836_P.Eleph.1.jpg,dataset/TM5836_P.Eleph.1.jpg,Pi,Π,"[4274, 1868, 74, 89]",6586,bt2,5836
train_annotations,1323101,525,TM5837_P.Eleph.2.jpg,dataset/TM5837_P.Eleph.2.jpg,Alpha,Α,"[368, 1745, 67, 70]",4690,bt2,5837
train_annotations,1388769,541,TM44722_P.Diosk.6.jpg,dataset/TM44722_P.Diosk.6.jpg,Chi,Χ,"[1939, 2465, 49, 37]",1813,bt2,44722
train_annotations,1339263,511,TM3689_P.Tebt.1.53.jpg,dataset/TM3689_P.Tebt.1.53.jpg,Eta,Η,"[1589, 3545, 67, 93]",6231,bt2,3689
train_annotations,1387403,454,TM58204_P.Dime.3.2_GreekOnly.jpg,dataset/TM58204_P.Dime.3.2_GreekOnly.jpg,Nu,Ν,"[8859, 350, 94, 100]",9400,bt2,58204
train_annotations,1256310,490,TM1945_P.Mich.1.45.jpg,dataset/TM1945_P.Mich.1.45.jpg,Omicron,Ο,"[754, 4113, 39, 47]",1833,bt2,1945
train_annotations,1374149,728,TM131_P.Batav.6_frag.B.jpg,dataset/TM131_P.Batav.6_frag.B.jpg,Omega,Ω,"[613, 1956, 133, 119]",15827,bt2,131
train_annotations,1283165,546,TM316242_P.Tarich.2.jpg,dataset/TM316242_P.Tarich.2.jpg,Chi,Χ,"[1329, 5662, 161, 124]",19964,bt2,316242
train_annotations,1254123,540,TM44603_P.Eleph.27a.jpg,dataset/TM44603_P.Eleph.27a.jpg,Pi,Π,"[1808, 2228, 146, 111]",16206,bt2,44603
train_annotations,1367975,708,TM663_P.Cair.Zen.1.59001_frag.Florence.jpg,dataset/TM663_P.Cair.Zen.1.59001_frag.Florence.jpg,Kappa,Κ,"[294, 945, 21, 31]",651,bt2,663
train_annotations,1318617,420,TM5853_P.Eleph.20_R.jpg,dataset/TM5853_P.Eleph.20_R.jpg,Delta,Δ,"[832, 4301, 201, 111]",22311,bt2,5853
train_annotations,1343849,654,TM5258_P.Oxy.14.1644_V.jpg,dataset/TM5258_P.Oxy.14.1644_V.jpg,Kappa,Κ,"[548, 493, 20, 25]",500,bt2,5258
train_annotations,1322226,505,TM3563_P.Tor.Choach.12.01.jpg,dataset/TM3563_P.Tor.Choach.12.01.jpg,Iota,Ι,"[1899, 3044, 35, 75]",2625,bt2,3563
train_annotations,1234845,482,TM951_P.Cair.Zen.3.59307.jpg,dataset/TM951_P.Cair.Zen.3.59307.jpg,Upsilon,Υ,"[936, 225, 69, 89]",6141,bt2,951
train_annotations,1396843,524,TM5836_P.Eleph.1.jpg,dataset/TM5836_P.Eleph.1.jpg,Eta,Η,"[265, 2211, 71, 112]",7952,bt2,5836
train_annotations,1311286,417,TM4911_BGU.8.1832.jpg,dataset/TM4911_BGU.8.1832.jpg,Lambda,Λ,"[1804, 2382, 83, 90]",7470,bt2,4911
train_annotations,1342828,644,TM5853_P.Eleph.20_V.jpg,dataset/TM5853_P.Eleph.20_V.jpg,Sigma,Σ,"[1201, 1800, 147, 107]",15729,bt2,5853
train_annotations,1352887,694,TM4820_BGU.8.1738.P.Bingen.53_frag.A.jpg,dataset/TM4820_BGU.8.1738.P.Bingen.53_frag.A.jpg,Kappa,Κ,"[1194, 2434, 94, 98]",9212,bt2,4820
train_annotations,1305878,553,TM3097_P.Dion.14_R.jpg,dataset/TM3097_P.Dion.14_R.jpg,Chi,Χ,"[1796, 2946, 52, 60]",3120,bt2,3097
train_annotations,1321863,505,TM3563_P.Tor.Choach.12.01.jpg,dataset/TM3563_P.Tor.Choach.12.01.jpg,Omega,Ω,"[353, 1992, 104, 86]",8944,bt2,3563
test_annotations,1381667,501,TM3415_UPZ.1.24.jpg,dataset/TM3415_UPZ.1.24.jpg,Nu,Ν,"[354, 605, 17, 18]",306,bt2,3415
train_annotations,1395353,424,TM18503_BGU.4.1058.jpg,dataset/TM18503_BGU.4.1058.jpg,Pi,Π,"[2881, 6437, 116, 101]",11716,bt2,18503
train_annotations,1286587,465,TM60_P.Grenf.2.17.jpg,dataset/TM60_P.Grenf.2.17.jpg,Kappa,Κ,"[698, 258, 26, 22]",572,bt2,60
train_annotations,184051,715,TM665_P.Cair.Zen.1.59003.jpg,dataset/TM665_P.Cair.Zen.1.59003.jpg,Epsilon,Ε,"[1352, 503, 45, 53]",2385,bt2,665
test_annotations,1293959,448,TM127_BGU.3.999.jpg,dataset/TM127_BGU.3.999.jpg,Rho,Ρ,"[9970, 630, 47, 79]",3713,bt2,127
train_annotations,1252769,524,TM5836_P.Eleph.1.jpg,dataset/TM5836_P.Eleph.1.jpg,Upsilon,Υ,"[2815, 447, 56, 117]",6552,bt2,5836
train_annotations,1313983,446,TM3740_P.Tebt.1.104.jpg,dataset/TM3740_P.Tebt.1.104.jpg,Rho,Ρ,"[793, 2197, 34, 76]",2584,bt2,3740
train_annotations,1286819,468,TM243_BGU.3.998.jpg,dataset/TM243_BGU.3.998.jpg,Omicron,Ο,"[8012, 921, 46, 54]",2484,bt2,243
train_annotations,1354056,702,TM1516_P.Lond.7.1953_V.jpg,dataset/TM1516_P.Lond.7.1953_V.jpg,Alpha,Α,"[529, 1422, 24, 27]",648,bt2,1516
train_annotations,1262326,549,TM703255_P.Vindob.inv.G.56637.jpg,dataset/TM703255_P.Vindob.inv.G.56637.jpg,Pi,Π,"[2434.190620272315, 4116.549595519602, 161.87594553706506, 149.7752333540759]",10593,bt2,703255
train_annotations,1307096,554,TM3098_P.Dion.15_R.jpg,dataset/TM3098_P.Dion.15_R.jpg,Omicron,Ο,"[1641, 2970, 34, 42]",1428,bt2,3098
train_annotations,1295128,466,TM144_BGU.3.992.jpg,dataset/TM144_BGU.3.992.jpg,Xi,Ξ,"[10952, 1734, 107, 100]",10700,bt2,144
train_annotations,1306761,554,TM3098_P.Dion.15_R.jpg,dataset/TM3098_P.Dion.15_R.jpg,Tau,Τ,"[513, 2531, 53, 45]",2385,bt2,3098
train_annotations,1393564,504,TM3444_UPZ.1.53.jpg,dataset/TM3444_UPZ.1.53.jpg,Chi,Χ,"[325, 449, 19, 19]",361,bt2,3444
train_annotations,1277946,510,TM3686_P.Tebt.1.50.jpg,dataset/TM3686_P.Tebt.1.50.jpg,Phi,Φ,"[1757, 2980, 40, 87]",3480,bt2,3686
train_annotations,1156588,470,TM253_P.Dryton.33_frag.Heid.jpg,dataset/TM253_P.Dryton.33_frag.Heid.jpg,Upsilon,Υ,"[457, 170, 26, 42]",1092,bt2,253
train_annotations,1260970,503,TM3433_UPZ.1.42.jpg,dataset/TM3433_UPZ.1.42.jpg,Nu,Ν,"[844, 370, 24, 24]",576,bt2,3433
train_annotations,1359702,476,TM290_P.Dryton.36_R.jpg,dataset/TM290_P.Dryton.36_R.jpg,Pi,Π,"[546, 567, 16, 20]",320,bt2,290
train_annotations,1253249,529,TM7883_P.Sijp.45.jpg,dataset/TM7883_P.Sijp.45.jpg,Omicron,Ο,"[2316, 366, 71, 78]",5538,bt2,7883
train_annotations,1275386,507,TM3680_P.Tebt.1.44.jpg,dataset/TM3680_P.Tebt.1.44.jpg,Tau,Τ,"[1523, 1614, 52, 48]",2496,bt2,3680
train_annotations,1329668,472,TM257_P.Dryton.19_R.jpg,dataset/TM257_P.Dryton.19_R.jpg,Pi,Π,"[371, 778, 26, 25]",650,bt2,257
train_annotations,1284596,440,TM242_BGU.3.997.jpg,dataset/TM242_BGU.3.997.jpg,Mu,Μ,"[5166, 2173, 115, 79]",9085,bt2,242
train_annotations,1262654,549,TM703255_P.Vindob.inv.G.56637.jpg,dataset/TM703255_P.Vindob.inv.G.56637.jpg,Delta,Δ,"[4113.464447806354, 8007.679900435594, 160.36308623298032, 164.90404480398257]",11554,bt2,703255
train_annotations,1317133,514,TM4344_SB.12.11061_frag.Hamburg.jpg,dataset/TM4344_SB.12.11061_frag.Hamburg.jpg,Omicron,Ο,"[3893, 1780, 39, 60]",2340,bt2,4344
train_annotations,1380548,558,TM3289_P.Enteux.12.jpg,dataset/TM3289_P.Enteux.12.jpg,Omicron,Ο,"[3690, 986, 44, 50]",2200,bt2,3289
train_annotations,1354793,707,TM1509_P.Lond.7.1944_V.jpg,dataset/TM1509_P.Lond.7.1944_V.jpg,Zeta,Ζ,"[337, 347, 38, 28]",1064,bt2,1509
test_annotations,1293085,442,TM56_BGU.3.994.jpg,dataset/TM56_BGU.3.994.jpg,Delta,Δ,"[9558, 1954, 106, 84]",8904,bt2,56
train_annotations,1324897,587,TM44878_P.Dryton.56.jpg,dataset/TM44878_P.Dryton.56.jpg,Eta,Η,"[3564, 949, 113, 207]",23391,bt2,44878
train_annotations,1275850,508,TM3681_P.Tebt.1.45.jpg,dataset/TM3681_P.Tebt.1.45.jpg,Omicron,Ο,"[1508, 2267, 26, 34]",884,bt2,3681
train_annotations,1320177,534,TM17894_P.Wash.Univ.2.77_frag.Wash.jpg,dataset/TM17894_P.Wash.Univ.2.77_frag.Wash.jpg,Sigma,Σ,"[380, 245, 21, 21]",441,bt2,17894
train_annotations,1290214,470,TM253_P.Dryton.33_frag.Heid.jpg,dataset/TM253_P.Dryton.33_frag.Heid.jpg,Alpha,Α,"[258, 731, 30, 35]",1050,bt2,253
test_annotations,1364472,532,TM8808_SB.24.16285.gif,dataset/TM8808_SB.24.16285.gif,Kappa,Κ,"[427, 1384, 36, 39]",1404,bt2,8808
train_annotations,1339293,511,TM3689_P.Tebt.1.53.jpg,dataset/TM3689_P.Tebt.1.53.jpg,Gamma,Γ,"[1327, 3688, 43, 53]",2279,bt2,3689
train_annotations,1329568,472,TM257_P.Dryton.19_R.jpg,dataset/TM257_P.Dryton.19_R.jpg,Kappa,Κ,"[675, 626, 23, 25]",575,bt2,257
train_annotations,1322138,505,TM3563_P.Tor.Choach.12.01.jpg,dataset/TM3563_P.Tor.Choach.12.01.jpg,Upsilon,Υ,"[2307, 2743, 64, 87]",5568,bt2,3563
train_annotations,1261775,550,TM977098_P.Koeln.Sarapion.1.jpg,dataset/TM977098_P.Koeln.Sarapion.1.jpg,Epsilon,Ε,"[2573, 3300, 79, 130]",10270,bt2,977098
train_annotations,1254513,546,TM316242_P.Tarich.2.jpg,dataset/TM316242_P.Tarich.2.jpg,Nu,Ν,"[1617, 2613, 150, 136]",20400,bt2,316242
train_annotations,1347615,666,TM3987_BGU.14.2380_frag.B.jpg,dataset/TM3987_BGU.14.2380_frag.B.jpg,Omicron,Ο,"[2583, 2209, 59, 75]",4425,bt2,3987
train_annotations,1309508,555,TM3099_P.Dion.16_R.jpg,dataset/TM3099_P.Dion.16_R.jpg,Omicron,Ο,"[1453, 2227, 21, 36]",756,bt2,3099
train_annotations,1390749,514,TM4344_SB.12.11061_frag.Hamburg.jpg,dataset/TM4344_SB.12.11061_frag.Hamburg.jpg,Eta,Η,"[4685, 2339, 115, 88]",10120,bt2,4344
train_annotations,1301115,434,TM1526_P.Lond.7.1963.jpg,dataset/TM1526_P.Lond.7.1963.jpg,Tau,Τ,"[381, 781, 19, 30]",570,bt2,1526
train_annotations,1309072,515,TM4900_BGU.8.1821.jpg,dataset/TM4900_BGU.8.1821.jpg,Beta,Β,"[1753, 5163, 87, 144]",12528,bt2,4900
train_annotations,1303203,493,TM2379_P.Lond.7.1935.jpg,dataset/TM2379_P.Lond.7.1935.jpg,Omega,Ω,"[444, 379, 16, 16]",256,bt2,2379
train_annotations,1307841,516,TM4907_BGU.8.1828.jpg,dataset/TM4907_BGU.8.1828.jpg,Lambda,Λ,"[602, 846, 88, 118]",10384,bt2,4907
test_annotations,1288947,442,TM56_BGU.3.994.jpg,dataset/TM56_BGU.3.994.jpg,Phi,Φ,"[9193, 941, 101, 209]",21109,bt2,56
train_annotations,1262459,549,TM703255_P.Vindob.inv.G.56637.jpg,dataset/TM703255_P.Vindob.inv.G.56637.jpg,Omega,Ω,"[2664.145234493192, 5588.5829495955195, 166.4145234493192, 125.56913503422527]",9130,bt2,703255
test_annotations,1364474,532,TM8808_SB.24.16285.gif,dataset/TM8808_SB.24.16285.gif,Lambda,Λ,"[483, 1385, 33, 40]",1320,bt2,8808
train_annotations,1320897,424,TM18503_BGU.4.1058.jpg,dataset/TM18503_BGU.4.1058.jpg,Rho,Ρ,"[443, 971, 89, 102]",9078,bt2,18503
train_annotations,1253651,533,TM11316_P.Grenf.1.46.jpg,dataset/TM11316_P.Grenf.1.46.jpg,Omicron,Ο,"[696, 668, 20, 31]",620,bt2,11316
train_annotations,1298175,513,TM3987_BGU.14.2380_frag.A.jpg,dataset/TM3987_BGU.14.2380_frag.A.jpg,Epsilon,Ε,"[2649, 783, 84, 101]",8484,bt2,3987
train_annotations,1322233,505,TM3563_P.Tor.Choach.12.01.jpg,dataset/TM3563_P.Tor.Choach.12.01.jpg,Kappa,Κ,"[2324, 3006, 89, 98]",8722,bt2,3563
train_annotations,1394419,417,TM4911_BGU.8.1832.jpg,dataset/TM4911_BGU.8.1832.jpg,Sigma,Σ,"[1260, 1310, 58, 93]",5394,bt2,4911
train_annotations,1301222,434,TM1526_P.Lond.7.1963.jpg,dataset/TM1526_P.Lond.7.1963.jpg,Zeta,Ζ,"[445, 1408, 21, 31]",651,bt2,1526
train_annotations,1308016,516,TM4907_BGU.8.1828.jpg,dataset/TM4907_BGU.8.1828.jpg,Sigma,Σ,"[1490, 3569, 82, 119]",9758,bt2,4907
train_annotations,1394504,417,TM4911_BGU.8.1832.jpg,dataset/TM4911_BGU.8.1832.jpg,Eta,Η,"[1559, 2808, 74, 108]",7992,bt2,4911
train_annotations,1362468,447,TM5697_SB.5.7532.jpg,dataset/TM5697_SB.5.7532.jpg,Lambda,Λ,"[1515, 3716, 72, 93]",6696,bt2,5697
train_annotations,1378666,503,TM3433_UPZ.1.42.jpg,dataset/TM3433_UPZ.1.42.jpg,Nu,Ν,"[231, 1022, 20, 19]",380,bt2,3433
train_annotations,1325024,543,TM78357_P.Heid.7.394.jpg,dataset/TM78357_P.Heid.7.394.jpg,Beta,Β,"[644, 608, 43, 76]",3268,bt2,78357
test_annotations,1381517,501,TM3415_UPZ.1.24.jpg,dataset/TM3415_UPZ.1.24.jpg,Upsilon,Υ,"[451, 441, 17, 15]",255,bt2,3415
train_annotations,1284538,440,TM242_BGU.3.997.jpg,dataset/TM242_BGU.3.997.jpg,Kappa,Κ,"[6846, 1891, 96, 141]",13536,bt2,242
test_annotations,1391140,489,TM1579_P.Lond.7.2017.jpg,dataset/TM1579_P.Lond.7.2017.jpg,Mu,Μ,"[579, 185, 21, 16]",336,bt2,1579
train_annotations,1312568,547,TM316244_P.Tarich.4a.jpg,dataset/TM316244_P.Tarich.4a.jpg,Sigma,Σ,"[2365, 3197, 78, 101]",7878,bt2,316244
test_annotations,1149569,422,TM18497_BGU.4.1053.jpg,dataset/TM18497_BGU.4.1053.jpg,Upsilon,Υ,"[2053, 844, 34, 53]",1802,bt2,18497
train_annotations,1319233,421,TM11315_P.Grenf.1.45.jpg,dataset/TM11315_P.Grenf.1.45.jpg,Theta,Θ,"[556, 1013, 21, 24]",504,bt2,11315
train_annotations,1363936,420,TM5853_P.Eleph.20_R.jpg,dataset/TM5853_P.Eleph.20_R.jpg,Alpha,Α,"[1466, 7827, 115, 93]",10695,bt2,5853
train_annotations,1405567,525,TM5837_P.Eleph.2.jpg,dataset/TM5837_P.Eleph.2.jpg,Beta,Β,"[961, 4767, 48, 136]",6528,bt2,5837
train_annotations,1329378,472,TM257_P.Dryton.19_R.jpg,dataset/TM257_P.Dryton.19_R.jpg,Omicron,Ο,"[301, 397, 13, 14]",182,bt2,257
train_annotations,1396372,524,TM5836_P.Eleph.1.jpg,dataset/TM5836_P.Eleph.1.jpg,Delta,Δ,"[2545, 1392, 65, 101]",6565,bt2,5836
test_annotations,1310099,557,TM3286_P.Enteux.9.jpg,dataset/TM3286_P.Enteux.9.jpg,Rho,Ρ,"[3375, 887, 53, 77]",4081,bt2,3286
train_annotations,1306828,554,TM3098_P.Dion.15_R.jpg,dataset/TM3098_P.Dion.15_R.jpg,Upsilon,Υ,"[956, 2580, 46, 54]",2484,bt2,3098
train_annotations,1321550,496,TM2818_P.Hib.1.85.jpg,dataset/TM2818_P.Hib.1.85.jpg,Pi,Π,"[284, 1438, 32, 24]",768,bt2,2818
train_annotations,1386257,548,TM316254_P.Tarich.11.jpg,dataset/TM316254_P.Tarich.11.jpg,Epsilon,Ε,"[245, 641, 15, 14]",210,bt2,316254
train_annotations,1305512,553,TM3097_P.Dion.14_R.jpg,dataset/TM3097_P.Dion.14_R.jpg,Xi,Ξ,"[1554, 2256, 34, 53]",1802,bt2,3097
test_annotations,1381937,501,TM3415_UPZ.1.24.jpg,dataset/TM3415_UPZ.1.24.jpg,Omicron,Ο,"[625, 825, 12, 16]",192,bt2,3415
train_annotations,1149709,423,TM18499_BGU.4.1055.jpg,dataset/TM18499_BGU.4.1055.jpg,Pi,Π,"[643, 815, 63, 45]",2835,bt2,18499
train_annotations,1370476,709,TM253_P.Dryton.33_frag.London.jpg,dataset/TM253_P.Dryton.33_frag.London.jpg,Eta,Η,"[363, 516, 22, 18]",396,bt2,253
train_annotations,1410474,555,TM3099_P.Dion.16_R.jpg,dataset/TM3099_P.Dion.16_R.jpg,Xi,Ξ,"[868, 1370, 39, 41]",1599,bt2,3099
train_annotations,1379002,503,TM3433_UPZ.1.42.jpg,dataset/TM3433_UPZ.1.42.jpg,Delta,Δ,"[1101, 348, 27, 23]",621,bt2,3433
train_annotations,1234360,478,TM818_P.Cair.Zen.2.59172.jpg,dataset/TM818_P.Cair.Zen.2.59172.jpg,Delta,Δ,"[431, 216, 77, 65]",5005,bt2,818
train_annotations,1397194,524,TM5836_P.Eleph.1.jpg,dataset/TM5836_P.Eleph.1.jpg,Eta,Η,"[4181, 2710, 53, 104]",5512,bt2,5836
train_annotations,1320118,534,TM17894_P.Wash.Univ.2.77_frag.Wash.jpg,dataset/TM17894_P.Wash.Univ.2.77_frag.Wash.jpg,Omega,Ω,"[336, 133, 31, 27]",837,bt2,17894
train_annotations,1149695,423,TM18499_BGU.4.1055.jpg,dataset/TM18499_BGU.4.1055.jpg,Omega,Ω,"[785, 759, 60, 37]",2220,bt2,18499
test_annotations,1288862,442,TM56_BGU.3.994.jpg,dataset/TM56_BGU.3.994.jpg,Omicron,Ο,"[9828, 704, 52, 109]",5668,bt2,56
train_annotations,1423942,447,TM5697_SB.5.7532.jpg,dataset/TM5697_SB.5.7532.jpg,Delta,Δ,"[3181, 5254, 82, 104]",8528,bt2,5697
train_annotations,1144040,456,TM78025_P.Bingen.45.jpg,dataset/TM78025_P.Bingen.45.jpg,Chi,Χ,"[2982, 2005, 93, 107]",9951,bt2,78025
test_annotations,1288886,442,TM56_BGU.3.994.jpg,dataset/TM56_BGU.3.994.jpg,Gamma,Γ,"[8297, 857, 83, 111]",9213,bt2,56
test_annotations,1392358,489,TM1579_P.Lond.7.2017.jpg,dataset/TM1579_P.Lond.7.2017.jpg,Mu,Μ,"[251, 758, 18, 18]",324,bt2,1579
test_annotations,1377147,484,TM1137_P.Cair.Zen.3.59499_R.jpg,dataset/TM1137_P.Cair.Zen.3.59499_R.jpg,Eta,Η,"[3355, 950, 84, 94]",7896,bt2,1137
train_annotations,1296901,476,TM290_P.Dryton.36_R.jpg,dataset/TM290_P.Dryton.36_R.jpg,Sigma,Σ,"[622, 430, 17, 16]",272,bt2,290
train_annotations,1281658,420,TM5853_P.Eleph.20_R.jpg,dataset/TM5853_P.Eleph.20_R.jpg,Rho,Ρ,"[921, 1336, 102, 207]",21114,bt2,5853
train_annotations,1297217,553,TM3097_P.Dion.14_R.jpg,dataset/TM3097_P.Dion.14_R.jpg,Upsilon,Υ,"[900, 1596, 52, 64]",3328,bt2,3097
train_annotations,1406962,526,TM5838_P.Eleph.3.jpg,dataset/TM5838_P.Eleph.3.jpg,Pi,Π,"[3824, 2500, 99, 67]",6633,bt2,5838
train_annotations,1405165,525,TM5837_P.Eleph.2.jpg,dataset/TM5837_P.Eleph.2.jpg,Omega,Ω,"[4532, 4122, 59, 62]",3658,bt2,5837
test_annotations,1355016,436,TM1536_P.Lond.7.1973_R.jpg,dataset/TM1536_P.Lond.7.1973_R.jpg,Nu,Ν,"[312, 357, 24, 18]",432,bt2,1536
train_annotations,1308767,515,TM4900_BGU.8.1821.jpg,dataset/TM4900_BGU.8.1821.jpg,Zeta,Ζ,"[2492, 2353, 119, 127]",15113,bt2,4900
train_annotations,1347530,666,TM3987_BGU.14.2380_frag.B.jpg,dataset/TM3987_BGU.14.2380_frag.B.jpg,Phi,Φ,"[1507, 496, 106, 186]",19716,bt2,3987
train_annotations,1374070,728,TM131_P.Batav.6_frag.B.jpg,dataset/TM131_P.Batav.6_frag.B.jpg,Sigma,Σ,"[842, 1613, 90, 106]",9540,bt2,131
train_annotations,1309580,555,TM3099_P.Dion.16_R.jpg,dataset/TM3099_P.Dion.16_R.jpg,Upsilon,Υ,"[2019, 2276, 27, 40]",1080,bt2,3099
train_annotations,1394955,424,TM18503_BGU.4.1058.jpg,dataset/TM18503_BGU.4.1058.jpg,Theta,Θ,"[2020, 4276, 67, 93]",6231,bt2,18503
train_annotations,1361564,502,TM3432_UPZ.1.41.jpg,dataset/TM3432_UPZ.1.41.jpg,Omega,Ω,"[564, 771, 21, 15]",315,bt2,3432
train_annotations,1312971,542,TM69805_BGU.18.2731.jpg,dataset/TM69805_BGU.18.2731.jpg,Mu,Μ,"[2241, 2565, 104, 94]",9776,bt2,69805
train_annotations,1286917,468,TM243_BGU.3.998.jpg,dataset/TM243_BGU.3.998.jpg,Alpha,Α,"[6861, 1186, 58, 76]",4408,bt2,243
train_annotations,1314581,473,TM262_P.Grenf.1.38.jpg,dataset/TM262_P.Grenf.1.38.jpg,Lambda,Λ,"[423, 413, 20, 19]",380,bt2,262
train_annotations,1343428,452,TM9228_BGU.2.543.jpg,dataset/TM9228_BGU.2.543.jpg,Iota,Ι,"[1576, 4476, 52, 101]",5252,bt2,9228
train_annotations,1234922,490,TM1945_P.Mich.1.45.jpg,dataset/TM1945_P.Mich.1.45.jpg,Pi,Π,"[1308, 468, 131, 74]",9694,bt2,1945
test_annotations,1293051,442,TM56_BGU.3.994.jpg,dataset/TM56_BGU.3.994.jpg,Epsilon,Ε,"[7173, 2061, 74, 118]",8732,bt2,56
train_annotations,1280571,478,TM818_P.Cair.Zen.2.59172.jpg,dataset/TM818_P.Cair.Zen.2.59172.jpg,Epsilon,Ε,"[1139, 4249, 43, 51]",2193,bt2,818
train_annotations,1276674,419,TM5132_SB.28.16855.jpg,dataset/TM5132_SB.28.16855.jpg,Tau,Τ,"[1855, 2143, 107, 102]",10914,bt2,5132
train_annotations,1323668,537,TM18570_BGU.4.1127.jpg,dataset/TM18570_BGU.4.1127.jpg,Delta,Δ,"[1151, 1843, 30, 30]",900,bt2,18570
train_annotations,1353257,694,TM4820_BGU.8.1738.P.Bingen.53_frag.A.jpg,dataset/TM4820_BGU.8.1738.P.Bingen.53_frag.A.jpg,Sigma,Σ,"[4322, 4623, 83, 106]",8798,bt2,4820
test_annotations,1389549,422,TM18497_BGU.4.1053.jpg,dataset/TM18497_BGU.4.1053.jpg,Zeta,Ζ,"[956, 1540, 44, 47]",2068,bt2,18497
train_annotations,1380326,491,TM2089_PSI.4.406.jpg,dataset/TM2089_PSI.4.406.jpg,Iota,Ι,"[452, 465, 10, 22]",220,bt2,2089
train_annotations,1146416,417,TM4911_BGU.8.1832.jpg,dataset/TM4911_BGU.8.1832.jpg,Kappa,Κ,"[1136, 1923, 97, 84]",8148,bt2,4911
train_annotations,1352766,694,TM4820_BGU.8.1738.P.Bingen.53_frag.A.jpg,dataset/TM4820_BGU.8.1738.P.Bingen.53_frag.A.jpg,Lambda,Λ,"[3587, 1791, 83, 80]",6640,bt2,4820
train_annotations,1313666,446,TM3740_P.Tebt.1.104.jpg,dataset/TM3740_P.Tebt.1.104.jpg,Delta,Δ,"[847, 995, 44, 47]",2068,bt2,3740
test_annotations,1154643,469,TM250_P.Dryton.37.jpg,dataset/TM250_P.Dryton.37.jpg,Mu,Μ,"[493, 558, 24, 26]",624,bt2,250
train_annotations,1289216,466,TM144_BGU.3.992.jpg,dataset/TM144_BGU.3.992.jpg,Pi,Π,"[5942, 964, 87, 63]",5481,bt2,144
test_annotations,1301929,486,TM1539_P.Lond.7.1976.jpg,dataset/TM1539_P.Lond.7.1976.jpg,Iota,Ι,"[611, 1242, 18, 40]",720,bt2,1539
train_annotations,1307839,516,TM4907_BGU.8.1828.jpg,dataset/TM4907_BGU.8.1828.jpg,Sigma,Σ,"[446, 833, 119, 136]",16184,bt2,4907
train_annotations,1352590,694,TM4820_BGU.8.1738.P.Bingen.53_frag.A.jpg,dataset/TM4820_BGU.8.1738.P.Bingen.53_frag.A.jpg,Lambda,Λ,"[4014, 1214, 54, 87]",4698,bt2,4820
train_annotations,1255771,482,TM951_P.Cair.Zen.3.59307.jpg,dataset/TM951_P.Cair.Zen.3.59307.jpg,Theta,Θ,"[1080, 1230, 71, 76]",5396,bt2,951
train_annotations,1282915,545,TM121853_P.Sorb.3.71.jpg,dataset/TM121853_P.Sorb.3.71.jpg,Iota,Ι,"[1604, 576, 21, 51]",1071,bt2,121853
test_annotations,1307449,509,TM3682_P.Tebt.1.46.jpg,dataset/TM3682_P.Tebt.1.46.jpg,Chi,Χ,"[1804, 3197, 65, 62]",4030,bt2,3682
train_annotations,1295103,466,TM144_BGU.3.992.jpg,dataset/TM144_BGU.3.992.jpg,Kappa,Κ,"[10536, 1519, 110, 152]",16720,bt2,144
train_annotations,1396690,524,TM5836_P.Eleph.1.jpg,dataset/TM5836_P.Eleph.1.jpg,Xi,Ξ,"[1819, 1964, 72, 79]",5688,bt2,5836
train_annotations,1323134,525,TM5837_P.Eleph.2.jpg,dataset/TM5837_P.Eleph.2.jpg,Omega,Ω,"[2327, 1662, 77, 73]",5621,bt2,5837
train_annotations,1347000,558,TM3289_P.Enteux.12.jpg,dataset/TM3289_P.Enteux.12.jpg,Epsilon,Ε,"[1028, 1280, 43, 52]",2236,bt2,3289
train_annotations,1312581,547,TM316244_P.Tarich.4a.jpg,dataset/TM316244_P.Tarich.4a.jpg,Chi,Χ,"[1990, 3370, 87, 93]",8091,bt2,316244
train_annotations,1288157,468,TM243_BGU.3.998.jpg,dataset/TM243_BGU.3.998.jpg,Delta,Δ,"[4061, 2643, 86, 85]",7310,bt2,243
train_annotations,1379662,525,TM5837_P.Eleph.2.jpg,dataset/TM5837_P.Eleph.2.jpg,Xi,Ξ,"[2453, 2180, 66, 80]",5280,bt2,5837
train_annotations,1383086,446,TM3740_P.Tebt.1.104.jpg,dataset/TM3740_P.Tebt.1.104.jpg,Lambda,Λ,"[1256, 2560, 39, 46]",1794,bt2,3740
test_annotations,1378031,485,TM1137_P.Cair.Zen.3.59499_V.jpg,dataset/TM1137_P.Cair.Zen.3.59499_V.jpg,Alpha,Α,"[3752, 1075, 56, 62]",3472,bt2,1137
train_annotations,1386244,548,TM316254_P.Tarich.11.jpg,dataset/TM316254_P.Tarich.11.jpg,Upsilon,Υ,"[330, 592, 9, 16]",144,bt2,316254
train_annotations,1395059,424,TM18503_BGU.4.1058.jpg,dataset/TM18503_BGU.4.1058.jpg,Delta,Δ,"[2747, 4784, 99, 120]",11880,bt2,18503
test_annotations,1377035,484,TM1137_P.Cair.Zen.3.59499_R.jpg,dataset/TM1137_P.Cair.Zen.3.59499_R.jpg,Delta,Δ,"[1486, 2835, 101, 89]",8989,bt2,1137
train_annotations,1415087,524,TM5836_P.Eleph.1.jpg,dataset/TM5836_P.Eleph.1.jpg,Epsilon,Ε,"[4739, 4145, 37, 67]",2479,bt2,5836
train_annotations,1379813,525,TM5837_P.Eleph.2.jpg,dataset/TM5837_P.Eleph.2.jpg,Alpha,Α,"[3815, 2395, 70, 79]",5530,bt2,5837
train_annotations,1283651,524,TM5836_P.Eleph.1.jpg,dataset/TM5836_P.Eleph.1.jpg,Omicron,Ο,"[1248, 1370, 42, 66]",2772,bt2,5836
test_annotations,1301909,486,TM1539_P.Lond.7.1976.jpg,dataset/TM1539_P.Lond.7.1976.jpg,Alpha,Α,"[540, 1202, 38, 36]",1368,bt2,1539
train_annotations,1388000,541,TM44722_P.Diosk.6.jpg,dataset/TM44722_P.Diosk.6.jpg,Kappa,Κ,"[670, 1475, 45, 43]",1935,bt2,44722
train_annotations,1279201,441,TM128_BGU.3.1000.jpg,dataset/TM128_BGU.3.1000.jpg,Phi,Φ,"[1441, 1272, 71, 187]",13277,bt2,128
test_annotations,1310051,557,TM3286_P.Enteux.9.jpg,dataset/TM3286_P.Enteux.9.jpg,Iota,Ι,"[1192, 766, 37, 70]",2590,bt2,3286
train_annotations,1262467,549,TM703255_P.Vindob.inv.G.56637.jpg,dataset/TM703255_P.Vindob.inv.G.56637.jpg,Omega,Ω,"[3951.588502269289, 5605.2246421904165, 148.26021180030259, 116.49184816428127]",7546,bt2,703255
train_annotations,1303612,551,TM3093_P.Dion.10.jpg,dataset/TM3093_P.Dion.10.jpg,Tau,Τ,"[1986, 1372, 46, 56]",2576,bt2,3093
train_annotations,1262062,549,TM703255_P.Vindob.inv.G.56637.jpg,dataset/TM703255_P.Vindob.inv.G.56637.jpg,Nu,Ν,"[3770.0453857791226, 1214.8435594275047, 158.8502269288956, 195.1616677037959]",13545,bt2,703255
train_annotations,1311438,417,TM4911_BGU.8.1832.jpg,dataset/TM4911_BGU.8.1832.jpg,Alpha,Α,"[2137, 4015, 88, 103]",9064,bt2,4911
train_annotations,1309379,555,TM3099_P.Dion.16_R.jpg,dataset/TM3099_P.Dion.16_R.jpg,Tau,Τ,"[2111, 2015, 40, 44]",1760,bt2,3099
train_annotations,1388054,541,TM44722_P.Diosk.6.jpg,dataset/TM44722_P.Diosk.6.jpg,Gamma,Γ,"[1063, 1531, 38, 46]",1748,bt2,44722
train_annotations,1154130,468,TM243_BGU.3.998.jpg,dataset/TM243_BGU.3.998.jpg,Tau,Τ,"[7863, 756, 72, 85]",6120,bt2,243
train_annotations,1290913,449,TM5579_PSI.10.1098.jpg,dataset/TM5579_PSI.10.1098.jpg,Theta,Θ,"[1081, 637, 45, 52]",2340,bt2,5579
test_annotations,1354914,436,TM1536_P.Lond.7.1973_R.jpg,dataset/TM1536_P.Lond.7.1973_R.jpg,Zeta,Ζ,"[402, 217, 24, 19]",456,bt2,1536
train_annotations,1404574,525,TM5837_P.Eleph.2.jpg,dataset/TM5837_P.Eleph.2.jpg,Omicron,Ο,"[632, 3341, 41, 68]",2788,bt2,5837
train_annotations,1322388,445,TM3745_P.Tebt.1.109.jpg,dataset/TM3745_P.Tebt.1.109.jpg,Xi,Ξ,"[997, 1958, 53, 50]",2650,bt2,3745
train_annotations,1149741,423,TM18499_BGU.4.1055.jpg,dataset/TM18499_BGU.4.1055.jpg,Nu,Ν,"[1019, 877, 47, 53]",2491,bt2,18499
test_annotations,1389899,422,TM18497_BGU.4.1053.jpg,dataset/TM18497_BGU.4.1053.jpg,Gamma,Γ,"[1008, 3029, 41, 41]",1681,bt2,18497
train_annotations,1385114,553,TM3097_P.Dion.14_R.jpg,dataset/TM3097_P.Dion.14_R.jpg,Upsilon,Υ,"[1000, 703, 30, 30]",900,bt2,3097
train_annotations,1251432,517,TM4927_BGU.8.1848.jpg,dataset/TM4927_BGU.8.1848.jpg,Lambda,Λ,"[1239, 2396, 75, 99]",7425,bt2,4927
test_annotations,1288416,442,TM56_BGU.3.994.jpg,dataset/TM56_BGU.3.994.jpg,Pi,Π,"[3178, 1349, 146, 94]",13724,bt2,56
train_annotations,1415213,524,TM5836_P.Eleph.1.jpg,dataset/TM5836_P.Eleph.1.jpg,Delta,Δ,"[1468, 4544, 55, 80]",4400,bt2,5836
train_annotations,1379273,503,TM3433_UPZ.1.42.jpg,dataset/TM3433_UPZ.1.42.jpg,Eta,Η,"[1423, 641, 21, 26]",546,bt2,3433
train_annotations,1378959,503,TM3433_UPZ.1.42.jpg,dataset/TM3433_UPZ.1.42.jpg,Epsilon,Ε,"[1460, 311, 6, 19]",114,bt2,3433
train_annotations,1281534,544,TM121852_P.Sorb.3.70.jpg,dataset/TM121852_P.Sorb.3.70.jpg,Nu,Ν,"[639, 1210, 43, 50]",2150,bt2,121852
train_annotations,1319170,421,TM11315_P.Grenf.1.45.jpg,dataset/TM11315_P.Grenf.1.45.jpg,Alpha,Α,"[607, 775, 23, 22]",506,bt2,11315
train_annotations,1361567,502,TM3432_UPZ.1.41.jpg,dataset/TM3432_UPZ.1.41.jpg,Omega,Ω,"[623, 772, 21, 15]",315,bt2,3432
train_annotations,1373795,728,TM131_P.Batav.6_frag.B.jpg,dataset/TM131_P.Batav.6_frag.B.jpg,Sigma,Σ,"[3303, 535, 84, 116]",9744,bt2,131
train_annotations,1361928,449,TM5579_PSI.10.1098.jpg,dataset/TM5579_PSI.10.1098.jpg,Eta,Η,"[2334, 1083, 52, 47]",2444,bt2,5579
train_annotations,1278326,510,TM3686_P.Tebt.1.50.jpg,dataset/TM3686_P.Tebt.1.50.jpg,Alpha,Α,"[988, 429, 32, 39]",1248,bt2,3686
train_annotations,1289251,466,TM144_BGU.3.992.jpg,dataset/TM144_BGU.3.992.jpg,Gamma,Γ,"[4246, 1228, 82, 62]",5084,bt2,144
train_annotations,1379839,525,TM5837_P.Eleph.2.jpg,dataset/TM5837_P.Eleph.2.jpg,Rho,Ρ,"[1014, 2649, 63, 100]",6300,bt2,5837
train_annotations,1143940,456,TM78025_P.Bingen.45.jpg,dataset/TM78025_P.Bingen.45.jpg,Upsilon,Υ,"[2260, 1601, 82, 105]",8610,bt2,78025
train_annotations,1275670,508,TM3681_P.Tebt.1.45.jpg,dataset/TM3681_P.Tebt.1.45.jpg,Upsilon,Υ,"[1326, 1516, 44, 47]",2068,bt2,3681
train_annotations,1324517,427,TM44623_P.Polit.Iud.7_R.jpg,dataset/TM44623_P.Polit.Iud.7_R.jpg,Upsilon,Υ,"[350, 1062, 32, 38]",1216,bt2,44623
train_annotations,1365207,541,TM44722_P.Diosk.6.jpg,dataset/TM44722_P.Diosk.6.jpg,Mu,Μ,"[2670, 761, 52, 39]",2028,bt2,44722
test_annotations,1235307,501,TM3415_UPZ.1.24.jpg,dataset/TM3415_UPZ.1.24.jpg,Iota,Ι,"[535, 331, 9, 20]",180,bt2,3415
train_annotations,1405419,525,TM5837_P.Eleph.2.jpg,dataset/TM5837_P.Eleph.2.jpg,Sigma,Σ,"[529, 4528, 47, 62]",2914,bt2,5837
train_annotations,1317158,514,TM4344_SB.12.11061_frag.Hamburg.jpg,dataset/TM4344_SB.12.11061_frag.Hamburg.jpg,Delta,Δ,"[1189, 2475, 67, 79]",5293,bt2,4344
train_annotations,1287766,468,TM243_BGU.3.998.jpg,dataset/TM243_BGU.3.998.jpg,Lambda,Λ,"[2579, 1709, 68, 74]",5032,bt2,243
train_annotations,1311310,417,TM4911_BGU.8.1832.jpg,dataset/TM4911_BGU.8.1832.jpg,Eta,Η,"[1179, 2551, 88, 153]",13464,bt2,4911
train_annotations,1146380,417,TM4911_BGU.8.1832.jpg,dataset/TM4911_BGU.8.1832.jpg,Rho,Ρ,"[1018, 1718, 85, 137]",11645,bt2,4911
train_annotations,1363030,449,TM5579_PSI.10.1098.jpg,dataset/TM5579_PSI.10.1098.jpg,Tau,Τ,"[965, 1849, 31, 43]",1333,bt2,5579
train_annotations,1144008,456,TM78025_P.Bingen.45.jpg,dataset/TM78025_P.Bingen.45.jpg,Epsilon,Ε,"[3903, 1789, 65, 115]",7475,bt2,78025
train_annotations,1353132,694,TM4820_BGU.8.1738.P.Bingen.53_frag.A.jpg,dataset/TM4820_BGU.8.1738.P.Bingen.53_frag.A.jpg,Delta,Δ,"[2236, 4131, 89, 95]",8455,bt2,4820
train_annotations,1363518,449,TM5579_PSI.10.1098.jpg,dataset/TM5579_PSI.10.1098.jpg,Theta,Θ,"[508, 2441, 31, 58]",1798,bt2,5579
train_annotations,1352617,694,TM4820_BGU.8.1738.P.Bingen.53_frag.A.jpg,dataset/TM4820_BGU.8.1738.P.Bingen.53_frag.A.jpg,Phi,Φ,"[2716, 1303, 104, 168]",17472,bt2,4820
train_annotations,1373976,728,TM131_P.Batav.6_frag.B.jpg,dataset/TM131_P.Batav.6_frag.B.jpg,Chi,Χ,"[630, 1417, 130, 101]",13130,bt2,131
train_annotations,1354352,432,TM1511_P.Lond.7.1948_R.jpg,dataset/TM1511_P.Lond.7.1948_R.jpg,Iota,Ι,"[686, 349, 8, 25]",200,bt2,1511
test_annotations,1392431,489,TM1579_P.Lond.7.2017.jpg,dataset/TM1579_P.Lond.7.2017.jpg,Alpha,Α,"[399, 784, 9, 15]",135,bt2,1579
train_annotations,1361702,502,TM3432_UPZ.1.41.jpg,dataset/TM3432_UPZ.1.41.jpg,Nu,Ν,"[854, 871, 16, 23]",368,bt2,3432
train_annotations,1279438,441,TM128_BGU.3.1000.jpg,dataset/TM128_BGU.3.1000.jpg,Rho,Ρ,"[7519, 1621, 54, 157]",8478,bt2,128
train_annotations,1283648,524,TM5836_P.Eleph.1.jpg,dataset/TM5836_P.Eleph.1.jpg,Alpha,Α,"[1047, 1348, 83, 88]",7304,bt2,5836
test_annotations,1382249,501,TM3415_UPZ.1.24.jpg,dataset/TM3415_UPZ.1.24.jpg,Delta,Δ,"[552, 1159, 21, 19]",399,bt2,3415
train_annotations,1394653,424,TM18503_BGU.4.1058.jpg,dataset/TM18503_BGU.4.1058.jpg,Sigma,Σ,"[2382, 2736, 72, 91]",6552,bt2,18503
train_annotations,1329218,579,TM316241_P.Tarich.1.jpg,dataset/TM316241_P.Tarich.1.jpg,Delta,Δ,"[2520.439177413733, 3330.3837289698085, 74.01289647960962, 96.01106245678727]",1776,bt2,316241
train_annotations,1360794,497,TM2821_P.Hib.1.92.jpg,dataset/TM2821_P.Hib.1.92.jpg,Pi,Π,"[514, 823, 19, 21]",399,bt2,2821
train_annotations,1324243,426,TM44617_P.Polit.Iud.1.jpg,dataset/TM44617_P.Polit.Iud.1.jpg,Omega,Ω,"[629, 795, 57, 52]",2964,bt2,44617
train_annotations,1280998,433,TM1516_P.Lond.7.1953_R.jpg,dataset/TM1516_P.Lond.7.1953_R.jpg,Epsilon,Ε,"[404, 605, 28, 21]",588,bt2,1516
train_annotations,1302755,488,TM1575_P.Lond.7.2013_R.jpg,dataset/TM1575_P.Lond.7.2013_R.jpg,Pi,Π,"[320, 266, 31, 27]",837,bt2,1575
train_annotations,1380585,558,TM3289_P.Enteux.12.jpg,dataset/TM3289_P.Enteux.12.jpg,Omega,Ω,"[1829, 1196, 49, 43]",2107,bt2,3289
train_annotations,1303058,492,TM2133_PSI.5.510.jpg,dataset/TM2133_PSI.5.510.jpg,Gamma,Γ,"[276, 669, 47, 55]",2585,bt2,2133
train_annotations,1283037,546,TM316242_P.Tarich.2.jpg,dataset/TM316242_P.Tarich.2.jpg,Lambda,Λ,"[1262, 4169, 123, 141]",17343,bt2,316242
test_annotations,1317545,484,TM1137_P.Cair.Zen.3.59499_R.jpg,dataset/TM1137_P.Cair.Zen.3.59499_R.jpg,Sigma,Σ,"[3986, 2544, 32, 69]",2208,bt2,1137
test_annotations,1310109,557,TM3286_P.Enteux.9.jpg,dataset/TM3286_P.Enteux.9.jpg,Tau,Τ,"[348, 868, 74, 69]",5106,bt2,3286
train_annotations,1277791,510,TM3686_P.Tebt.1.50.jpg,dataset/TM3686_P.Tebt.1.50.jpg,Omicron,Ο,"[1879, 2538, 21, 31]",651,bt2,3686
train_annotations,1291701,536,TM18560_BGU.4.1118.jpg,dataset/TM18560_BGU.4.1118.jpg,Sigma,Σ,"[1036, 3121, 25, 39]",975,bt2,18560
train_annotations,1286886,468,TM243_BGU.3.998.jpg,dataset/TM243_BGU.3.998.jpg,Chi,Χ,"[5011, 1140, 79, 92]",7268,bt2,243
train_annotations,1362828,449,TM5579_PSI.10.1098.jpg,dataset/TM5579_PSI.10.1098.jpg,Nu,Ν,"[878, 1640, 55, 42]",2310,bt2,5579
train_annotations,1276789,419,TM5132_SB.28.16855.jpg,dataset/TM5132_SB.28.16855.jpg,Beta,Β,"[1645, 2833, 78, 119]",9282,bt2,5132
train_annotations,1261941,550,TM977098_P.Koeln.Sarapion.1.jpg,dataset/TM977098_P.Koeln.Sarapion.1.jpg,Gamma,Γ,"[1077, 5068, 102, 113]",11526,bt2,977098
train_annotations,1318602,420,TM5853_P.Eleph.20_R.jpg,dataset/TM5853_P.Eleph.20_R.jpg,Beta,Β,"[1708, 3814, 128, 183]",23424,bt2,5853
train_annotations,1407046,526,TM5838_P.Eleph.3.jpg,dataset/TM5838_P.Eleph.3.jpg,Omega,Ω,"[405, 2687, 65, 62]",4030,bt2,5838
train_annotations,1384970,492,TM2133_PSI.5.510.jpg,dataset/TM2133_PSI.5.510.jpg,Eta,Η,"[2445, 1091, 48, 59]",2832,bt2,2133
train_annotations,1394184,504,TM3444_UPZ.1.53.jpg,dataset/TM3444_UPZ.1.53.jpg,Omicron,Ο,"[235, 1161, 20, 20]",400,bt2,3444
train_annotations,1324437,427,TM44623_P.Polit.Iud.7_R.jpg,dataset/TM44623_P.Polit.Iud.7_R.jpg,Phi,Φ,"[120, 572, 29, 67]",1943,bt2,44623
train_annotations,1311959,517,TM4927_BGU.8.1848.jpg,dataset/TM4927_BGU.8.1848.jpg,Delta,Δ,"[1100, 5276, 81, 91]",7371,bt2,4927
train_annotations,1393798,504,TM3444_UPZ.1.53.jpg,dataset/TM3444_UPZ.1.53.jpg,Sigma,Σ,"[812, 686, 12, 17]",204,bt2,3444
train_annotations,1284104,439,TM44733_P.Diosk.18.jpg,dataset/TM44733_P.Diosk.18.jpg,Epsilon,Ε,"[785, 2006, 24, 49]",1176,bt2,44733
train_annotations,1364535,452,TM9228_BGU.2.543.jpg,dataset/TM9228_BGU.2.543.jpg,Omega,Ω,"[2353, 3342, 76, 80]",6080,bt2,9228
train_annotations,1378648,503,TM3433_UPZ.1.42.jpg,dataset/TM3433_UPZ.1.42.jpg,Nu,Ν,"[680, 974, 22, 24]",528,bt2,3433
train_annotations,1306060,554,TM3098_P.Dion.15_R.jpg,dataset/TM3098_P.Dion.15_R.jpg,Theta,Θ,"[1395, 1402, 28, 35]",980,bt2,3098
train_annotations,1251102,515,TM4900_BGU.8.1821.jpg,dataset/TM4900_BGU.8.1821.jpg,Nu,Ν,"[1345, 1441, 119, 127]",15113,bt2,4900
train_annotations,1364516,452,TM9228_BGU.2.543.jpg,dataset/TM9228_BGU.2.543.jpg,Beta,Β,"[953, 3301, 73, 116]",8468,bt2,9228
train_annotations,1323506,537,TM18570_BGU.4.1127.jpg,dataset/TM18570_BGU.4.1127.jpg,Eta,Η,"[1502, 1456, 36, 51]",1836,bt2,18570
train_annotations,1262425,549,TM703255_P.Vindob.inv.G.56637.jpg,dataset/TM703255_P.Vindob.inv.G.56637.jpg,Gamma,Γ,"[1562.783661119516, 5319.290105787181, 142.2087745839637, 142.21082762912258]",8836,bt2,703255
train_annotations,1305259,553,TM3097_P.Dion.14_R.jpg,dataset/TM3097_P.Dion.14_R.jpg,Omicron,Ο,"[1040, 1870, 18, 32]",576,bt2,3097
train_annotations,1324612,428,TM44624_P.Polit.Iud.8.jpg,dataset/TM44624_P.Polit.Iud.8.jpg,Eta,Η,"[429, 636, 26, 40]",1040,bt2,44624
train_annotations,1405162,525,TM5837_P.Eleph.2.jpg,dataset/TM5837_P.Eleph.2.jpg,Epsilon,Ε,"[4365, 4112, 55, 73]",4015,bt2,5837
train_annotations,1390734,514,TM4344_SB.12.11061_frag.Hamburg.jpg,dataset/TM4344_SB.12.11061_frag.Hamburg.jpg,Delta,Δ,"[3692, 2425, 67, 80]",5360,bt2,4344
train_annotations,1367821,708,TM663_P.Cair.Zen.1.59001_frag.Florence.jpg,dataset/TM663_P.Cair.Zen.1.59001_frag.Florence.jpg,Eta,Η,"[355, 580, 34, 28]",952,bt2,663
train_annotations,1368026,708,TM663_P.Cair.Zen.1.59001_frag.Florence.jpg,dataset/TM663_P.Cair.Zen.1.59001_frag.Florence.jpg,Tau,Τ,"[346, 1026, 27, 27]",729,bt2,663
train_annotations,1304749,552,TM3094_P.Dion.11.jpg,dataset/TM3094_P.Dion.11.jpg,Kappa,Κ,"[750, 2600, 35, 57]",1995,bt2,3094
test_annotations,1389722,422,TM18497_BGU.4.1053.jpg,dataset/TM18497_BGU.4.1053.jpg,Alpha,Α,"[821, 2376, 43, 39]",1677,bt2,18497
train_annotations,1289386,466,TM144_BGU.3.992.jpg,dataset/TM144_BGU.3.992.jpg,Eta,Η,"[6382, 1394, 87, 52]",4524,bt2,144
train_annotations,1410769,505,TM3563_P.Tor.Choach.12.01.jpg,dataset/TM3563_P.Tor.Choach.12.01.jpg,Mu,Μ,"[675, 3427, 80, 72]",5760,bt2,3563
train_annotations,1312417,547,TM316244_P.Tarich.4a.jpg,dataset/TM316244_P.Tarich.4a.jpg,Chi,Χ,"[1205, 1879, 89, 98]",8722,bt2,316244
train_annotations,1406752,526,TM5838_P.Eleph.3.jpg,dataset/TM5838_P.Eleph.3.jpg,Epsilon,Ε,"[4249, 2131, 47, 88]",4136,bt2,5838
train_annotations,1306567,554,TM3098_P.Dion.15_R.jpg,dataset/TM3098_P.Dion.15_R.jpg,Tau,Τ,"[1899, 2142, 47, 48]",2256,bt2,3098
train_annotations,1396801,524,TM5836_P.Eleph.1.jpg,dataset/TM5836_P.Eleph.1.jpg,Iota,Ι,"[2784, 2136, 26, 100]",2600,bt2,5836
train_annotations,1297915,558,TM3289_P.Enteux.12.jpg,dataset/TM3289_P.Enteux.12.jpg,Lambda,Λ,"[2986, 829, 58, 42]",2436,bt2,3289
train_annotations,1304459,552,TM3094_P.Dion.11.jpg,dataset/TM3094_P.Dion.11.jpg,Upsilon,Υ,"[1136, 1985, 47, 48]",2256,bt2,3094
train_annotations,1309795,555,TM3099_P.Dion.16_R.jpg,dataset/TM3099_P.Dion.16_R.jpg,Iota,Ι,"[1200, 2619, 24, 45]",1080,bt2,3099
test_annotations,1381542,501,TM3415_UPZ.1.24.jpg,dataset/TM3415_UPZ.1.24.jpg,Iota,Ι,"[766, 430, 9, 20]",180,bt2,3415
train_annotations,1356009,425,TM18552_BGU.4.1111.jpg,dataset/TM18552_BGU.4.1111.jpg,Beta,Β,"[1840, 6569, 72, 118]",8496,bt2,18552
train_annotations,1311309,417,TM4911_BGU.8.1832.jpg,dataset/TM4911_BGU.8.1832.jpg,Mu,Μ,"[1056, 2605, 120, 83]",9960,bt2,4911
train_annotations,1289335,466,TM144_BGU.3.992.jpg,dataset/TM144_BGU.3.992.jpg,Omega,Ω,"[6236, 1257, 107, 48]",5136,bt2,144
train_annotations,1306745,554,TM3098_P.Dion.15_R.jpg,dataset/TM3098_P.Dion.15_R.jpg,Epsilon,Ε,"[1601, 2407, 44, 43]",1892,bt2,3098
test_annotations,1382199,501,TM3415_UPZ.1.24.jpg,dataset/TM3415_UPZ.1.24.jpg,Nu,Ν,"[379, 1123, 19, 16]",304,bt2,3415
train_annotations,1388112,541,TM44722_P.Diosk.6.jpg,dataset/TM44722_P.Diosk.6.jpg,Iota,Ι,"[1545, 1579, 20, 45]",900,bt2,44722
train_annotations,1281730,524,TM5836_P.Eleph.1.jpg,dataset/TM5836_P.Eleph.1.jpg,Rho,Ρ,"[602, 611, 46, 129]",5934,bt2,5836
test_annotations,1389948,422,TM18497_BGU.4.1053.jpg,dataset/TM18497_BGU.4.1053.jpg,Chi,Χ,"[1066, 3191, 51, 47]",2397,bt2,18497
train_annotations,1284531,440,TM242_BGU.3.997.jpg,dataset/TM242_BGU.3.997.jpg,Epsilon,Ε,"[6241, 1940, 81, 106]",8586,bt2,242
test_annotations,1391786,489,TM1579_P.Lond.7.2017.jpg,dataset/TM1579_P.Lond.7.2017.jpg,Delta,Δ,"[220, 531, 11, 14]",154,bt2,1579
train_annotations,1396523,524,TM5836_P.Eleph.1.jpg,dataset/TM5836_P.Eleph.1.jpg,Tau,Τ,"[1098, 1658, 60, 118]",7080,bt2,5836
train_annotations,1329025,579,TM316241_P.Tarich.1.jpg,dataset/TM316241_P.Tarich.1.jpg,Kappa,Κ,"[3024.5270128964794, 1580.1820696012906, 84.01463924712444, 92.0106015210878]",1932,bt2,316241
train_annotations,1382818,446,TM3740_P.Tebt.1.104.jpg,dataset/TM3740_P.Tebt.1.104.jpg,Zeta,Ζ,"[2412, 1914, 56, 50]",2800,bt2,3740
train_annotations,1425339,524,TM5836_P.Eleph.1.jpg,dataset/TM5836_P.Eleph.1.jpg,Tau,Τ,"[1983, 4940, 48, 90]",4320,bt2,5836
train_annotations,1307646,457,TM4844_BGU.20.2847.jpg,dataset/TM4844_BGU.20.2847.jpg,Theta,Θ,"[2210, 2803, 104, 104]",10816,bt2,4844
train_annotations,1289129,466,TM144_BGU.3.992.jpg,dataset/TM144_BGU.3.992.jpg,Phi,Φ,"[4230, 837, 82, 233]",19106,bt2,144
test_annotations,1276180,509,TM3682_P.Tebt.1.46.jpg,dataset/TM3682_P.Tebt.1.46.jpg,Sigma,Σ,"[1398, 923, 43, 43]",1849,bt2,3682
test_annotations,1389368,422,TM18497_BGU.4.1053.jpg,dataset/TM18497_BGU.4.1053.jpg,Phi,Φ,"[786, 885, 37, 64]",2368,bt2,18497
train_annotations,1291185,449,TM5579_PSI.10.1098.jpg,dataset/TM5579_PSI.10.1098.jpg,Sigma,Σ,"[1834, 935, 53, 39]",2067,bt2,5579
train_annotations,1305768,553,TM3097_P.Dion.14_R.jpg,dataset/TM3097_P.Dion.14_R.jpg,Alpha,Α,"[1727, 2737, 27, 50]",1350,bt2,3097
test_annotations,1286476,469,TM250_P.Dryton.37.jpg,dataset/TM250_P.Dryton.37.jpg,Xi,Ξ,"[533, 1107, 34, 27]",918,bt2,250
train_annotations,1305511,553,TM3097_P.Dion.14_R.jpg,dataset/TM3097_P.Dion.14_R.jpg,Epsilon,Ε,"[1522, 2257, 33, 52]",1716,bt2,3097
train_annotations,1387813,454,TM58204_P.Dime.3.2_GreekOnly.jpg,dataset/TM58204_P.Dime.3.2_GreekOnly.jpg,Mu,Μ,"[5823, 1722, 120, 108]",12960,bt2,58204
train_annotations,1362396,447,TM5697_SB.5.7532.jpg,dataset/TM5697_SB.5.7532.jpg,Delta,Δ,"[1547, 3267, 88, 82]",7216,bt2,5697
train_annotations,1387113,454,TM58204_P.Dime.3.2_GreekOnly.jpg,dataset/TM58204_P.Dime.3.2_GreekOnly.jpg,Omega,Ω,"[5223, 45, 140, 78]",10920,bt2,58204
train_annotations,1306778,554,TM3098_P.Dion.15_R.jpg,dataset/TM3098_P.Dion.15_R.jpg,Rho,Ρ,"[1143, 2504, 32, 63]",2016,bt2,3098
train_annotations,1314512,541,TM44722_P.Diosk.6.jpg,dataset/TM44722_P.Diosk.6.jpg,Epsilon,Ε,"[653, 1172, 39, 45]",1755,bt2,44722
train_annotations,1388708,541,TM44722_P.Diosk.6.jpg,dataset/TM44722_P.Diosk.6.jpg,Theta,Θ,"[1301, 2405, 42, 51]",2142,bt2,44722
train_annotations,1319931,535,TM17894_P.Wash.Univ.2.77_frag.Vienna.jpg,dataset/TM17894_P.Wash.Univ.2.77_frag.Vienna.jpg,Kappa,Κ,"[3699, 3322, 184, 216]",39744,bt2,17894
train_annotations,1322584,525,TM5837_P.Eleph.2.jpg,dataset/TM5837_P.Eleph.2.jpg,Alpha,Α,"[4515, 392, 78, 75]",5850,bt2,5837
train_annotations,1391085,433,TM1516_P.Lond.7.1953_R.jpg,dataset/TM1516_P.Lond.7.1953_R.jpg,Kappa,Κ,"[397, 1610, 26, 33]",858,bt2,1516
train_annotations,1323090,525,TM5837_P.Eleph.2.jpg,dataset/TM5837_P.Eleph.2.jpg,Upsilon,Υ,"[4074, 1433, 47, 111]",5217,bt2,5837
train_annotations,1324512,427,TM44623_P.Polit.Iud.7_R.jpg,dataset/TM44623_P.Polit.Iud.7_R.jpg,Sigma,Σ,"[183, 1069, 34, 32]",1088,bt2,44623
train_annotations,1284873,440,TM242_BGU.3.997.jpg,dataset/TM242_BGU.3.997.jpg,Psi,Ψ,"[3098, 2711, 123, 162]",19926,bt2,242
train_annotations,1262553,549,TM703255_P.Vindob.inv.G.56637.jpg,dataset/TM703255_P.Vindob.inv.G.56637.jpg,Iota,Ι,"[3910.7413010590017, 6715.679402613566, 63.54009077155825, 264.75420037336653]",7350,bt2,703255
train_annotations,1415284,524,TM5836_P.Eleph.1.jpg,dataset/TM5836_P.Eleph.1.jpg,Rho,Ρ,"[513, 4713, 46, 91]",4186,bt2,5836
train_annotations,1143939,456,TM78025_P.Bingen.45.jpg,dataset/TM78025_P.Bingen.45.jpg,Pi,Π,"[2172, 1603, 101, 90]",9090,bt2,78025
test_annotations,1355721,453,TM13542_P.Tebt.2.386_GreekOnly.jpg,dataset/TM13542_P.Tebt.2.386_GreekOnly.jpg,Psi,Ψ,"[1112, 1090, 67, 101]",6767,bt2,13542
train_annotations,1144544,443,TM131_P.Batav.6_frag.A.jpg,dataset/TM131_P.Batav.6_frag.A.jpg,Iota,Ι,"[4061, 657, 55, 120]",6600,bt2,131
train_annotations,1308771,515,TM4900_BGU.8.1821.jpg,dataset/TM4900_BGU.8.1821.jpg,Chi,Χ,"[954, 2567, 117, 154]",18018,bt2,4900
train_annotations,1308200,418,TM4912_BGU.8.1833.jpg,dataset/TM4912_BGU.8.1833.jpg,Upsilon,Υ,"[984, 2359, 86, 128]",11008,bt2,4912
train_annotations,1390289,423,TM18499_BGU.4.1055.jpg,dataset/TM18499_BGU.4.1055.jpg,Mu,Μ,"[1231, 2562, 70, 56]",3920,bt2,18499
train_annotations,1288175,468,TM243_BGU.3.998.jpg,dataset/TM243_BGU.3.998.jpg,Sigma,Σ,"[1025, 2766, 117, 89]",10413,bt2,243
train_annotations,1283184,546,TM316242_P.Tarich.2.jpg,dataset/TM316242_P.Tarich.2.jpg,Theta,Θ,"[1668, 5799, 89, 121]",10769,bt2,316242
train_annotations,1251331,511,TM3689_P.Tebt.1.53.jpg,dataset/TM3689_P.Tebt.1.53.jpg,Kappa,Κ,"[1805, 1321, 67, 97]",6499,bt2,3689
test_annotations,1355188,436,TM1536_P.Lond.7.1973_R.jpg,dataset/TM1536_P.Lond.7.1973_R.jpg,Phi,Φ,"[251, 559, 19, 50]",950,bt2,1536
test_annotations,1288650,442,TM56_BGU.3.994.jpg,dataset/TM56_BGU.3.994.jpg,Pi,Π,"[4083, 1960, 123, 118]",14514,bt2,56
train_annotations,1312565,547,TM316244_P.Tarich.4a.jpg,dataset/TM316244_P.Tarich.4a.jpg,Tau,Τ,"[2219, 3231, 67, 95]",6365,bt2,316244
train_annotations,1362784,449,TM5579_PSI.10.1098.jpg,dataset/TM5579_PSI.10.1098.jpg,Epsilon,Ε,"[1191, 1557, 50, 79]",3950,bt2,5579
train_annotations,1297477,555,TM3099_P.Dion.16_R.jpg,dataset/TM3099_P.Dion.16_R.jpg,Mu,Μ,"[2057, 1518, 37, 35]",1295,bt2,3099
train_annotations,1278329,510,TM3686_P.Tebt.1.50.jpg,dataset/TM3686_P.Tebt.1.50.jpg,Tau,Τ,"[1067, 429, 38, 44]",1672,bt2,3686
test_annotations,1392407,489,TM1579_P.Lond.7.2017.jpg,dataset/TM1579_P.Lond.7.2017.jpg,Omicron,Ο,"[881, 767, 7, 11]",77,bt2,1579
train_annotations,1322824,525,TM5837_P.Eleph.2.jpg,dataset/TM5837_P.Eleph.2.jpg,Tau,Τ,"[1308, 1200, 102, 79]",8058,bt2,5837
train_annotations,1378766,503,TM3433_UPZ.1.42.jpg,dataset/TM3433_UPZ.1.42.jpg,Epsilon,Ε,"[1247, 129, 15, 21]",315,bt2,3433
test_annotations,1281342,556,TM3283_P.Enteux.6.jpg,dataset/TM3283_P.Enteux.6.jpg,Omega,Ω,"[3042, 774, 75, 50]",3750,bt2,3283
test_annotations,1363838,527,TM5842_P.Eleph.8.jpg,dataset/TM5842_P.Eleph.8.jpg,Kappa,Κ,"[1753, 6185, 116, 148]",17168,bt2,5842
train_annotations,1281587,545,TM121853_P.Sorb.3.71.jpg,dataset/TM121853_P.Sorb.3.71.jpg,Alpha,Α,"[1190, 270, 41, 45]",1845,bt2,121853
train_annotations,1289302,466,TM144_BGU.3.992.jpg,dataset/TM144_BGU.3.992.jpg,Upsilon,Υ,"[7503, 996, 84, 60]",5040,bt2,144
test_annotations,1371049,557,TM3286_P.Enteux.9.jpg,dataset/TM3286_P.Enteux.9.jpg,Nu,Ν,"[2766, 1195, 48, 75]",3600,bt2,3286
train_annotations,1282939,546,TM316242_P.Tarich.2.jpg,dataset/TM316242_P.Tarich.2.jpg,Alpha,Α,"[919, 2763, 115, 129]",14835,bt2,316242
train_annotations,1262234,549,TM703255_P.Vindob.inv.G.56637.jpg,dataset/TM703255_P.Vindob.inv.G.56637.jpg,Iota,Ι,"[1059.001512859304, 3296.568014934661, 77.15582450832072, 157.33963907902924]",5304,bt2,703255
train_annotations,1146885,449,TM5579_PSI.10.1098.jpg,dataset/TM5579_PSI.10.1098.jpg,Omega,Ω,"[1479, 795, 36, 35]",1260,bt2,5579
train_annotations,1380547,558,TM3289_P.Enteux.12.jpg,dataset/TM3289_P.Enteux.12.jpg,Theta,Θ,"[3661, 991, 37, 51]",1887,bt2,3289
test_annotations,1377317,484,TM1137_P.Cair.Zen.3.59499_R.jpg,dataset/TM1137_P.Cair.Zen.3.59499_R.jpg,Delta,Δ,"[3471, 3015, 54, 53]",2862,bt2,1137
train_annotations,1284495,440,TM242_BGU.3.997.jpg,dataset/TM242_BGU.3.997.jpg,Omicron,Ο,"[3309, 2011, 72, 85]",6120,bt2,242
train_annotations,1316655,528,TM5850_P.Eleph.17_R.jpg,dataset/TM5850_P.Eleph.17_R.jpg,Rho,Ρ,"[1665, 4742, 151, 190]",28690,bt2,5850
train_annotations,1387640,454,TM58204_P.Dime.3.2_GreekOnly.jpg,dataset/TM58204_P.Dime.3.2_GreekOnly.jpg,Gamma,Γ,"[6781, 1342, 72, 115]",8280,bt2,58204
train_annotations,1405157,525,TM5837_P.Eleph.2.jpg,dataset/TM5837_P.Eleph.2.jpg,Omega,Ω,"[4113, 4096, 83, 67]",5561,bt2,5837
train_annotations,1282583,545,TM121853_P.Sorb.3.71.jpg,dataset/TM121853_P.Sorb.3.71.jpg,Gamma,Γ,"[1100, 853, 38, 55]",2090,bt2,121853
test_annotations,1288717,442,TM56_BGU.3.994.jpg,dataset/TM56_BGU.3.994.jpg,Tau,Τ,"[4462, 2130, 106, 116]",12296,bt2,56
train_annotations,1352503,694,TM4820_BGU.8.1738.P.Bingen.53_frag.A.jpg,dataset/TM4820_BGU.8.1738.P.Bingen.53_frag.A.jpg,Delta,Δ,"[3606, 923, 97, 105]",10185,bt2,4820
train_annotations,1395433,424,TM18503_BGU.4.1058.jpg,dataset/TM18503_BGU.4.1058.jpg,Chi,Χ,"[1671, 6934, 140, 131]",18340,bt2,18503
train_annotations,1324932,587,TM44878_P.Dryton.56.jpg,dataset/TM44878_P.Dryton.56.jpg,Theta,Θ,"[2889, 1584, 128, 185]",23680,bt2,44878
test_annotations,1390004,422,TM18497_BGU.4.1053.jpg,dataset/TM18497_BGU.4.1053.jpg,Xi,Ξ,"[1109, 3414, 50, 45]",2250,bt2,18497
train_annotations,1275710,508,TM3681_P.Tebt.1.45.jpg,dataset/TM3681_P.Tebt.1.45.jpg,Upsilon,Υ,"[1619, 1673, 41, 46]",1886,bt2,3681
train_annotations,1319762,535,TM17894_P.Wash.Univ.2.77_frag.Vienna.jpg,dataset/TM17894_P.Wash.Univ.2.77_frag.Vienna.jpg,Iota,Ι,"[2646, 1175, 98, 169]",16562,bt2,17894
train_annotations,1308591,523,TM5699_SB.5.7609.jpg,dataset/TM5699_SB.5.7609.jpg,Mu,Μ,"[1401, 5245, 122, 122]",14884,bt2,5699
train_annotations,1361020,502,TM3432_UPZ.1.41.jpg,dataset/TM3432_UPZ.1.41.jpg,Theta,Θ,"[392, 377, 12, 22]",264,bt2,3432
train_annotations,1280879,483,TM1011_P.Cair.Zen.3.59368.jpg,dataset/TM1011_P.Cair.Zen.3.59368.jpg,Mu,Μ,"[1562, 1828, 58, 51]",2958,bt2,1011
train_annotations,1319701,451,TM14532_SB.14.11933.jpg,dataset/TM14532_SB.14.11933.jpg,Omicron,Ο,"[806, 633, 26, 34]",884,bt2,14532
train_annotations,1277793,510,TM3686_P.Tebt.1.50.jpg,dataset/TM3686_P.Tebt.1.50.jpg,Beta,Β,"[1988, 2506, 55, 78]",4290,bt2,3686
train_annotations,1261763,550,TM977098_P.Koeln.Sarapion.1.jpg,dataset/TM977098_P.Koeln.Sarapion.1.jpg,Omicron,Ο,"[1335, 3355, 85, 101]",8585,bt2,977098
train_annotations,1325126,543,TM78357_P.Heid.7.394.jpg,dataset/TM78357_P.Heid.7.394.jpg,Epsilon,Ε,"[563, 1788, 52, 64]",3328,bt2,78357
train_annotations,1404988,525,TM5837_P.Eleph.2.jpg,dataset/TM5837_P.Eleph.2.jpg,Kappa,Κ,"[3847, 3836, 69, 101]",6969,bt2,5837
train_annotations,1260849,503,TM3433_UPZ.1.42.jpg,dataset/TM3433_UPZ.1.42.jpg,Chi,Χ,"[471, 311, 18, 22]",396,bt2,3433
train_annotations,1384055,412,TM255_P.Dryton.17_frag.London.jpg,dataset/TM255_P.Dryton.17_frag.London.jpg,Kappa,Κ,"[321, 251, 18, 27]",486,bt2,255
train_annotations,1342358,644,TM5853_P.Eleph.20_V.jpg,dataset/TM5853_P.Eleph.20_V.jpg,Omicron,Ο,"[1372, 7244, 130, 167]",21710,bt2,5853
train_annotations,1304182,552,TM3094_P.Dion.11.jpg,dataset/TM3094_P.Dion.11.jpg,Mu,Μ,"[1058, 1364, 54, 48]",2592,bt2,3094
train_annotations,1410723,505,TM3563_P.Tor.Choach.12.01.jpg,dataset/TM3563_P.Tor.Choach.12.01.jpg,Eta,Η,"[968, 3305, 77, 71]",5467,bt2,3563
train_annotations,1416542,538,TM18592_BGU.4.1146.jpg,dataset/TM18592_BGU.4.1146.jpg,Kappa,Κ,"[661, 1532, 60, 82]",4920,bt2,18592
test_annotations,1278962,448,TM127_BGU.3.999.jpg,dataset/TM127_BGU.3.999.jpg,Eta,Η,"[1641, 2036, 79, 89]",7031,bt2,127
test_annotations,1389641,422,TM18497_BGU.4.1053.jpg,dataset/TM18497_BGU.4.1053.jpg,Mu,Μ,"[1175, 2009, 50, 51]",2550,bt2,18497
train_annotations,1291847,536,TM18560_BGU.4.1118.jpg,dataset/TM18560_BGU.4.1118.jpg,Zeta,Ζ,"[1690, 2238, 29, 52]",1508,bt2,18560
train_annotations,1337008,554,TM3098_P.Dion.15_R.jpg,dataset/TM3098_P.Dion.15_R.jpg,Omega,Ω,"[2185, 3284, 67, 52]",3484,bt2,3098
train_annotations,1410301,555,TM3099_P.Dion.16_R.jpg,dataset/TM3099_P.Dion.16_R.jpg,Gamma,Γ,"[1540, 3451, 37, 40]",1480,bt2,3099
test_annotations,1309993,557,TM3286_P.Enteux.9.jpg,dataset/TM3286_P.Enteux.9.jpg,Nu,Ν,"[1750, 696, 57, 63]",3591,bt2,3286
test_annotations,1392425,489,TM1579_P.Lond.7.2017.jpg,dataset/TM1579_P.Lond.7.2017.jpg,Iota,Ι,"[323, 784, 7, 18]",126,bt2,1579
train_annotations,1404749,525,TM5837_P.Eleph.2.jpg,dataset/TM5837_P.Eleph.2.jpg,Epsilon,Ε,"[388, 3589, 44, 59]",2596,bt2,5837
train_annotations,1367564,708,TM663_P.Cair.Zen.1.59001_frag.Florence.jpg,dataset/TM663_P.Cair.Zen.1.59001_frag.Florence.jpg,Pi,Π,"[190, 125, 37, 25]",925,bt2,663
train_annotations,1321576,496,TM2818_P.Hib.1.85.jpg,dataset/TM2818_P.Hib.1.85.jpg,Mu,Μ,"[281, 1478, 30, 25]",750,bt2,2818
train_annotations,1361645,502,TM3432_UPZ.1.41.jpg,dataset/TM3432_UPZ.1.41.jpg,Psi,Ψ,"[597, 821, 15, 49]",735,bt2,3432
train_annotations,1144798,440,TM242_BGU.3.997.jpg,dataset/TM242_BGU.3.997.jpg,Theta,Θ,"[6865, 1397, 83, 90]",7470,bt2,242
train_annotations,1396196,524,TM5836_P.Eleph.1.jpg,dataset/TM5836_P.Eleph.1.jpg,Delta,Δ,"[1413, 1078, 51, 96]",4896,bt2,5836
train_annotations,1289239,466,TM144_BGU.3.992.jpg,dataset/TM144_BGU.3.992.jpg,Eta,Η,"[7391, 846, 73, 67]",4891,bt2,144
train_annotations,1307819,457,TM4844_BGU.20.2847.jpg,dataset/TM4844_BGU.20.2847.jpg,Xi,Ξ,"[1072, 4893, 100, 126]",12600,bt2,4844
test_annotations,1281323,556,TM3283_P.Enteux.6.jpg,dataset/TM3283_P.Enteux.6.jpg,Nu,Ν,"[2107, 763, 60, 90]",5400,bt2,3283
train_annotations,1359417,471,TM254_P.Dryton.16_R.jpg,dataset/TM254_P.Dryton.16_R.jpg,Lambda,Λ,"[726, 1114, 15, 17]",255,bt2,254
train_annotations,1394566,418,TM4912_BGU.8.1833.jpg,dataset/TM4912_BGU.8.1833.jpg,Pi,Π,"[2557, 2402, 90, 113]",10170,bt2,4912
train_annotations,1390747,514,TM4344_SB.12.11061_frag.Hamburg.jpg,dataset/TM4344_SB.12.11061_frag.Hamburg.jpg,Epsilon,Ε,"[4553, 2363, 56, 93]",5208,bt2,4344
train_annotations,1261020,503,TM3433_UPZ.1.42.jpg,dataset/TM3433_UPZ.1.42.jpg,Epsilon,Ε,"[878, 401, 7, 26]",182,bt2,3433
train_annotations,1387262,454,TM58204_P.Dime.3.2_GreekOnly.jpg,dataset/TM58204_P.Dime.3.2_GreekOnly.jpg,Lambda,Λ,"[7468, 231, 68, 88]",5984,bt2,58204
train_annotations,1370096,709,TM253_P.Dryton.33_frag.London.jpg,dataset/TM253_P.Dryton.33_frag.London.jpg,Upsilon,Υ,"[419, 290, 17, 19]",323,bt2,253
train_annotations,1359286,471,TM254_P.Dryton.16_R.jpg,dataset/TM254_P.Dryton.16_R.jpg,Sigma,Σ,"[460, 965, 13, 16]",208,bt2,254
train_annotations,1325015,543,TM78357_P.Heid.7.394.jpg,dataset/TM78357_P.Heid.7.394.jpg,Lambda,Λ,"[630, 526, 76, 60]",4560,bt2,78357
test_annotations,1377018,484,TM1137_P.Cair.Zen.3.59499_R.jpg,dataset/TM1137_P.Cair.Zen.3.59499_R.jpg,Rho,Ρ,"[1751, 2556, 48, 129]",6192,bt2,1137
train_annotations,1404673,525,TM5837_P.Eleph.2.jpg,dataset/TM5837_P.Eleph.2.jpg,Nu,Ν,"[977, 3441, 77, 78]",6006,bt2,5837
train_annotations,1347050,558,TM3289_P.Enteux.12.jpg,dataset/TM3289_P.Enteux.12.jpg,Nu,Ν,"[3067, 1293, 48, 44]",2112,bt2,3289
train_annotations,1323850,537,TM18570_BGU.4.1127.jpg,dataset/TM18570_BGU.4.1127.jpg,Omicron,Ο,"[1327, 2265, 21, 31]",651,bt2,18570
train_annotations,1324591,428,TM44624_P.Polit.Iud.8.jpg,dataset/TM44624_P.Polit.Iud.8.jpg,Tau,Τ,"[535, 453, 36, 40]",1440,bt2,44624
train_annotations,1321288,425,TM18552_BGU.4.1111.jpg,dataset/TM18552_BGU.4.1111.jpg,Tau,Τ,"[2207, 4296, 58, 99]",5742,bt2,18552
train_annotations,1396930,524,TM5836_P.Eleph.1.jpg,dataset/TM5836_P.Eleph.1.jpg,Eta,Η,"[311, 2382, 60, 82]",4920,bt2,5836
train_annotations,1255573,480,TM905_P.Cair.Zen.2.59261.jpg,dataset/TM905_P.Cair.Zen.2.59261.jpg,Pi,Π,"[589, 2309, 73, 39]",2847,bt2,905
train_annotations,1312494,547,TM316244_P.Tarich.4a.jpg,dataset/TM316244_P.Tarich.4a.jpg,Lambda,Λ,"[1237, 2589, 70, 81]",5670,bt2,316244
train_annotations,1146456,417,TM4911_BGU.8.1832.jpg,dataset/TM4911_BGU.8.1832.jpg,Theta,Θ,"[1912, 2131, 84, 128]",10752,bt2,4911
train_annotations,1387671,454,TM58204_P.Dime.3.2_GreekOnly.jpg,dataset/TM58204_P.Dime.3.2_GreekOnly.jpg,Eta,Η,"[10095, 1353, 110, 113]",12430,bt2,58204
train_annotations,1336981,554,TM3098_P.Dion.15_R.jpg,dataset/TM3098_P.Dion.15_R.jpg,Delta,Δ,"[550, 3316, 57, 57]",3249,bt2,3098
train_annotations,1329930,437,TM663_P.Cair.Zen.1.59001_frag.Cairo.jpg,dataset/TM663_P.Cair.Zen.1.59001_frag.Cairo.jpg,Alpha,Α,"[1912, 1294, 50, 52]",2600,bt2,663
train_annotations,1359225,471,TM254_P.Dryton.16_R.jpg,dataset/TM254_P.Dryton.16_R.jpg,Theta,Θ,"[746, 850, 26, 25]",650,bt2,254
train_annotations,1390558,423,TM18499_BGU.4.1055.jpg,dataset/TM18499_BGU.4.1055.jpg,Lambda,Λ,"[1130, 3200, 37, 41]",1517,bt2,18499
train_annotations,1313861,446,TM3740_P.Tebt.1.104.jpg,dataset/TM3740_P.Tebt.1.104.jpg,Lambda,Λ,"[1623, 1712, 36, 52]",1872,bt2,3740
test_annotations,1278785,448,TM127_BGU.3.999.jpg,dataset/TM127_BGU.3.999.jpg,Lambda,Λ,"[5073, 1554, 58, 82]",4756,bt2,127
train_annotations,1384921,492,TM2133_PSI.5.510.jpg,dataset/TM2133_PSI.5.510.jpg,Gamma,Γ,"[427, 1115, 38, 49]",1862,bt2,2133
train_annotations,1289497,466,TM144_BGU.3.992.jpg,dataset/TM144_BGU.3.992.jpg,Tau,Τ,"[7640, 1647, 83, 71]",5893,bt2,144
train_annotations,1406917,526,TM5838_P.Eleph.3.jpg,dataset/TM5838_P.Eleph.3.jpg,Delta,Δ,"[1097, 2417, 75, 89]",6675,bt2,5838
train_annotations,1315630,449,TM5579_PSI.10.1098.jpg,dataset/TM5579_PSI.10.1098.jpg,Nu,Ν,"[1728, 988, 48, 50]",2400,bt2,5579
train_annotations,1373151,728,TM131_P.Batav.6_frag.B.jpg,dataset/TM131_P.Batav.6_frag.B.jpg,Rho,Ρ,"[6054, 1311, 108, 156]",16848,bt2,131
train_annotations,1254570,547,TM316244_P.Tarich.4a.jpg,dataset/TM316244_P.Tarich.4a.jpg,Phi,Φ,"[2049, 917, 90, 190]",17100,bt2,316244
test_annotations,1301865,486,TM1539_P.Lond.7.1976.jpg,dataset/TM1539_P.Lond.7.1976.jpg,Nu,Ν,"[463, 1117, 39, 38]",1482,bt2,1539
train_annotations,1321530,496,TM2818_P.Hib.1.85.jpg,dataset/TM2818_P.Hib.1.85.jpg,Lambda,Λ,"[354, 1392, 21, 17]",357,bt2,2818
train_annotations,1322445,445,TM3745_P.Tebt.1.109.jpg,dataset/TM3745_P.Tebt.1.109.jpg,Upsilon,Υ,"[791, 2143, 45, 46]",2070,bt2,3745
train_annotations,1395775,450,TM5255_P.Oxy.14.1629.jpg,dataset/TM5255_P.Oxy.14.1629.jpg,Upsilon,Υ,"[276, 481, 17, 14]",238,bt2,5255
train_annotations,1283503,524,TM5836_P.Eleph.1.jpg,dataset/TM5836_P.Eleph.1.jpg,Sigma,Σ,"[2396, 787, 63, 89]",5607,bt2,5836
test_annotations,1391495,489,TM1579_P.Lond.7.2017.jpg,dataset/TM1579_P.Lond.7.2017.jpg,Epsilon,Ε,"[148, 401, 11, 17]",187,bt2,1579
test_annotations,1378096,485,TM1137_P.Cair.Zen.3.59499_V.jpg,dataset/TM1137_P.Cair.Zen.3.59499_V.jpg,Kappa,Κ,"[3175, 1373, 45, 79]",3555,bt2,1137
train_annotations,1342806,644,TM5853_P.Eleph.20_V.jpg,dataset/TM5853_P.Eleph.20_V.jpg,Nu,Ν,"[1222, 1353, 116, 126]",14616,bt2,5853
train_annotations,1289784,447,TM5697_SB.5.7532.jpg,dataset/TM5697_SB.5.7532.jpg,Alpha,Α,"[1501, 2563, 77, 56]",4312,bt2,5697
train_annotations,1295060,466,TM144_BGU.3.992.jpg,dataset/TM144_BGU.3.992.jpg,Kappa,Κ,"[9373, 1078, 99, 85]",8415,bt2,144
train_annotations,1358711,542,TM69805_BGU.18.2731.jpg,dataset/TM69805_BGU.18.2731.jpg,Tau,Τ,"[1233, 5171, 89, 80]",7120,bt2,69805
train_annotations,1392669,499,TM3403_UPZ.1.12.jpg,dataset/TM3403_UPZ.1.12.jpg,Omega,Ω,"[247, 89, 14, 9]",126,bt2,3403
train_annotations,1311637,517,TM4927_BGU.8.1848.jpg,dataset/TM4927_BGU.8.1848.jpg,Alpha,Α,"[1767, 1127, 64, 90]",5760,bt2,4927
train_annotations,1323175,525,TM5837_P.Eleph.2.jpg,dataset/TM5837_P.Eleph.2.jpg,Tau,Τ,"[4511, 1576, 54, 94]",5076,bt2,5837
train_annotations,1380587,558,TM3289_P.Enteux.12.jpg,dataset/TM3289_P.Enteux.12.jpg,Beta,Β,"[1922, 1184, 41, 70]",2870,bt2,3289
train_annotations,1337059,554,TM3098_P.Dion.15_R.jpg,dataset/TM3098_P.Dion.15_R.jpg,Rho,Ρ,"[1507, 3444, 33, 71]",2343,bt2,3098
train_annotations,1364119,529,TM7883_P.Sijp.45.jpg,dataset/TM7883_P.Sijp.45.jpg,Mu,Μ,"[2431, 4060, 148, 110]",16280,bt2,7883
train_annotations,1143773,459,TM749316_GRBS.55.649.jpg,dataset/TM749316_GRBS.55.649.jpg,Theta,Θ,"[1918, 1272, 63, 93]",5859,bt2,749316
train_annotations,1397145,524,TM5836_P.Eleph.1.jpg,dataset/TM5836_P.Eleph.1.jpg,Eta,Η,"[1799, 2646, 51, 86]",4386,bt2,5836
train_annotations,1389209,611,TM44623_P.Polit.Iud.7_V.jpg,dataset/TM44623_P.Polit.Iud.7_V.jpg,Omega,Ω,"[2278.0, 1122.223649010166, 150.0, 108.02889245585902]",4050,bt2,44623
train_annotations,1414584,524,TM5836_P.Eleph.1.jpg,dataset/TM5836_P.Eleph.1.jpg,Eta,Η,"[1047, 3542, 64, 93]",5952,bt2,5836
train_annotations,1416690,538,TM18592_BGU.4.1146.jpg,dataset/TM18592_BGU.4.1146.jpg,Phi,Φ,"[1082, 1904, 65, 188]",12220,bt2,18592
train_annotations,1304772,552,TM3094_P.Dion.11.jpg,dataset/TM3094_P.Dion.11.jpg,Mu,Μ,"[682, 2670, 67, 50]",3350,bt2,3094
train_annotations,1411225,505,TM3563_P.Tor.Choach.12.01.jpg,dataset/TM3563_P.Tor.Choach.12.01.jpg,Iota,Ι,"[3109, 4261, 63, 95]",5985,bt2,3563
train_annotations,1318980,452,TM9228_BGU.2.543.jpg,dataset/TM9228_BGU.2.543.jpg,Iota,Ι,"[724, 2903, 60, 106]",6360,bt2,9228
train_annotations,1364701,452,TM9228_BGU.2.543.jpg,dataset/TM9228_BGU.2.543.jpg,Beta,Β,"[972, 4150, 75, 108]",8100,bt2,9228
train_annotations,1253977,538,TM18592_BGU.4.1146.jpg,dataset/TM18592_BGU.4.1146.jpg,Rho,Ρ,"[2485, 584, 46, 100]",4600,bt2,18592
train_annotations,1383964,451,TM14532_SB.14.11933.jpg,dataset/TM14532_SB.14.11933.jpg,Mu,Μ,"[634, 2077, 22, 25]",550,bt2,14532
train_annotations,1311879,517,TM4927_BGU.8.1848.jpg,dataset/TM4927_BGU.8.1848.jpg,Alpha,Α,"[978, 4573, 73, 114]",8322,bt2,4927
test_annotations,1355107,436,TM1536_P.Lond.7.1973_R.jpg,dataset/TM1536_P.Lond.7.1973_R.jpg,Iota,Ι,"[626, 443, 9, 18]",162,bt2,1536
train_annotations,1297492,555,TM3099_P.Dion.16_R.jpg,dataset/TM3099_P.Dion.16_R.jpg,Phi,Φ,"[1017, 1566, 27, 96]",2592,bt2,3099
train_annotations,1277212,510,TM3686_P.Tebt.1.50.jpg,dataset/TM3686_P.Tebt.1.50.jpg,Upsilon,Υ,"[1778, 1479, 35, 50]",1750,bt2,3686
train_annotations,1279886,550,TM977098_P.Koeln.Sarapion.1.jpg,dataset/TM977098_P.Koeln.Sarapion.1.jpg,Lambda,Λ,"[2474, 1372, 91, 146]",13286,bt2,977098
train_annotations,1311397,417,TM4911_BGU.8.1832.jpg,dataset/TM4911_BGU.8.1832.jpg,Rho,Ρ,"[3326, 3442, 69, 128]",8832,bt2,4911
train_annotations,1394837,424,TM18503_BGU.4.1058.jpg,dataset/TM18503_BGU.4.1058.jpg,Omicron,Ο,"[2222, 3585, 72, 106]",7632,bt2,18503
train_annotations,1393739,504,TM3444_UPZ.1.53.jpg,dataset/TM3444_UPZ.1.53.jpg,Mu,Μ,"[290, 643, 23, 24]",552,bt2,3444
train_annotations,1363326,449,TM5579_PSI.10.1098.jpg,dataset/TM5579_PSI.10.1098.jpg,Lambda,Λ,"[760, 2190, 47, 44]",2068,bt2,5579
train_annotations,1253330,529,TM7883_P.Sijp.45.jpg,dataset/TM7883_P.Sijp.45.jpg,Alpha,Α,"[1028, 906, 104, 81]",8424,bt2,7883
train_annotations,1253113,528,TM5850_P.Eleph.17_R.jpg,dataset/TM5850_P.Eleph.17_R.jpg,Sigma,Σ,"[1550, 1868, 84, 124]",10416,bt2,5850
train_annotations,1363473,449,TM5579_PSI.10.1098.jpg,dataset/TM5579_PSI.10.1098.jpg,Epsilon,Ε,"[783, 2342, 46, 61]",2806,bt2,5579
train_annotations,1321064,424,TM18503_BGU.4.1058.jpg,dataset/TM18503_BGU.4.1058.jpg,Gamma,Γ,"[510, 2131, 106, 100]",10600,bt2,18503
train_annotations,1261723,550,TM977098_P.Koeln.Sarapion.1.jpg,dataset/TM977098_P.Koeln.Sarapion.1.jpg,Omega,Ω,"[858, 2981, 106, 111]",11766,bt2,977098
train_annotations,1277553,466,TM144_BGU.3.992.jpg,dataset/TM144_BGU.3.992.jpg,Omicron,Ο,"[8077, 338, 48, 61]",2928,bt2,144
test_annotations,1144322,448,TM127_BGU.3.999.jpg,dataset/TM127_BGU.3.999.jpg,Omega,Ω,"[3534, 938, 101, 68]",6868,bt2,127
train_annotations,1287641,468,TM243_BGU.3.998.jpg,dataset/TM243_BGU.3.998.jpg,Lambda,Λ,"[2486, 1421, 72, 83]",5976,bt2,243
train_annotations,1385100,492,TM2133_PSI.5.510.jpg,dataset/TM2133_PSI.5.510.jpg,Zeta,Ζ,"[1122, 1359, 44, 47]",2068,bt2,2133
test_annotations,1301655,486,TM1539_P.Lond.7.1976.jpg,dataset/TM1539_P.Lond.7.1976.jpg,Sigma,Σ,"[731, 579, 29, 33]",957,bt2,1539
train_annotations,1314596,473,TM262_P.Grenf.1.38.jpg,dataset/TM262_P.Grenf.1.38.jpg,Iota,Ι,"[758, 421, 11, 21]",231,bt2,262
train_annotations,1253943,538,TM18592_BGU.4.1146.jpg,dataset/TM18592_BGU.4.1146.jpg,Upsilon,Υ,"[600, 514, 76, 90]",6840,bt2,18592
train_annotations,1405779,525,TM5837_P.Eleph.2.jpg,dataset/TM5837_P.Eleph.2.jpg,Theta,Θ,"[4153, 5063, 34, 80]",2720,bt2,5837
train_annotations,1338131,555,TM3099_P.Dion.16_R.jpg,dataset/TM3099_P.Dion.16_R.jpg,Lambda,Λ,"[2160, 4053, 30, 44]",1320,bt2,3099
test_annotations,1320338,422,TM18497_BGU.4.1053.jpg,dataset/TM18497_BGU.4.1053.jpg,Sigma,Σ,"[2141, 1495, 43, 56]",2408,bt2,18497
train_annotations,1317021,514,TM4344_SB.12.11061_frag.Hamburg.jpg,dataset/TM4344_SB.12.11061_frag.Hamburg.jpg,Nu,Ν,"[3425, 1536, 63, 96]",6048,bt2,4344
train_annotations,1425528,524,TM5836_P.Eleph.1.jpg,dataset/TM5836_P.Eleph.1.jpg,Sigma,Σ,"[2354, 5176, 56, 83]",4648,bt2,5836
test_annotations,1301633,486,TM1539_P.Lond.7.1976.jpg,dataset/TM1539_P.Lond.7.1976.jpg,Mu,Μ,"[562, 544, 44, 32]",1408,bt2,1539
test_annotations,1392428,489,TM1579_P.Lond.7.2017.jpg,dataset/TM1579_P.Lond.7.2017.jpg,Mu,Μ,"[354, 784, 14, 12]",168,bt2,1579
train_annotations,1318780,531,TM8771_P.Mich.18.777.jpg,dataset/TM8771_P.Mich.18.777.jpg,Zeta,Ζ,"[393, 419, 45, 36]",1620,bt2,8771
train_annotations,1312008,517,TM4927_BGU.8.1848.jpg,dataset/TM4927_BGU.8.1848.jpg,Kappa,Κ,"[2296, 5490, 64, 152]",9728,bt2,4927
train_annotations,1355943,424,TM18503_BGU.4.1058.jpg,dataset/TM18503_BGU.4.1058.jpg,Xi,Ξ,"[3035, 7239, 103, 109]",11227,bt2,18503
train_annotations,1283128,546,TM316242_P.Tarich.2.jpg,dataset/TM316242_P.Tarich.2.jpg,Delta,Δ,"[1798, 5167, 140, 106]",14840,bt2,316242
train_annotations,1329375,472,TM257_P.Dryton.19_R.jpg,dataset/TM257_P.Dryton.19_R.jpg,Eta,Η,"[252, 390, 24, 26]",624,bt2,257
train_annotations,1312446,547,TM316244_P.Tarich.4a.jpg,dataset/TM316244_P.Tarich.4a.jpg,Kappa,Κ,"[2024, 1999, 76, 94]",7144,bt2,316244
test_annotations,1307425,509,TM3682_P.Tebt.1.46.jpg,dataset/TM3682_P.Tebt.1.46.jpg,Gamma,Γ,"[1459, 3088, 55, 40]",2200,bt2,3682
train_annotations,1388578,541,TM44722_P.Diosk.6.jpg,dataset/TM44722_P.Diosk.6.jpg,Epsilon,Ε,"[1786, 2197, 42, 51]",2142,bt2,44722
train_annotations,1347627,666,TM3987_BGU.14.2380_frag.B.jpg,dataset/TM3987_BGU.14.2380_frag.B.jpg,Delta,Δ,"[1328, 2410, 136, 97]",13192,bt2,3987
train_annotations,1404925,525,TM5837_P.Eleph.2.jpg,dataset/TM5837_P.Eleph.2.jpg,Rho,Ρ,"[702, 3806, 45, 86]",3870,bt2,5837
train_annotations,1365265,541,TM44722_P.Diosk.6.jpg,dataset/TM44722_P.Diosk.6.jpg,Omicron,Ο,"[2538, 889, 38, 37]",1406,bt2,44722
test_annotations,1281264,556,TM3283_P.Enteux.6.jpg,dataset/TM3283_P.Enteux.6.jpg,Omicron,Ο,"[2701, 648, 29, 51]",1479,bt2,3283
train_annotations,1381090,500,TM3409_UPZ.1.18.jpg,dataset/TM3409_UPZ.1.18.jpg,Mu,Μ,"[386, 641, 26, 19]",494,bt2,3409
train_annotations,1311941,517,TM4927_BGU.8.1848.jpg,dataset/TM4927_BGU.8.1848.jpg,Alpha,Α,"[2432, 4776, 63, 114]",7182,bt2,4927
train_annotations,1393336,499,TM3403_UPZ.1.12.jpg,dataset/TM3403_UPZ.1.12.jpg,Eta,Η,"[200, 1253, 15, 18]",270,bt2,3403
test_annotations,1288336,442,TM56_BGU.3.994.jpg,dataset/TM56_BGU.3.994.jpg,Rho,Ρ,"[2137, 1174, 69, 149]",10281,bt2,56
train_annotations,1410145,555,TM3099_P.Dion.16_R.jpg,dataset/TM3099_P.Dion.16_R.jpg,Delta,Δ,"[731, 3190, 51, 47]",2397,bt2,3099
train_annotations,1379556,525,TM5837_P.Eleph.2.jpg,dataset/TM5837_P.Eleph.2.jpg,Mu,Μ,"[4191, 1863, 102, 59]",6018,bt2,5837
train_annotations,1380748,500,TM3409_UPZ.1.18.jpg,dataset/TM3409_UPZ.1.18.jpg,Kappa,Κ,"[165, 348, 20, 25]",500,bt2,3409
train_annotations,1321177,425,TM18552_BGU.4.1111.jpg,dataset/TM18552_BGU.4.1111.jpg,Chi,Χ,"[681, 1746, 119, 124]",14756,bt2,18552
train_annotations,1311378,417,TM4911_BGU.8.1832.jpg,dataset/TM4911_BGU.8.1832.jpg,Delta,Δ,"[1345, 3529, 97, 91]",8827,bt2,4911
train_annotations,1287035,468,TM243_BGU.3.998.jpg,dataset/TM243_BGU.3.998.jpg,Chi,Χ,"[6971, 1472, 90, 100]",9000,bt2,243
test_annotations,1355655,453,TM13542_P.Tebt.2.386_GreekOnly.jpg,dataset/TM13542_P.Tebt.2.386_GreekOnly.jpg,Gamma,Γ,"[1752, 927, 38, 48]",1824,bt2,13542
train_annotations,1302793,488,TM1575_P.Lond.7.2013_R.jpg,dataset/TM1575_P.Lond.7.2013_R.jpg,Pi,Π,"[619, 301, 33, 30]",990,bt2,1575
train_annotations,1329290,579,TM316241_P.Tarich.1.jpg,dataset/TM316241_P.Tarich.1.jpg,Chi,Χ,"[3202.558034158243, 1216.140124452639, 90.01568490763333, 104.01198432818622]",2340,bt2,316241
train_annotations,1324240,426,TM44617_P.Polit.Iud.1.jpg,dataset/TM44617_P.Polit.Iud.1.jpg,Omicron,Ο,"[511, 796, 26, 41]",1066,bt2,44617
train_annotations,1317000,514,TM4344_SB.12.11061_frag.Hamburg.jpg,dataset/TM4344_SB.12.11061_frag.Hamburg.jpg,Epsilon,Ε,"[2040, 1527, 52, 93]",4836,bt2,4344
train_annotations,1282777,545,TM121853_P.Sorb.3.71.jpg,dataset/TM121853_P.Sorb.3.71.jpg,Sigma,Σ,"[472, 1635, 31, 41]",1271,bt2,121853
train_annotations,1362232,449,TM5579_PSI.10.1098.jpg,dataset/TM5579_PSI.10.1098.jpg,Nu,Ν,"[1507, 1402, 48, 43]",2064,bt2,5579
train_annotations,1329123,579,TM316241_P.Tarich.1.jpg,dataset/TM316241_P.Tarich.1.jpg,Tau,Τ,"[1214.2115719762983, 2500.2880848121686, 86.0149878006274, 86.00991011753861]",1849,bt2,316241
train_annotations,1287737,468,TM243_BGU.3.998.jpg,dataset/TM243_BGU.3.998.jpg,Mu,Μ,"[336, 1727, 104, 81]",8424,bt2,243
test_annotations,1389458,422,TM18497_BGU.4.1053.jpg,dataset/TM18497_BGU.4.1053.jpg,Omega,Ω,"[991, 1192, 61, 41]",2501,bt2,18497
train_annotations,1358567,542,TM69805_BGU.18.2731.jpg,dataset/TM69805_BGU.18.2731.jpg,Nu,Ν,"[2141, 3944, 91, 119]",10829,bt2,69805
train_annotations,1321209,425,TM18552_BGU.4.1111.jpg,dataset/TM18552_BGU.4.1111.jpg,Chi,Χ,"[1348, 2082, 85, 96]",8160,bt2,18552
train_annotations,1298416,433,TM1516_P.Lond.7.1953_R.jpg,dataset/TM1516_P.Lond.7.1953_R.jpg,Epsilon,Ε,"[481, 789, 31, 32]",992,bt2,1516
train_annotations,1337012,554,TM3098_P.Dion.15_R.jpg,dataset/TM3098_P.Dion.15_R.jpg,Pi,Π,"[692, 3398, 54, 45]",2430,bt2,3098
train_annotations,1316363,530,TM8337_P.Mich.3.173.jpg,dataset/TM8337_P.Mich.3.173.jpg,Upsilon,Υ,"[2225, 5088, 95, 113]",10735,bt2,8337
train_annotations,1390295,423,TM18499_BGU.4.1055.jpg,dataset/TM18499_BGU.4.1055.jpg,Delta,Δ,"[700, 2592, 51, 44]",2244,bt2,18499
test_annotations,1355514,453,TM13542_P.Tebt.2.386_GreekOnly.jpg,dataset/TM13542_P.Tebt.2.386_GreekOnly.jpg,Iota,Ι,"[1488, 542, 31, 44]",1364,bt2,13542
train_annotations,1304626,552,TM3094_P.Dion.11.jpg,dataset/TM3094_P.Dion.11.jpg,Lambda,Λ,"[700, 2361, 33, 47]",1551,bt2,3094
train_annotations,1306863,554,TM3098_P.Dion.15_R.jpg,dataset/TM3098_P.Dion.15_R.jpg,Upsilon,Υ,"[1115, 2648, 47, 51]",2397,bt2,3098
train_annotations,1311998,517,TM4927_BGU.8.1848.jpg,dataset/TM4927_BGU.8.1848.jpg,Alpha,Α,"[1535, 5588, 145, 149]",21605,bt2,4927
train_annotations,1382734,446,TM3740_P.Tebt.1.104.jpg,dataset/TM3740_P.Tebt.1.104.jpg,Omega,Ω,"[2302, 1772, 63, 51]",3213,bt2,3740
test_annotations,1382353,501,TM3415_UPZ.1.24.jpg,dataset/TM3415_UPZ.1.24.jpg,Gamma,Γ,"[799, 1240, 18, 22]",396,bt2,3415
test_annotations,1288724,442,TM56_BGU.3.994.jpg,dataset/TM56_BGU.3.994.jpg,Tau,Τ,"[5068, 2103, 81, 125]",10125,bt2,56
train_annotations,1354210,432,TM1511_P.Lond.7.1948_R.jpg,dataset/TM1511_P.Lond.7.1948_R.jpg,Kappa,Κ,"[608, 264, 17, 18]",306,bt2,1511
train_annotations,1373881,728,TM131_P.Batav.6_frag.B.jpg,dataset/TM131_P.Batav.6_frag.B.jpg,Upsilon,Υ,"[3884, 840, 83, 156]",12948,bt2,131
test_annotations,1283409,556,TM3283_P.Enteux.6.jpg,dataset/TM3283_P.Enteux.6.jpg,Theta,Θ,"[1546, 1191, 65, 77]",5005,bt2,3283
train_annotations,184009,715,TM665_P.Cair.Zen.1.59003.jpg,dataset/TM665_P.Cair.Zen.1.59003.jpg,Delta,Δ,"[1406, 2415, 65, 56]",3640,bt2,665
train_annotations,1404998,525,TM5837_P.Eleph.2.jpg,dataset/TM5837_P.Eleph.2.jpg,Omega,Ω,"[4414, 3866, 75, 77]",5775,bt2,5837
train_annotations,1144656,440,TM242_BGU.3.997.jpg,dataset/TM242_BGU.3.997.jpg,Beta,Β,"[1327, 1222, 133, 228]",30324,bt2,242
train_annotations,1396452,524,TM5836_P.Eleph.1.jpg,dataset/TM5836_P.Eleph.1.jpg,Kappa,Κ,"[1951, 1526, 63, 73]",4599,bt2,5836
train_annotations,1394437,417,TM4911_BGU.8.1832.jpg,dataset/TM4911_BGU.8.1832.jpg,Omega,Ω,"[2606, 1299, 97, 79]",7663,bt2,4911
train_annotations,1390817,514,TM4344_SB.12.11061_frag.Hamburg.jpg,dataset/TM4344_SB.12.11061_frag.Hamburg.jpg,Mu,Μ,"[5086, 2498, 73, 61]",4453,bt2,4344
train_annotations,1410008,555,TM3099_P.Dion.16_R.jpg,dataset/TM3099_P.Dion.16_R.jpg,Rho,Ρ,"[779, 3000, 29, 55]",1595,bt2,3099
train_annotations,1317976,430,TM1803_P.Col.4.90_upper.jpg,dataset/TM1803_P.Col.4.90_upper.jpg,Rho,Ρ,"[2620, 1745, 32, 48]",1536,bt2,1803
train_annotations,1410003,555,TM3099_P.Dion.16_R.jpg,dataset/TM3099_P.Dion.16_R.jpg,Lambda,Λ,"[2156, 2912, 26, 32]",832,bt2,3099
train_annotations,1319758,535,TM17894_P.Wash.Univ.2.77_frag.Vienna.jpg,dataset/TM17894_P.Wash.Univ.2.77_frag.Vienna.jpg,Beta,Β,"[2266, 1065, 141, 262]",36942,bt2,17894
train_annotations,1382577,446,TM3740_P.Tebt.1.104.jpg,dataset/TM3740_P.Tebt.1.104.jpg,Eta,Η,"[2382, 1348, 49, 50]",2450,bt2,3740
train_annotations,1307746,457,TM4844_BGU.20.2847.jpg,dataset/TM4844_BGU.20.2847.jpg,Mu,Μ,"[1488, 3929, 134, 100]",13400,bt2,4844
train_annotations,1308697,515,TM4900_BGU.8.1821.jpg,dataset/TM4900_BGU.8.1821.jpg,Mu,Μ,"[1698, 1822, 160, 123]",19680,bt2,4900
train_annotations,1277354,510,TM3686_P.Tebt.1.50.jpg,dataset/TM3686_P.Tebt.1.50.jpg,Xi,Ξ,"[988, 1785, 46, 43]",1978,bt2,3686
train_annotations,1289179,466,TM144_BGU.3.992.jpg,dataset/TM144_BGU.3.992.jpg,Eta,Η,"[7571, 696, 58, 68]",3944,bt2,144
test_annotations,1389425,422,TM18497_BGU.4.1053.jpg,dataset/TM18497_BGU.4.1053.jpg,Omicron,Ο,"[1126, 1055, 23, 30]",690,bt2,18497
train_annotations,1373056,728,TM131_P.Batav.6_frag.B.jpg,dataset/TM131_P.Batav.6_frag.B.jpg,Kappa,Κ,"[5090, 860, 141, 148]",20868,bt2,131
test_annotations,1278473,448,TM127_BGU.3.999.jpg,dataset/TM127_BGU.3.999.jpg,Kappa,Κ,"[1842, 1084, 81, 117]",9477,bt2,127
train_annotations,1289916,447,TM5697_SB.5.7532.jpg,dataset/TM5697_SB.5.7532.jpg,Delta,Δ,"[2537, 2935, 84, 88]",7392,bt2,5697
train_annotations,1416047,534,TM17894_P.Wash.Univ.2.77_frag.Wash.jpg,dataset/TM17894_P.Wash.Univ.2.77_frag.Wash.jpg,Omega,Ω,"[415, 447, 26, 20]",520,bt2,17894
test_annotations,1320271,422,TM18497_BGU.4.1053.jpg,dataset/TM18497_BGU.4.1053.jpg,Eta,Η,"[2006, 1278, 51, 67]",3417,bt2,18497
test_annotations,1422490,469,TM250_P.Dryton.37.jpg,dataset/TM250_P.Dryton.37.jpg,Gamma,Γ,"[426, 975, 19, 22]",418,bt2,250
test_annotations,1381707,501,TM3415_UPZ.1.24.jpg,dataset/TM3415_UPZ.1.24.jpg,Tau,Τ,"[424, 640, 12, 18]",216,bt2,3415
train_annotations,1324706,428,TM44624_P.Polit.Iud.8.jpg,dataset/TM44624_P.Polit.Iud.8.jpg,Gamma,Γ,"[162, 1501, 16, 27]",432,bt2,44624
train_annotations,1331632,553,TM3097_P.Dion.14_R.jpg,dataset/TM3097_P.Dion.14_R.jpg,Xi,Ξ,"[781, 3474, 41, 55]",2255,bt2,3097
train_annotations,1415058,524,TM5836_P.Eleph.1.jpg,dataset/TM5836_P.Eleph.1.jpg,Alpha,Α,"[3401, 4170, 50, 90]",4500,bt2,5836
train_annotations,1294658,441,TM128_BGU.3.1000.jpg,dataset/TM128_BGU.3.1000.jpg,Eta,Η,"[9762, 1193, 60, 66]",3960,bt2,128
test_annotations,1276400,509,TM3682_P.Tebt.1.46.jpg,dataset/TM3682_P.Tebt.1.46.jpg,Delta,Δ,"[1687, 2069, 49, 32]",1568,bt2,3682
train_annotations,1316148,530,TM8337_P.Mich.3.173.jpg,dataset/TM8337_P.Mich.3.173.jpg,Omicron,Ο,"[2454, 2853, 69, 86]",5934,bt2,8337
train_annotations,1289117,470,TM253_P.Dryton.33_frag.Heid.jpg,dataset/TM253_P.Dryton.33_frag.Heid.jpg,Sigma,Σ,"[977, 371, 31, 34]",1054,bt2,253
train_annotations,1313717,446,TM3740_P.Tebt.1.104.jpg,dataset/TM3740_P.Tebt.1.104.jpg,Lambda,Λ,"[976, 1280, 58, 58]",3364,bt2,3740
train_annotations,1288127,468,TM243_BGU.3.998.jpg,dataset/TM243_BGU.3.998.jpg,Nu,Ν,"[2012, 2611, 83, 98]",8134,bt2,243
train_annotations,1360059,491,TM2089_PSI.4.406.jpg,dataset/TM2089_PSI.4.406.jpg,Rho,Ρ,"[70, 229, 7, 17]",119,bt2,2089
train_annotations,1278245,510,TM3686_P.Tebt.1.50.jpg,dataset/TM3686_P.Tebt.1.50.jpg,Gamma,Γ,"[1129, 698, 26, 37]",962,bt2,3686
test_annotations,1381888,501,TM3415_UPZ.1.24.jpg,dataset/TM3415_UPZ.1.24.jpg,Lambda,Λ,"[587, 788, 15, 15]",225,bt2,3415
train_annotations,1343751,495,TM2801_SB.24.16162_GreekOnly.jpg,dataset/TM2801_SB.24.16162_GreekOnly.jpg,Omega,Ω,"[7211, 441, 92, 96]",8832,bt2,2801
train_annotations,1353349,694,TM4820_BGU.8.1738.P.Bingen.53_frag.A.jpg,dataset/TM4820_BGU.8.1738.P.Bingen.53_frag.A.jpg,Omicron,Ο,"[1743, 5104, 64, 80]",5120,bt2,4820
train_annotations,1281596,545,TM121853_P.Sorb.3.71.jpg,dataset/TM121853_P.Sorb.3.71.jpg,Theta,Θ,"[1499, 268, 33, 41]",1353,bt2,121853
train_annotations,1343017,644,TM5853_P.Eleph.20_V.jpg,dataset/TM5853_P.Eleph.20_V.jpg,Lambda,Λ,"[849, 5763, 129, 94]",12126,bt2,5853
test_annotations,1391924,489,TM1579_P.Lond.7.2017.jpg,dataset/TM1579_P.Lond.7.2017.jpg,Epsilon,Ε,"[382, 578, 11, 18]",198,bt2,1579
train_annotations,1381033,500,TM3409_UPZ.1.18.jpg,dataset/TM3409_UPZ.1.18.jpg,Mu,Μ,"[742, 580, 30, 22]",660,bt2,3409
train_annotations,1382949,446,TM3740_P.Tebt.1.104.jpg,dataset/TM3740_P.Tebt.1.104.jpg,Xi,Ξ,"[2036, 2314, 45, 52]",2340,bt2,3740
train_annotations,1361721,502,TM3432_UPZ.1.41.jpg,dataset/TM3432_UPZ.1.41.jpg,Xi,Ξ,"[523, 894, 18, 20]",360,bt2,3432
train_annotations,1385987,548,TM316254_P.Tarich.11.jpg,dataset/TM316254_P.Tarich.11.jpg,Rho,Ρ,"[316, 201, 10, 18]",180,bt2,316254
train_annotations,1254030,538,TM18592_BGU.4.1146.jpg,dataset/TM18592_BGU.4.1146.jpg,Lambda,Λ,"[2116, 691, 66, 74]",4884,bt2,18592
train_annotations,1363468,449,TM5579_PSI.10.1098.jpg,dataset/TM5579_PSI.10.1098.jpg,Omega,Ω,"[2548, 2255, 53, 58]",3074,bt2,5579
train_annotations,1387948,541,TM44722_P.Diosk.6.jpg,dataset/TM44722_P.Diosk.6.jpg,Delta,Δ,"[444, 1426, 46, 47]",2162,bt2,44722
train_annotations,1416568,538,TM18592_BGU.4.1146.jpg,dataset/TM18592_BGU.4.1146.jpg,Omicron,Ο,"[3177, 1517, 46, 73]",3358,bt2,18592
train_annotations,1393581,504,TM3444_UPZ.1.53.jpg,dataset/TM3444_UPZ.1.53.jpg,Tau,Τ,"[584, 444, 20, 20]",400,bt2,3444
train_annotations,1378322,503,TM3433_UPZ.1.42.jpg,dataset/TM3433_UPZ.1.42.jpg,Nu,Ν,"[783, 740, 20, 25]",500,bt2,3433
train_annotations,1360938,502,TM3432_UPZ.1.41.jpg,dataset/TM3432_UPZ.1.41.jpg,Mu,Μ,"[595, 340, 19, 20]",380,bt2,3432
train_annotations,1285346,443,TM131_P.Batav.6_frag.A.jpg,dataset/TM131_P.Batav.6_frag.A.jpg,Theta,Θ,"[3133, 1548, 79, 114]",9006,bt2,131
train_annotations,1381272,500,TM3409_UPZ.1.18.jpg,dataset/TM3409_UPZ.1.18.jpg,Iota,Ι,"[258, 887, 12, 19]",228,bt2,3409
train_annotations,1379649,525,TM5837_P.Eleph.2.jpg,dataset/TM5837_P.Eleph.2.jpg,Lambda,Λ,"[1691, 2198, 59, 64]",3776,bt2,5837
train_annotations,1284850,440,TM242_BGU.3.997.jpg,dataset/TM242_BGU.3.997.jpg,Chi,Χ,"[7734, 2565, 143, 116]",16588,bt2,242
train_annotations,1252812,526,TM5838_P.Eleph.3.jpg,dataset/TM5838_P.Eleph.3.jpg,Pi,Π,"[1041, 462, 78, 94]",7332,bt2,5838
train_annotations,1370138,709,TM253_P.Dryton.33_frag.London.jpg,dataset/TM253_P.Dryton.33_frag.London.jpg,Iota,Ι,"[412, 318, 10, 18]",180,bt2,253
train_annotations,1295134,466,TM144_BGU.3.992.jpg,dataset/TM144_BGU.3.992.jpg,Alpha,Α,"[10249, 1883, 82, 90]",7380,bt2,144
test_annotations,1385856,484,TM1137_P.Cair.Zen.3.59499_R.jpg,dataset/TM1137_P.Cair.Zen.3.59499_R.jpg,Omicron,Ο,"[4188, 2914, 34, 42]",1428,bt2,1137
test_annotations,1297670,557,TM3286_P.Enteux.9.jpg,dataset/TM3286_P.Enteux.9.jpg,Alpha,Α,"[435, 511, 45, 68]",3060,bt2,3286
train_annotations,1395427,424,TM18503_BGU.4.1058.jpg,dataset/TM18503_BGU.4.1058.jpg,Nu,Ν,"[963, 6910, 122, 104]",12688,bt2,18503
train_annotations,1302734,488,TM1575_P.Lond.7.2013_R.jpg,dataset/TM1575_P.Lond.7.2013_R.jpg,Zeta,Ζ,"[385, 235, 26, 24]",624,bt2,1575
test_annotations,1389801,422,TM18497_BGU.4.1053.jpg,dataset/TM18497_BGU.4.1053.jpg,Omicron,Ο,"[1283, 2623, 32, 37]",1184,bt2,18497
train_annotations,1359182,471,TM254_P.Dryton.16_R.jpg,dataset/TM254_P.Dryton.16_R.jpg,Omega,Ω,"[492, 820, 26, 20]",520,bt2,254
train_annotations,1303093,492,TM2133_PSI.5.510.jpg,dataset/TM2133_PSI.5.510.jpg,Theta,Θ,"[943, 760, 34, 51]",1734,bt2,2133
train_annotations,1424487,540,TM44603_P.Eleph.27a.jpg,dataset/TM44603_P.Eleph.27a.jpg,Omega,Ω,"[2020, 5441, 91, 96]",8736,bt2,44603
train_annotations,1316722,528,TM5850_P.Eleph.17_R.jpg,dataset/TM5850_P.Eleph.17_R.jpg,Pi,Π,"[1370, 6225, 146, 119]",17374,bt2,5850
train_annotations,1149690,423,TM18499_BGU.4.1055.jpg,dataset/TM18499_BGU.4.1055.jpg,Rho,Ρ,"[576, 761, 43, 52]",2236,bt2,18499
train_annotations,1280663,544,TM121852_P.Sorb.3.70.jpg,dataset/TM121852_P.Sorb.3.70.jpg,Phi,Φ,"[707, 192, 29, 107]",3103,bt2,121852
train_annotations,183718,715,TM665_P.Cair.Zen.1.59003.jpg,dataset/TM665_P.Cair.Zen.1.59003.jpg,Omicron,Ο,"[1363, 1296, 31, 47]",1457,bt2,665
train_annotations,1303136,492,TM2133_PSI.5.510.jpg,dataset/TM2133_PSI.5.510.jpg,Gamma,Γ,"[439, 836, 51, 47]",2397,bt2,2133
train_annotations,1404962,525,TM5837_P.Eleph.2.jpg,dataset/TM5837_P.Eleph.2.jpg,Alpha,Α,"[2478, 3812, 79, 80]",6320,bt2,5837
train_annotations,1406994,526,TM5838_P.Eleph.3.jpg,dataset/TM5838_P.Eleph.3.jpg,Theta,Θ,"[1579, 2576, 47, 74]",3478,bt2,5838
train_annotations,1312409,547,TM316244_P.Tarich.4a.jpg,dataset/TM316244_P.Tarich.4a.jpg,Upsilon,Υ,"[2100, 1720, 71, 73]",5183,bt2,316244
train_annotations,1330714,551,TM3093_P.Dion.10.jpg,dataset/TM3093_P.Dion.10.jpg,Epsilon,Ε,"[1134, 3064, 34, 57]",1938,bt2,3093
train_annotations,1309959,555,TM3099_P.Dion.16_R.jpg,dataset/TM3099_P.Dion.16_R.jpg,Pi,Π,"[2205, 2761, 41, 39]",1599,bt2,3099
train_annotations,1352842,694,TM4820_BGU.8.1738.P.Bingen.53_frag.A.jpg,dataset/TM4820_BGU.8.1738.P.Bingen.53_frag.A.jpg,Omicron,Ο,"[2322, 2181, 56, 71]",3976,bt2,4820
train_annotations,1295111,466,TM144_BGU.3.992.jpg,dataset/TM144_BGU.3.992.jpg,Xi,Ξ,"[9947, 1747, 62, 82]",5084,bt2,144
train_annotations,1302785,488,TM1575_P.Lond.7.2013_R.jpg,dataset/TM1575_P.Lond.7.2013_R.jpg,Mu,Μ,"[431, 299, 28, 25]",700,bt2,1575
train_annotations,1292005,536,TM18560_BGU.4.1118.jpg,dataset/TM18560_BGU.4.1118.jpg,Sigma,Σ,"[1353, 2205, 34, 45]",1530,bt2,18560
train_annotations,1310293,558,TM3289_P.Enteux.12.jpg,dataset/TM3289_P.Enteux.12.jpg,Omicron,Ο,"[1085, 974, 38, 47]",1786,bt2,3289
train_annotations,1394775,424,TM18503_BGU.4.1058.jpg,dataset/TM18503_BGU.4.1058.jpg,Epsilon,Ε,"[2883, 3269, 99, 103]",10197,bt2,18503
train_annotations,1358121,439,TM44733_P.Diosk.18.jpg,dataset/TM44733_P.Diosk.18.jpg,Gamma,Γ,"[1666, 2531, 44, 53]",2332,bt2,44733
train_annotations,1313885,446,TM3740_P.Tebt.1.104.jpg,dataset/TM3740_P.Tebt.1.104.jpg,Upsilon,Υ,"[654, 1825, 50, 45]",2250,bt2,3740
train_annotations,1330330,437,TM663_P.Cair.Zen.1.59001_frag.Cairo.jpg,dataset/TM663_P.Cair.Zen.1.59001_frag.Cairo.jpg,Pi,Π,"[735, 1395, 55, 53]",2915,bt2,663
train_annotations,1388026,541,TM44722_P.Diosk.6.jpg,dataset/TM44722_P.Diosk.6.jpg,Omega,Ω,"[1630, 1460, 59, 41]",2419,bt2,44722
train_annotations,1323062,525,TM5837_P.Eleph.2.jpg,dataset/TM5837_P.Eleph.2.jpg,Rho,Ρ,"[2327, 1506, 62, 144]",8928,bt2,5837
train_annotations,1394922,424,TM18503_BGU.4.1058.jpg,dataset/TM18503_BGU.4.1058.jpg,Sigma,Σ,"[2341, 4008, 76, 101]",7676,bt2,18503
train_annotations,1252588,523,TM5699_SB.5.7609.jpg,dataset/TM5699_SB.5.7609.jpg,Gamma,Γ,"[732, 3051, 113, 125]",14125,bt2,5699
train_annotations,1262593,549,TM703255_P.Vindob.inv.G.56637.jpg,dataset/TM703255_P.Vindob.inv.G.56637.jpg,Iota,Ι,"[1838.124054462935, 7375.295581829496, 80.18154311649016, 189.11014312383324]",6625,bt2,703255
train_annotations,1262667,549,TM703255_P.Vindob.inv.G.56637.jpg,dataset/TM703255_P.Vindob.inv.G.56637.jpg,Upsilon,Υ,"[2263.2375189107415, 8239.150715619166, 113.464447806354, 175.49421281891725]",8700,bt2,703255
train_annotations,1285194,443,TM131_P.Batav.6_frag.A.jpg,dataset/TM131_P.Batav.6_frag.A.jpg,Omega,Ω,"[7269, 928, 136, 89]",12104,bt2,131
test_annotations,1301567,486,TM1539_P.Lond.7.1976.jpg,dataset/TM1539_P.Lond.7.1976.jpg,Zeta,Ζ,"[567, 339, 36, 37]",1332,bt2,1539
train_annotations,1294881,466,TM144_BGU.3.992.jpg,dataset/TM144_BGU.3.992.jpg,Omicron,Ο,"[10287, 291, 46, 53]",2438,bt2,144
test_annotations,1278943,448,TM127_BGU.3.999.jpg,dataset/TM127_BGU.3.999.jpg,Beta,Β,"[5193, 1814, 66, 101]",6666,bt2,127
train_annotations,1150582,465,TM60_P.Grenf.2.17.jpg,dataset/TM60_P.Grenf.2.17.jpg,Pi,Π,"[640, 169, 31, 24]",744,bt2,60
train_annotations,1252684,524,TM5836_P.Eleph.1.jpg,dataset/TM5836_P.Eleph.1.jpg,Omicron,Ο,"[2720, 302, 37, 62]",2294,bt2,5836
test_annotations,1283370,556,TM3283_P.Enteux.6.jpg,dataset/TM3283_P.Enteux.6.jpg,Gamma,Γ,"[3043, 1059, 50, 68]",3400,bt2,3283
train_annotations,1313693,446,TM3740_P.Tebt.1.104.jpg,dataset/TM3740_P.Tebt.1.104.jpg,Iota,Ι,"[690, 1151, 24, 51]",1224,bt2,3740
train_annotations,1425018,559,TM130532_CPR.29.9_GreekOnly.jpg,dataset/TM130532_CPR.29.9_GreekOnly.jpg,Rho,Ρ,"[3545, 55, 24, 70]",1680,bt2,130532
train_annotations,1278356,510,TM3686_P.Tebt.1.50.jpg,dataset/TM3686_P.Tebt.1.50.jpg,Omicron,Ο,"[1979, 432, 21, 36]",756,bt2,3686
train_annotations,1321507,496,TM2818_P.Hib.1.85.jpg,dataset/TM2818_P.Hib.1.85.jpg,Pi,Π,"[300, 1350, 32, 22]",704,bt2,2818
train_annotations,1362181,449,TM5579_PSI.10.1098.jpg,dataset/TM5579_PSI.10.1098.jpg,Gamma,Γ,"[1631, 1358, 37, 37]",1369,bt2,5579
train_annotations,1322028,505,TM3563_P.Tor.Choach.12.01.jpg,dataset/TM3563_P.Tor.Choach.12.01.jpg,Tau,Τ,"[1558, 2547, 75, 77]",5775,bt2,3563
train_annotations,1390125,423,TM18499_BGU.4.1055.jpg,dataset/TM18499_BGU.4.1055.jpg,Kappa,Κ,"[624, 2143, 43, 51]",2193,bt2,18499
train_annotations,1291160,449,TM5579_PSI.10.1098.jpg,dataset/TM5579_PSI.10.1098.jpg,Iota,Ι,"[950, 952, 28, 49]",1372,bt2,5579
train_annotations,1395648,450,TM5255_P.Oxy.14.1629.jpg,dataset/TM5255_P.Oxy.14.1629.jpg,Epsilon,Ε,"[282, 411, 16, 20]",320,bt2,5255
test_annotations,1392574,489,TM1579_P.Lond.7.2017.jpg,dataset/TM1579_P.Lond.7.2017.jpg,Omicron,Ο,"[225, 859, 11, 11]",121,bt2,1579
train_annotations,1287480,468,TM243_BGU.3.998.jpg,dataset/TM243_BGU.3.998.jpg,Rho,Ρ,"[176, 1120, 53, 130]",6890,bt2,243
train_annotations,1307823,457,TM4844_BGU.20.2847.jpg,dataset/TM4844_BGU.20.2847.jpg,Nu,Ν,"[1481, 4857, 106, 112]",11872,bt2,4844
train_annotations,1362353,449,TM5579_PSI.10.1098.jpg,dataset/TM5579_PSI.10.1098.jpg,Beta,Β,"[2145, 1503, 39, 40]",1560,bt2,5579
train_annotations,1317208,514,TM4344_SB.12.11061_frag.Hamburg.jpg,dataset/TM4344_SB.12.11061_frag.Hamburg.jpg,Gamma,Γ,"[2551, 2511, 68, 76]",5168,bt2,4344
train_annotations,1284658,440,TM242_BGU.3.997.jpg,dataset/TM242_BGU.3.997.jpg,Phi,Φ,"[3763, 2267, 92, 174]",16008,bt2,242
train_annotations,1323339,529,TM7883_P.Sijp.45.jpg,dataset/TM7883_P.Sijp.45.jpg,Nu,Ν,"[2298, 2300, 118, 133]",15694,bt2,7883
train_annotations,1287638,468,TM243_BGU.3.998.jpg,dataset/TM243_BGU.3.998.jpg,Alpha,Α,"[2324, 1417, 73, 78]",5694,bt2,243
test_annotations,1297623,557,TM3286_P.Enteux.9.jpg,dataset/TM3286_P.Enteux.9.jpg,Omega,Ω,"[1623, 431, 68, 44]",2992,bt2,3286
train_annotations,1378807,503,TM3433_UPZ.1.42.jpg,dataset/TM3433_UPZ.1.42.jpg,Omicron,Ο,"[1464, 167, 10, 14]",140,bt2,3433
test_annotations,1310089,557,TM3286_P.Enteux.9.jpg,dataset/TM3286_P.Enteux.9.jpg,Kappa,Κ,"[2786, 853, 45, 65]",2925,bt2,3286
test_annotations,1389367,422,TM18497_BGU.4.1053.jpg,dataset/TM18497_BGU.4.1053.jpg,Mu,Μ,"[737, 894, 49, 37]",1813,bt2,18497
train_annotations,1382806,446,TM3740_P.Tebt.1.104.jpg,dataset/TM3740_P.Tebt.1.104.jpg,Lambda,Λ,"[1991, 1905, 45, 43]",1935,bt2,3740
train_annotations,1276593,419,TM5132_SB.28.16855.jpg,dataset/TM5132_SB.28.16855.jpg,Pi,Π,"[3098, 1404, 99, 105]",10395,bt2,5132
train_annotations,1276555,419,TM5132_SB.28.16855.jpg,dataset/TM5132_SB.28.16855.jpg,Sigma,Σ,"[2077, 1151, 82, 90]",7380,bt2,5132
train_annotations,1283867,439,TM44733_P.Diosk.18.jpg,dataset/TM44733_P.Diosk.18.jpg,Sigma,Σ,"[571, 1502, 39, 43]",1677,bt2,44733
test_annotations,1377576,485,TM1137_P.Cair.Zen.3.59499_V.jpg,dataset/TM1137_P.Cair.Zen.3.59499_V.jpg,Alpha,Α,"[891, 2786, 64, 45]",2880,bt2,1137
train_annotations,1388825,541,TM44722_P.Diosk.6.jpg,dataset/TM44722_P.Diosk.6.jpg,Nu,Ν,"[612, 2585, 53, 48]",2544,bt2,44722
train_annotations,1315739,530,TM8337_P.Mich.3.173.jpg,dataset/TM8337_P.Mich.3.173.jpg,Pi,Π,"[2609, 1575, 136, 95]",12920,bt2,8337
test_annotations,1391295,489,TM1579_P.Lond.7.2017.jpg,dataset/TM1579_P.Lond.7.2017.jpg,Pi,Π,"[446, 299, 17, 13]",221,bt2,1579
train_annotations,1323966,538,TM18592_BGU.4.1146.jpg,dataset/TM18592_BGU.4.1146.jpg,Omega,Ω,"[566, 1023, 101, 81]",8181,bt2,18592
train_annotations,1423838,447,TM5697_SB.5.7532.jpg,dataset/TM5697_SB.5.7532.jpg,Nu,Ν,"[1270, 6246, 85, 115]",9775,bt2,5697
train_annotations,1361132,502,TM3432_UPZ.1.41.jpg,dataset/TM3432_UPZ.1.41.jpg,Eta,Η,"[659, 442, 17, 19]",323,bt2,3432
train_annotations,1309184,555,TM3099_P.Dion.16_R.jpg,dataset/TM3099_P.Dion.16_R.jpg,Lambda,Λ,"[1753, 1759, 29, 35]",1015,bt2,3099
train_annotations,1255225,478,TM818_P.Cair.Zen.2.59172.jpg,dataset/TM818_P.Cair.Zen.2.59172.jpg,Alpha,Α,"[1255, 773, 65, 67]",4355,bt2,818
train_annotations,1385991,548,TM316254_P.Tarich.11.jpg,dataset/TM316254_P.Tarich.11.jpg,Epsilon,Ε,"[186, 219, 20, 16]",320,bt2,316254
train_annotations,1291878,536,TM18560_BGU.4.1118.jpg,dataset/TM18560_BGU.4.1118.jpg,Omicron,Ο,"[679, 1749, 37, 46]",1702,bt2,18560
train_annotations,1146483,418,TM4912_BGU.8.1833.jpg,dataset/TM4912_BGU.8.1833.jpg,Upsilon,Υ,"[1440, 825, 84, 118]",9912,bt2,4912
train_annotations,1388214,541,TM44722_P.Diosk.6.jpg,dataset/TM44722_P.Diosk.6.jpg,Epsilon,Ε,"[1980, 1689, 25, 47]",1175,bt2,44722
train_annotations,1256166,490,TM1945_P.Mich.1.45.jpg,dataset/TM1945_P.Mich.1.45.jpg,Mu,Μ,"[878, 3111, 98, 72]",7056,bt2,1945
train_annotations,1424361,540,TM44603_P.Eleph.27a.jpg,dataset/TM44603_P.Eleph.27a.jpg,Nu,Ν,"[1547, 4273, 109, 120]",13080,bt2,44603
train_annotations,1251225,511,TM3689_P.Tebt.1.53.jpg,dataset/TM3689_P.Tebt.1.53.jpg,Sigma,Σ,"[1172, 617, 36, 54]",1944,bt2,3689
train_annotations,1396878,524,TM5836_P.Eleph.1.jpg,dataset/TM5836_P.Eleph.1.jpg,Nu,Ν,"[2093, 2254, 81, 94]",7614,bt2,5836
train_annotations,1340095,446,TM3740_P.Tebt.1.104.jpg,dataset/TM3740_P.Tebt.1.104.jpg,Chi,Χ,"[1855, 455, 43, 49]",2107,bt2,3740
train_annotations,1320019,535,TM17894_P.Wash.Univ.2.77_frag.Vienna.jpg,dataset/TM17894_P.Wash.Univ.2.77_frag.Vienna.jpg,Eta,Η,"[3431, 4557, 204, 216]",44064,bt2,17894
train_annotations,1380344,491,TM2089_PSI.4.406.jpg,dataset/TM2089_PSI.4.406.jpg,Epsilon,Ε,"[387, 517, 11, 19]",209,bt2,2089
train_annotations,1379459,525,TM5837_P.Eleph.2.jpg,dataset/TM5837_P.Eleph.2.jpg,Pi,Π,"[2496, 1790, 86, 72]",6192,bt2,5837
test_annotations,1301684,486,TM1539_P.Lond.7.1976.jpg,dataset/TM1539_P.Lond.7.1976.jpg,Mu,Μ,"[642, 676, 43, 31]",1333,bt2,1539
train_annotations,1338006,555,TM3099_P.Dion.16_R.jpg,dataset/TM3099_P.Dion.16_R.jpg,Lambda,Λ,"[1271, 3848, 27, 40]",1080,bt2,3099
train_annotations,1285555,443,TM131_P.Batav.6_frag.A.jpg,dataset/TM131_P.Batav.6_frag.A.jpg,Gamma,Γ,"[6566, 2033, 99, 108]",10692,bt2,131
train_annotations,185327,728,TM131_P.Batav.6_frag.B.jpg,dataset/TM131_P.Batav.6_frag.B.jpg,Gamma,Γ,"[6083.528872300926, 1544.9814707404785, 133.5825816075876, 109.95090029843573]",,bt2,131
test_annotations,1293993,448,TM127_BGU.3.999.jpg,dataset/TM127_BGU.3.999.jpg,Tau,Τ,"[8883, 862, 59, 89]",5251,bt2,127
train_annotations,1297171,553,TM3097_P.Dion.14_R.jpg,dataset/TM3097_P.Dion.14_R.jpg,Alpha,Α,"[949, 1527, 56, 36]",2016,bt2,3097
train_annotations,1406916,526,TM5838_P.Eleph.3.jpg,dataset/TM5838_P.Eleph.3.jpg,Eta,Η,"[1027, 2438, 78, 75]",5850,bt2,5838
train_annotations,1393899,504,TM3444_UPZ.1.53.jpg,dataset/TM3444_UPZ.1.53.jpg,Mu,Μ,"[341, 841, 20, 24]",480,bt2,3444
train_annotations,1320865,424,TM18503_BGU.4.1058.jpg,dataset/TM18503_BGU.4.1058.jpg,Pi,Π,"[212, 852, 81, 88]",7128,bt2,18503
train_annotations,1396236,524,TM5836_P.Eleph.1.jpg,dataset/TM5836_P.Eleph.1.jpg,Eta,Η,"[3485, 1085, 42, 95]",3990,bt2,5836
train_annotations,1416768,538,TM18592_BGU.4.1146.jpg,dataset/TM18592_BGU.4.1146.jpg,Nu,Ν,"[2780, 2033, 74, 94]",6956,bt2,18592
train_annotations,1359992,491,TM2089_PSI.4.406.jpg,dataset/TM2089_PSI.4.406.jpg,Tau,Τ,"[46, 115, 18, 19]",342,bt2,2089
train_annotations,1356325,540,TM44603_P.Eleph.27a.jpg,dataset/TM44603_P.Eleph.27a.jpg,Kappa,Κ,"[2241, 6278, 123, 135]",16605,bt2,44603
train_annotations,1281506,544,TM121852_P.Sorb.3.70.jpg,dataset/TM121852_P.Sorb.3.70.jpg,Upsilon,Υ,"[676, 1006, 44, 51]",2244,bt2,121852
train_annotations,1291722,536,TM18560_BGU.4.1118.jpg,dataset/TM18560_BGU.4.1118.jpg,Mu,Μ,"[1717, 3072, 46, 37]",1702,bt2,18560
test_annotations,1382446,501,TM3415_UPZ.1.24.jpg,dataset/TM3415_UPZ.1.24.jpg,Iota,Ι,"[300, 1389, 9, 21]",189,bt2,3415
train_annotations,1411362,505,TM3563_P.Tor.Choach.12.01.jpg,dataset/TM3563_P.Tor.Choach.12.01.jpg,Mu,Μ,"[1149, 4745, 65, 56]",3640,bt2,3563
train_annotations,1261447,416,TM3676_P.Tebt.1.40.jpg,dataset/TM3676_P.Tebt.1.40.jpg,Tau,Τ,"[1621, 1459, 47, 50]",2350,bt2,3676
train_annotations,1279049,441,TM128_BGU.3.1000.jpg,dataset/TM128_BGU.3.1000.jpg,Upsilon,Υ,"[1877, 953, 130, 115]",14950,bt2,128
train_annotations,1360462,497,TM2821_P.Hib.1.92.jpg,dataset/TM2821_P.Hib.1.92.jpg,Tau,Τ,"[309, 345, 13, 22]",286,bt2,2821
train_annotations,1374182,728,TM131_P.Batav.6_frag.B.jpg,dataset/TM131_P.Batav.6_frag.B.jpg,Omicron,Ο,"[3742, 1930, 113, 132]",14916,bt2,131
train_annotations,1352527,694,TM4820_BGU.8.1738.P.Bingen.53_frag.A.jpg,dataset/TM4820_BGU.8.1738.P.Bingen.53_frag.A.jpg,Rho,Ρ,"[2014, 1058, 76, 117]",8892,bt2,4820
train_annotations,1284277,439,TM44733_P.Diosk.18.jpg,dataset/TM44733_P.Diosk.18.jpg,Sigma,Σ,"[1546, 1676, 23, 33]",759,bt2,44733
train_annotations,1417056,538,TM18592_BGU.4.1146.jpg,dataset/TM18592_BGU.4.1146.jpg,Gamma,Γ,"[1008, 3024, 47, 93]",4371,bt2,18592
test_annotations,1392391,489,TM1579_P.Lond.7.2017.jpg,dataset/TM1579_P.Lond.7.2017.jpg,Kappa,Κ,"[636, 758, 10, 18]",180,bt2,1579
train_annotations,1252356,522,TM5553_BGU.3.1012.jpg,dataset/TM5553_BGU.3.1012.jpg,Gamma,Γ,"[727, 1827, 101, 100]",10100,bt2,5553
train_annotations,1279368,441,TM128_BGU.3.1000.jpg,dataset/TM128_BGU.3.1000.jpg,Rho,Ρ,"[1519, 1647, 81, 187]",15147,bt2,128
train_annotations,1358928,471,TM254_P.Dryton.16_R.jpg,dataset/TM254_P.Dryton.16_R.jpg,Omicron,Ο,"[774, 497, 9, 13]",117,bt2,254
train_annotations,1425100,611,TM44623_P.Polit.Iud.7_V.jpg,dataset/TM44623_P.Polit.Iud.7_V.jpg,Epsilon,Ε,"[1488.3980738362761, 6622.0, 92.02461209202784, 136.0]",3128,bt2,44623
train_annotations,1283563,524,TM5836_P.Eleph.1.jpg,dataset/TM5836_P.Eleph.1.jpg,Alpha,Α,"[1485, 926, 59, 74]",4366,bt2,5836
train_annotations,1308482,522,TM5553_BGU.3.1012.jpg,dataset/TM5553_BGU.3.1012.jpg,Tau,Τ,"[2098, 4451, 110, 102]",11220,bt2,5553
test_annotations,1278963,448,TM127_BGU.3.999.jpg,dataset/TM127_BGU.3.999.jpg,Nu,Ν,"[1719, 2053, 78, 78]",6084,bt2,127
train_annotations,1297576,555,TM3099_P.Dion.16_R.jpg,dataset/TM3099_P.Dion.16_R.jpg,Kappa,Κ,"[1839, 1624, 40, 49]",1960,bt2,3099
test_annotations,1392188,489,TM1579_P.Lond.7.2017.jpg,dataset/TM1579_P.Lond.7.2017.jpg,Theta,Θ,"[501, 683, 10, 19]",190,bt2,1579
test_annotations,1319248,532,TM8808_SB.24.16285.gif,dataset/TM8808_SB.24.16285.gif,Rho,Ρ,"[153, 674, 32, 35]",1120,bt2,8808
train_annotations,1262225,549,TM703255_P.Vindob.inv.G.56637.jpg,dataset/TM703255_P.Vindob.inv.G.56637.jpg,Beta,Β,"[3157.3373676248107, 2903.2189172370877, 116.49016641452344, 195.1616677037959]",9933,bt2,703255
train_annotations,1234832,482,TM951_P.Cair.Zen.3.59307.jpg,dataset/TM951_P.Cair.Zen.3.59307.jpg,Iota,Ι,"[853, 148, 47, 78]",3666,bt2,951
train_annotations,1305807,553,TM3097_P.Dion.14_R.jpg,dataset/TM3097_P.Dion.14_R.jpg,Delta,Δ,"[1901, 2800, 59, 51]",3009,bt2,3097
train_annotations,1287648,468,TM243_BGU.3.998.jpg,dataset/TM243_BGU.3.998.jpg,Alpha,Α,"[2934, 1400, 78, 68]",5304,bt2,243
train_annotations,1414780,524,TM5836_P.Eleph.1.jpg,dataset/TM5836_P.Eleph.1.jpg,Kappa,Κ,"[2919, 3761, 73, 87]",6351,bt2,5836
train_annotations,1306230,554,TM3098_P.Dion.15_R.jpg,dataset/TM3098_P.Dion.15_R.jpg,Theta,Θ,"[1786, 1560, 31, 39]",1209,bt2,3098
train_annotations,1364344,529,TM7883_P.Sijp.45.jpg,dataset/TM7883_P.Sijp.45.jpg,Gamma,Γ,"[4806, 685, 63, 89]",5607,bt2,7883
test_annotations,1293941,448,TM127_BGU.3.999.jpg,dataset/TM127_BGU.3.999.jpg,Iota,Ι,"[9283, 588, 40, 81]",3240,bt2,127
train_annotations,1297581,555,TM3099_P.Dion.16_R.jpg,dataset/TM3099_P.Dion.16_R.jpg,Epsilon,Ε,"[2016, 1631, 34, 25]",850,bt2,3099
train_annotations,1322331,445,TM3745_P.Tebt.1.109.jpg,dataset/TM3745_P.Tebt.1.109.jpg,Beta,Β,"[840, 1787, 33, 50]",1650,bt2,3745
train_annotations,1319743,451,TM14532_SB.14.11933.jpg,dataset/TM14532_SB.14.11933.jpg,Beta,Β,"[592, 774, 25, 40]",1000,bt2,14532
train_annotations,1381036,500,TM3409_UPZ.1.18.jpg,dataset/TM3409_UPZ.1.18.jpg,Epsilon,Ε,"[818, 584, 15, 23]",345,bt2,3409
test_annotations,1283797,532,TM8808_SB.24.16285.gif,dataset/TM8808_SB.24.16285.gif,Epsilon,Ε,"[357, 1686, 21, 35]",735,bt2,8808
train_annotations,1360930,502,TM3432_UPZ.1.41.jpg,dataset/TM3432_UPZ.1.41.jpg,Omega,Ω,"[495, 339, 18, 18]",324,bt2,3432
train_annotations,1310284,558,TM3289_P.Enteux.12.jpg,dataset/TM3289_P.Enteux.12.jpg,Lambda,Λ,"[708, 971, 52, 53]",2756,bt2,3289
train_annotations,1143965,456,TM78025_P.Bingen.45.jpg,dataset/TM78025_P.Bingen.45.jpg,Nu,Ν,"[3887, 1618, 97, 101]",9797,bt2,78025
train_annotations,1283833,439,TM44733_P.Diosk.18.jpg,dataset/TM44733_P.Diosk.18.jpg,Pi,Π,"[763, 849, 34, 38]",1292,bt2,44733
train_annotations,1404638,525,TM5837_P.Eleph.2.jpg,dataset/TM5837_P.Eleph.2.jpg,Lambda,Λ,"[4495, 3391, 65, 67]",4355,bt2,5837
train_annotations,1262044,549,TM703255_P.Vindob.inv.G.56637.jpg,dataset/TM703255_P.Vindob.inv.G.56637.jpg,Upsilon,Υ,"[1175.4916792738275, 1211.8177971375233, 131.61875945537065, 127.08201617921593]",7308,bt2,703255
test_annotations,1297609,557,TM3286_P.Enteux.9.jpg,dataset/TM3286_P.Enteux.9.jpg,Omega,Ω,"[937, 417, 76, 50]",3800,bt2,3286
train_annotations,1329219,579,TM316241_P.Tarich.1.jpg,dataset/TM316241_P.Tarich.1.jpg,Omicron,Ο,"[2586.4506796793307, 3340.384881309057, 58.01010805158592, 76.00875777828993]",1102,bt2,316241
train_annotations,1374589,440,TM242_BGU.3.997.jpg,dataset/TM242_BGU.3.997.jpg,Pi,Π,"[680, 1879, 88, 78]",6864,bt2,242
train_annotations,1286821,468,TM243_BGU.3.998.jpg,dataset/TM243_BGU.3.998.jpg,Omicron,Ο,"[8105, 904, 53, 60]",3180,bt2,243
train_annotations,1316386,530,TM8337_P.Mich.3.173.jpg,dataset/TM8337_P.Mich.3.173.jpg,Omicron,Ο,"[1556, 5393, 65, 73]",4745,bt2,8337
train_annotations,1321049,424,TM18503_BGU.4.1058.jpg,dataset/TM18503_BGU.4.1058.jpg,Rho,Ρ,"[2051, 2080, 98, 126]",12348,bt2,18503
train_annotations,1252688,524,TM5836_P.Eleph.1.jpg,dataset/TM5836_P.Eleph.1.jpg,Pi,Π,"[2985, 287, 71, 94]",6674,bt2,5836
train_annotations,1297966,516,TM4907_BGU.8.1828.jpg,dataset/TM4907_BGU.8.1828.jpg,Rho,Ρ,"[2825, 2185, 66, 187]",12342,bt2,4907
train_annotations,1320113,534,TM17894_P.Wash.Univ.2.77_frag.Wash.jpg,dataset/TM17894_P.Wash.Univ.2.77_frag.Wash.jpg,Delta,Δ,"[249, 147, 34, 30]",1020,bt2,17894
train_annotations,1288158,468,TM243_BGU.3.998.jpg,dataset/TM243_BGU.3.998.jpg,Epsilon,Ε,"[4136, 2639, 51, 89]",4539,bt2,243
train_annotations,1312953,542,TM69805_BGU.18.2731.jpg,dataset/TM69805_BGU.18.2731.jpg,Phi,Φ,"[3119, 2330, 68, 159]",10812,bt2,69805
train_annotations,1311296,417,TM4911_BGU.8.1832.jpg,dataset/TM4911_BGU.8.1832.jpg,Tau,Τ,"[2601, 2338, 105, 89]",9345,bt2,4911
train_annotations,1370644,709,TM253_P.Dryton.33_frag.London.jpg,dataset/TM253_P.Dryton.33_frag.London.jpg,Iota,Ι,"[343, 646, 12, 15]",180,bt2,253
train_annotations,1340429,445,TM3745_P.Tebt.1.109.jpg,dataset/TM3745_P.Tebt.1.109.jpg,Sigma,Σ,"[736, 977, 27, 49]",1323,bt2,3745
train_annotations,1338494,573,TM3099_P.Dion.16_V.jpg,dataset/TM3099_P.Dion.16_V.jpg,Pi,Π,"[2100, 4225, 32, 39]",1248,bt2,3099
test_annotations,1144249,448,TM127_BGU.3.999.jpg,dataset/TM127_BGU.3.999.jpg,Nu,Ν,"[4160, 803, 67, 75]",5025,bt2,127
train_annotations,1387501,454,TM58204_P.Dime.3.2_GreekOnly.jpg,dataset/TM58204_P.Dime.3.2_GreekOnly.jpg,Mu,Μ,"[6146, 439, 113, 93]",10509,bt2,58204
test_annotations,1288609,442,TM56_BGU.3.994.jpg,dataset/TM56_BGU.3.994.jpg,Omega,Ω,"[5588, 1791, 112, 103]",11536,bt2,56
train_annotations,184232,715,TM665_P.Cair.Zen.1.59003.jpg,dataset/TM665_P.Cair.Zen.1.59003.jpg,Alpha,Α,"[2221, 602, 36, 48]",1728,bt2,665
test_annotations,1320361,422,TM18497_BGU.4.1053.jpg,dataset/TM18497_BGU.4.1053.jpg,Nu,Ν,"[1735, 1595, 54, 61]",3294,bt2,18497
train_annotations,1308019,516,TM4907_BGU.8.1828.jpg,dataset/TM4907_BGU.8.1828.jpg,Xi,Ξ,"[2175, 3508, 135, 209]",28215,bt2,4907
train_annotations,1320140,534,TM17894_P.Wash.Univ.2.77_frag.Wash.jpg,dataset/TM17894_P.Wash.Univ.2.77_frag.Wash.jpg,Iota,Ι,"[453, 161, 9, 31]",279,bt2,17894
train_annotations,1378957,503,TM3433_UPZ.1.42.jpg,dataset/TM3433_UPZ.1.42.jpg,Omicron,Ο,"[1438, 314, 8, 19]",152,bt2,3433
train_annotations,1359826,476,TM290_P.Dryton.36_R.jpg,dataset/TM290_P.Dryton.36_R.jpg,Alpha,Α,"[460, 702, 13, 19]",247,bt2,290
train_annotations,1306998,554,TM3098_P.Dion.15_R.jpg,dataset/TM3098_P.Dion.15_R.jpg,Xi,Ξ,"[1286, 2840, 49, 53]",2597,bt2,3098
train_annotations,1297399,554,TM3098_P.Dion.15_R.jpg,dataset/TM3098_P.Dion.15_R.jpg,Nu,Ν,"[724, 1301, 57, 47]",2679,bt2,3098
train_annotations,1415173,524,TM5836_P.Eleph.1.jpg,dataset/TM5836_P.Eleph.1.jpg,Pi,Π,"[4210, 4294, 54, 81]",4374,bt2,5836
train_annotations,1252451,522,TM5553_BGU.3.1012.jpg,dataset/TM5553_BGU.3.1012.jpg,Phi,Φ,"[1864, 2658, 97, 147]",14259,bt2,5553
train_annotations,1320853,423,TM18499_BGU.4.1055.jpg,dataset/TM18499_BGU.4.1055.jpg,Mu,Μ,"[748, 1963, 57, 53]",3021,bt2,18499
train_annotations,1373979,728,TM131_P.Batav.6_frag.B.jpg,dataset/TM131_P.Batav.6_frag.B.jpg,Alpha,Α,"[931, 1405, 111, 117]",12987,bt2,131
train_annotations,1256252,490,TM1945_P.Mich.1.45.jpg,dataset/TM1945_P.Mich.1.45.jpg,Upsilon,Υ,"[794, 3659, 61, 71]",4331,bt2,1945
test_annotations,1355547,453,TM13542_P.Tebt.2.386_GreekOnly.jpg,dataset/TM13542_P.Tebt.2.386_GreekOnly.jpg,Kappa,Κ,"[1613, 604, 55, 64]",3520,bt2,13542
train_annotations,1252283,522,TM5553_BGU.3.1012.jpg,dataset/TM5553_BGU.3.1012.jpg,Epsilon,Ε,"[2099, 1029, 73, 95]",6935,bt2,5553
test_annotations,1293092,442,TM56_BGU.3.994.jpg,dataset/TM56_BGU.3.994.jpg,Phi,Φ,"[9942, 1876, 56, 205]",11480,bt2,56
train_annotations,1305100,553,TM3097_P.Dion.14_R.jpg,dataset/TM3097_P.Dion.14_R.jpg,Kappa,Κ,"[1617, 1403, 37, 48]",1776,bt2,3097
train_annotations,1363157,449,TM5579_PSI.10.1098.jpg,dataset/TM5579_PSI.10.1098.jpg,Mu,Μ,"[2047, 1946, 58, 45]",2610,bt2,5579
train_annotations,1338102,555,TM3099_P.Dion.16_R.jpg,dataset/TM3099_P.Dion.16_R.jpg,Nu,Ν,"[1210, 3983, 40, 44]",1760,bt2,3099
train_annotations,1396960,524,TM5836_P.Eleph.1.jpg,dataset/TM5836_P.Eleph.1.jpg,Eta,Η,"[1796, 2360, 53, 84]",4452,bt2,5836
test_annotations,1288561,442,TM56_BGU.3.994.jpg,dataset/TM56_BGU.3.994.jpg,Gamma,Γ,"[6080, 1647, 85, 95]",8075,bt2,56
train_annotations,1261840,550,TM977098_P.Koeln.Sarapion.1.jpg,dataset/TM977098_P.Koeln.Sarapion.1.jpg,Alpha,Α,"[868, 4094, 86, 106]",9116,bt2,977098
train_annotations,1358681,542,TM69805_BGU.18.2731.jpg,dataset/TM69805_BGU.18.2731.jpg,Lambda,Λ,"[1343, 4993, 79, 85]",6715,bt2,69805
train_annotations,1281682,420,TM5853_P.Eleph.20_R.jpg,dataset/TM5853_P.Eleph.20_R.jpg,Sigma,Σ,"[1751, 1523, 109, 90]",9810,bt2,5853
train_annotations,1235001,492,TM2133_PSI.5.510.jpg,dataset/TM2133_PSI.5.510.jpg,Chi,Χ,"[979, 324, 60, 69]",4140,bt2,2133
train_annotations,1158671,472,TM257_P.Dryton.19_R.jpg,dataset/TM257_P.Dryton.19_R.jpg,Epsilon,Ε,"[440, 240, 14, 22]",308,bt2,257
train_annotations,1323017,525,TM5837_P.Eleph.2.jpg,dataset/TM5837_P.Eleph.2.jpg,Nu,Ν,"[4127, 1265, 70, 128]",8960,bt2,5837
train_annotations,1277264,510,TM3686_P.Tebt.1.50.jpg,dataset/TM3686_P.Tebt.1.50.jpg,Omega,Ω,"[1397, 1644, 65, 34]",2210,bt2,3686
train_annotations,1262250,549,TM703255_P.Vindob.inv.G.56637.jpg,dataset/TM703255_P.Vindob.inv.G.56637.jpg,Gamma,Γ,"[2937.9727685325265, 3222.436838830118, 145.23449319213313, 149.7752333540759]",9504,bt2,703255
test_annotations,1355618,453,TM13542_P.Tebt.2.386_GreekOnly.jpg,dataset/TM13542_P.Tebt.2.386_GreekOnly.jpg,Alpha,Α,"[1390, 808, 45, 51]",2295,bt2,13542
train_annotations,1329215,579,TM316241_P.Tarich.1.jpg,dataset/TM316241_P.Tarich.1.jpg,Nu,Ν,"[2280.3973509933776, 3306.380963355612, 90.01568490763333, 118.01359760313436]",2655,bt2,316241
train_annotations,1331634,553,TM3097_P.Dion.14_R.jpg,dataset/TM3097_P.Dion.14_R.jpg,Gamma,Γ,"[859, 3479, 34, 42]",1428,bt2,3097
train_annotations,1423811,447,TM5697_SB.5.7532.jpg,dataset/TM5697_SB.5.7532.jpg,Kappa,Κ,"[1841, 5952, 89, 93]",8277,bt2,5697
train_annotations,1305103,553,TM3097_P.Dion.14_R.jpg,dataset/TM3097_P.Dion.14_R.jpg,Theta,Θ,"[1700, 1412, 27, 38]",1026,bt2,3097
test_annotations,1292659,442,TM56_BGU.3.994.jpg,dataset/TM56_BGU.3.994.jpg,Chi,Χ,"[9024, 1655, 90, 50]",4500,bt2,56
train_annotations,1285557,443,TM131_P.Batav.6_frag.A.jpg,dataset/TM131_P.Batav.6_frag.A.jpg,Rho,Ρ,"[6689, 2050, 80, 170]",13600,bt2,131
train_annotations,1277516,510,TM3686_P.Tebt.1.50.jpg,dataset/TM3686_P.Tebt.1.50.jpg,Mu,Μ,"[1201, 2068, 63, 43]",2709,bt2,3686
train_annotations,1321020,424,TM18503_BGU.4.1058.jpg,dataset/TM18503_BGU.4.1058.jpg,Delta,Δ,"[2332, 1806, 137, 114]",15618,bt2,18503
train_annotations,1277463,510,TM3686_P.Tebt.1.50.jpg,dataset/TM3686_P.Tebt.1.50.jpg,Eta,Η,"[1090, 1995, 53, 46]",2438,bt2,3686
train_annotations,1146663,419,TM5132_SB.28.16855.jpg,dataset/TM5132_SB.28.16855.jpg,Nu,Ν,"[2308, 1022, 102, 86]",8772,bt2,5132
train_annotations,1301273,434,TM1526_P.Lond.7.1963.jpg,dataset/TM1526_P.Lond.7.1963.jpg,Lambda,Λ,"[405, 1574, 20, 30]",600,bt2,1526
test_annotations,1355693,453,TM13542_P.Tebt.2.386_GreekOnly.jpg,dataset/TM13542_P.Tebt.2.386_GreekOnly.jpg,Rho,Ρ,"[999, 1036, 55, 69]",3795,bt2,13542
train_annotations,1370909,709,TM253_P.Dryton.33_frag.London.jpg,dataset/TM253_P.Dryton.33_frag.London.jpg,Delta,Δ,"[752, 830, 15, 18]",270,bt2,253
test_annotations,1293145,442,TM56_BGU.3.994.jpg,dataset/TM56_BGU.3.994.jpg,Beta,Β,"[10053, 2044, 86, 127]",10922,bt2,56
train_annotations,1251081,515,TM4900_BGU.8.1821.jpg,dataset/TM4900_BGU.8.1821.jpg,Rho,Ρ,"[890, 1257, 56, 124]",6944,bt2,4900
train_annotations,1301985,487,TM1568_P.Lond.7.2006_R.jpg,dataset/TM1568_P.Lond.7.2006_R.jpg,Sigma,Σ,"[444, 237, 15, 17]",255,bt2,1568
test_annotations,1288394,442,TM56_BGU.3.994.jpg,dataset/TM56_BGU.3.994.jpg,Lambda,Λ,"[6648, 1115, 67, 114]",7638,bt2,56
train_annotations,1323760,537,TM18570_BGU.4.1127.jpg,dataset/TM18570_BGU.4.1127.jpg,Iota,Ι,"[863, 2098, 18, 47]",846,bt2,18570
train_annotations,1383163,446,TM3740_P.Tebt.1.104.jpg,dataset/TM3740_P.Tebt.1.104.jpg,Kappa,Κ,"[2074, 2732, 45, 57]",2565,bt2,3740
train_annotations,1396369,524,TM5836_P.Eleph.1.jpg,dataset/TM5836_P.Eleph.1.jpg,Lambda,Λ,"[2416, 1388, 58, 100]",5800,bt2,5836
train_annotations,1302279,487,TM1568_P.Lond.7.2006_R.jpg,dataset/TM1568_P.Lond.7.2006_R.jpg,Beta,Β,"[366, 728, 15, 27]",405,bt2,1568
train_annotations,1283019,546,TM316242_P.Tarich.2.jpg,dataset/TM316242_P.Tarich.2.jpg,Sigma,Σ,"[743, 4048, 79, 98]",7742,bt2,316242
train_annotations,1417214,538,TM18592_BGU.4.1146.jpg,dataset/TM18592_BGU.4.1146.jpg,Sigma,Σ,"[3426, 3350, 87, 107]",9309,bt2,18592
train_annotations,1320591,423,TM18499_BGU.4.1055.jpg,dataset/TM18499_BGU.4.1055.jpg,Kappa,Κ,"[712, 1060, 35, 56]",1960,bt2,18499
train_annotations,1406965,526,TM5838_P.Eleph.3.jpg,dataset/TM5838_P.Eleph.3.jpg,Rho,Ρ,"[4058, 2507, 47, 101]",4747,bt2,5838
train_annotations,1361741,502,TM3432_UPZ.1.41.jpg,dataset/TM3432_UPZ.1.41.jpg,Tau,Τ,"[246, 926, 22, 21]",462,bt2,3432
train_annotations,1297346,554,TM3098_P.Dion.15_R.jpg,dataset/TM3098_P.Dion.15_R.jpg,Rho,Ρ,"[2208, 1169, 22, 62]",1364,bt2,3098
train_annotations,1321841,505,TM3563_P.Tor.Choach.12.01.jpg,dataset/TM3563_P.Tor.Choach.12.01.jpg,Tau,Τ,"[1760, 1856, 66, 76]",5016,bt2,3563
train_annotations,1425235,524,TM5836_P.Eleph.1.jpg,dataset/TM5836_P.Eleph.1.jpg,Upsilon,Υ,"[1462, 4832, 51, 89]",4539,bt2,5836
train_annotations,1382754,446,TM3740_P.Tebt.1.104.jpg,dataset/TM3740_P.Tebt.1.104.jpg,Mu,Μ,"[2475, 1842, 56, 57]",3192,bt2,3740
train_annotations,1280711,544,TM121852_P.Sorb.3.70.jpg,dataset/TM121852_P.Sorb.3.70.jpg,Pi,Π,"[310, 580, 59, 38]",2242,bt2,121852
train_annotations,1329621,472,TM257_P.Dryton.19_R.jpg,dataset/TM257_P.Dryton.19_R.jpg,Upsilon,Υ,"[592, 703, 28, 26]",728,bt2,257
train_annotations,1424043,449,TM5579_PSI.10.1098.jpg,dataset/TM5579_PSI.10.1098.jpg,Omega,Ω,"[2117, 2829, 65, 61]",3965,bt2,5579
train_annotations,1382663,446,TM3740_P.Tebt.1.104.jpg,dataset/TM3740_P.Tebt.1.104.jpg,Omicron,Ο,"[1704, 1637, 38, 52]",1976,bt2,3740
train_annotations,1305741,553,TM3097_P.Dion.14_R.jpg,dataset/TM3097_P.Dion.14_R.jpg,Rho,Ρ,"[834, 2764, 22, 68]",1496,bt2,3097
train_annotations,1411124,505,TM3563_P.Tor.Choach.12.01.jpg,dataset/TM3563_P.Tor.Choach.12.01.jpg,Iota,Ι,"[541, 4282, 36, 74]",2664,bt2,3563
train_annotations,1423380,447,TM5697_SB.5.7532.jpg,dataset/TM5697_SB.5.7532.jpg,Theta,Θ,"[1796, 583, 72, 72]",5184,bt2,5697
train_annotations,1286940,468,TM243_BGU.3.998.jpg,dataset/TM243_BGU.3.998.jpg,Kappa,Κ,"[8237, 1162, 82, 130]",10660,bt2,243
train_annotations,1352995,694,TM4820_BGU.8.1738.P.Bingen.53_frag.A.jpg,dataset/TM4820_BGU.8.1738.P.Bingen.53_frag.A.jpg,Theta,Θ,"[2771, 2989, 71, 100]",7100,bt2,4820
train_annotations,1324311,426,TM44617_P.Polit.Iud.1.jpg,dataset/TM44617_P.Polit.Iud.1.jpg,Delta,Δ,"[549, 1354, 38, 53]",2014,bt2,44617
train_annotations,1283588,524,TM5836_P.Eleph.1.jpg,dataset/TM5836_P.Eleph.1.jpg,Tau,Τ,"[2823, 956, 74, 116]",8584,bt2,5836
train_annotations,1347054,558,TM3289_P.Enteux.12.jpg,dataset/TM3289_P.Enteux.12.jpg,Xi,Ξ,"[3230, 1291, 43, 40]",1720,bt2,3289
train_annotations,1280923,433,TM1516_P.Lond.7.1953_R.jpg,dataset/TM1516_P.Lond.7.1953_R.jpg,Rho,Ρ,"[710, 415, 24, 40]",960,bt2,1516
train_annotations,1395030,424,TM18503_BGU.4.1058.jpg,dataset/TM18503_BGU.4.1058.jpg,Delta,Δ,"[2041, 4637, 124, 101]",12524,bt2,18503
train_annotations,1324484,427,TM44623_P.Polit.Iud.7_R.jpg,dataset/TM44623_P.Polit.Iud.7_R.jpg,Phi,Φ,"[348, 817, 29, 75]",2175,bt2,44623
train_annotations,1144614,443,TM131_P.Batav.6_frag.A.jpg,dataset/TM131_P.Batav.6_frag.A.jpg,Pi,Π,"[4690, 806, 167, 91]",15197,bt2,131
test_annotations,1385234,556,TM3283_P.Enteux.6.jpg,dataset/TM3283_P.Enteux.6.jpg,Chi,Χ,"[2904, 1804, 65, 77]",5005,bt2,3283
train_annotations,1361979,449,TM5579_PSI.10.1098.jpg,dataset/TM5579_PSI.10.1098.jpg,Omicron,Ο,"[2052, 1137, 31, 32]",992,bt2,5579
train_annotations,1359597,471,TM254_P.Dryton.16_R.jpg,dataset/TM254_P.Dryton.16_R.jpg,Kappa,Κ,"[410, 1331, 17, 31]",527,bt2,254
train_annotations,1298085,513,TM3987_BGU.14.2380_frag.A.jpg,dataset/TM3987_BGU.14.2380_frag.A.jpg,Tau,Τ,"[1303, 2056, 163, 107]",17441,bt2,3987
test_annotations,1253499,532,TM8808_SB.24.16285.gif,dataset/TM8808_SB.24.16285.gif,Delta,Δ,"[148, 355, 37, 33]",1221,bt2,8808
train_annotations,1383983,451,TM14532_SB.14.11933.jpg,dataset/TM14532_SB.14.11933.jpg,Omega,Ω,"[612, 2148, 41, 28]",1148,bt2,14532
train_annotations,1423007,449,TM5579_PSI.10.1098.jpg,dataset/TM5579_PSI.10.1098.jpg,Xi,Ξ,"[2000, 2771, 71, 76]",5396,bt2,5579
train_annotations,1373041,728,TM131_P.Batav.6_frag.B.jpg,dataset/TM131_P.Batav.6_frag.B.jpg,Pi,Π,"[7515, 612, 170, 131]",22270,bt2,131
train_annotations,1312013,517,TM4927_BGU.8.1848.jpg,dataset/TM4927_BGU.8.1848.jpg,Nu,Ν,"[579, 5900, 99, 140]",13860,bt2,4927
train_annotations,1383106,446,TM3740_P.Tebt.1.104.jpg,dataset/TM3740_P.Tebt.1.104.jpg,Kappa,Κ,"[2081, 2567, 46, 54]",2484,bt2,3740
train_annotations,1388798,541,TM44722_P.Diosk.6.jpg,dataset/TM44722_P.Diosk.6.jpg,Omega,Ω,"[1355, 2528, 62, 40]",2480,bt2,44722
test_annotations,1301900,486,TM1539_P.Lond.7.1976.jpg,dataset/TM1539_P.Lond.7.1976.jpg,Eta,Η,"[313, 1217, 29, 31]",899,bt2,1539
train_annotations,1362251,449,TM5579_PSI.10.1098.jpg,dataset/TM5579_PSI.10.1098.jpg,Kappa,Κ,"[2253, 1391, 50, 50]",2500,bt2,5579
train_annotations,1363025,449,TM5579_PSI.10.1098.jpg,dataset/TM5579_PSI.10.1098.jpg,Delta,Δ,"[576, 1877, 62, 44]",2728,bt2,5579
train_annotations,1396438,524,TM5836_P.Eleph.1.jpg,dataset/TM5836_P.Eleph.1.jpg,Eta,Η,"[1218, 1508, 61, 95]",5795,bt2,5836
train_annotations,1291787,536,TM18560_BGU.4.1118.jpg,dataset/TM18560_BGU.4.1118.jpg,Kappa,Κ,"[1140, 1596, 35, 39]",1365,bt2,18560
test_annotations,1297646,557,TM3286_P.Enteux.9.jpg,dataset/TM3286_P.Enteux.9.jpg,Iota,Ι,"[2622, 457, 35, 81]",2835,bt2,3286
train_annotations,1250712,510,TM3686_P.Tebt.1.50.jpg,dataset/TM3686_P.Tebt.1.50.jpg,Kappa,Κ,"[817, 1129, 66, 41]",2706,bt2,3686
train_annotations,1262274,549,TM703255_P.Vindob.inv.G.56637.jpg,dataset/TM703255_P.Vindob.inv.G.56637.jpg,Sigma,Σ,"[2727.68532526475, 3466.0107031736156, 116.49016641452344, 170.95556938394523]",8701,bt2,703255
train_annotations,1378828,503,TM3433_UPZ.1.42.jpg,dataset/TM3433_UPZ.1.42.jpg,Upsilon,Υ,"[1292, 185, 17, 33]",561,bt2,3433
train_annotations,1291589,536,TM18560_BGU.4.1118.jpg,dataset/TM18560_BGU.4.1118.jpg,Tau,Τ,"[1104, 2943, 22, 36]",792,bt2,18560
train_annotations,1373111,728,TM131_P.Batav.6_frag.B.jpg,dataset/TM131_P.Batav.6_frag.B.jpg,Pi,Π,"[6712, 1067, 132, 117]",15444,bt2,131
train_annotations,1308800,515,TM4900_BGU.8.1821.jpg,dataset/TM4900_BGU.8.1821.jpg,Iota,Ι,"[1194, 2801, 40, 112]",4480,bt2,4900
train_annotations,1390392,423,TM18499_BGU.4.1055.jpg,dataset/TM18499_BGU.4.1055.jpg,Omega,Ω,"[1002, 2806, 62, 48]",2976,bt2,18499
train_annotations,1323717,537,TM18570_BGU.4.1127.jpg,dataset/TM18570_BGU.4.1127.jpg,Iota,Ι,"[974, 1967, 17, 52]",884,bt2,18570
train_annotations,1363507,449,TM5579_PSI.10.1098.jpg,dataset/TM5579_PSI.10.1098.jpg,Nu,Ν,"[2290, 2336, 56, 48]",2688,bt2,5579
train_annotations,176746,428,TM44624_P.Polit.Iud.8.jpg,dataset/TM44624_P.Polit.Iud.8.jpg,Omicron,Ο,"[589.2706445064571, 657.4742857142855, 15.636027695980943, 18.30857142857144]",,bt2,44624
train_annotations,1314560,473,TM262_P.Grenf.1.38.jpg,dataset/TM262_P.Grenf.1.38.jpg,Upsilon,Υ,"[452, 381, 17, 25]",425,bt2,262
train_annotations,1291760,536,TM18560_BGU.4.1118.jpg,dataset/TM18560_BGU.4.1118.jpg,Lambda,Λ,"[1563, 3130, 32, 48]",1536,bt2,18560
train_annotations,1149834,425,TM18552_BGU.4.1111.jpg,dataset/TM18552_BGU.4.1111.jpg,Rho,Ρ,"[854, 1333, 54, 154]",8316,bt2,18552
test_annotations,1385208,556,TM3283_P.Enteux.6.jpg,dataset/TM3283_P.Enteux.6.jpg,Kappa,Κ,"[446, 1663, 61, 53]",3233,bt2,3283
train_annotations,1303213,493,TM2379_P.Lond.7.1935.jpg,dataset/TM2379_P.Lond.7.1935.jpg,Nu,Ν,"[607, 371, 16, 22]",352,bt2,2379
train_annotations,1255234,478,TM818_P.Cair.Zen.2.59172.jpg,dataset/TM818_P.Cair.Zen.2.59172.jpg,Pi,Π,"[1785, 776, 59, 71]",4189,bt2,818
train_annotations,1388830,541,TM44722_P.Diosk.6.jpg,dataset/TM44722_P.Diosk.6.jpg,Sigma,Σ,"[827, 2581, 33, 43]",1419,bt2,44722
train_annotations,1388433,541,TM44722_P.Diosk.6.jpg,dataset/TM44722_P.Diosk.6.jpg,Rho,Ρ,"[1116, 2029, 22, 51]",1122,bt2,44722
train_annotations,1313046,542,TM69805_BGU.18.2731.jpg,dataset/TM69805_BGU.18.2731.jpg,Alpha,Α,"[1178, 3124, 75, 109]",8175,bt2,69805
test_annotations,1422496,469,TM250_P.Dryton.37.jpg,dataset/TM250_P.Dryton.37.jpg,Iota,Ι,"[523, 972, 7, 24]",168,bt2,250
train_annotations,1360153,491,TM2089_PSI.4.406.jpg,dataset/TM2089_PSI.4.406.jpg,Sigma,Σ,"[131, 359, 8, 8]",64,bt2,2089
train_annotations,1343019,644,TM5853_P.Eleph.20_V.jpg,dataset/TM5853_P.Eleph.20_V.jpg,Nu,Ν,"[1028, 5732, 137, 123]",16851,bt2,5853
train_annotations,1320055,535,TM17894_P.Wash.Univ.2.77_frag.Vienna.jpg,dataset/TM17894_P.Wash.Univ.2.77_frag.Vienna.jpg,Kappa,Κ,"[2296, 5200, 170, 249]",42330,bt2,17894
train_annotations,1302725,488,TM1575_P.Lond.7.2013_R.jpg,dataset/TM1575_P.Lond.7.2013_R.jpg,Delta,Δ,"[179, 224, 32, 30]",960,bt2,1575
train_annotations,1390937,433,TM1516_P.Lond.7.1953_R.jpg,dataset/TM1516_P.Lond.7.1953_R.jpg,Kappa,Κ,"[289, 1297, 28, 34]",952,bt2,1516
train_annotations,1360190,491,TM2089_PSI.4.406.jpg,dataset/TM2089_PSI.4.406.jpg,Omega,Ω,"[263, 382, 13, 12]",156,bt2,2089
train_annotations,1286634,465,TM60_P.Grenf.2.17.jpg,dataset/TM60_P.Grenf.2.17.jpg,Gamma,Γ,"[515, 357, 14, 23]",322,bt2,60
train_annotations,1324941,587,TM44878_P.Dryton.56.jpg,dataset/TM44878_P.Dryton.56.jpg,Iota,Ι,"[1587, 1996, 94, 183]",17202,bt2,44878
train_annotations,1365048,541,TM44722_P.Diosk.6.jpg,dataset/TM44722_P.Diosk.6.jpg,Omicron,Ο,"[2766, 360, 33, 45]",1485,bt2,44722
test_annotations,1363796,527,TM5842_P.Eleph.8.jpg,dataset/TM5842_P.Eleph.8.jpg,Kappa,Κ,"[1060, 4613, 87, 101]",8787,bt2,5842
train_annotations,1259748,425,TM18552_BGU.4.1111.jpg,dataset/TM18552_BGU.4.1111.jpg,Mu,Μ,"[2070, 1330, 99, 93]",9207,bt2,18552
train_annotations,1415178,524,TM5836_P.Eleph.1.jpg,dataset/TM5836_P.Eleph.1.jpg,Xi,Ξ,"[4392, 4287, 61, 81]",4941,bt2,5836
train_annotations,1373924,728,TM131_P.Batav.6_frag.B.jpg,dataset/TM131_P.Batav.6_frag.B.jpg,Beta,Β,"[336, 1187, 72, 167]",12024,bt2,131
train_annotations,1363136,449,TM5579_PSI.10.1098.jpg,dataset/TM5579_PSI.10.1098.jpg,Chi,Χ,"[1196, 1950, 50, 45]",2250,bt2,5579
train_annotations,1364170,529,TM7883_P.Sijp.45.jpg,dataset/TM7883_P.Sijp.45.jpg,Xi,Ξ,"[3575, 4411, 155, 128]",19840,bt2,7883
test_annotations,1389569,422,TM18497_BGU.4.1053.jpg,dataset/TM18497_BGU.4.1053.jpg,Pi,Π,"[849, 1658, 61, 50]",3050,bt2,18497
train_annotations,1303074,492,TM2133_PSI.5.510.jpg,dataset/TM2133_PSI.5.510.jpg,Tau,Τ,"[956, 679, 64, 59]",3776,bt2,2133
train_annotations,1291579,536,TM18560_BGU.4.1118.jpg,dataset/TM18560_BGU.4.1118.jpg,Pi,Π,"[776, 2968, 61, 42]",2562,bt2,18560
train_annotations,1317058,514,TM4344_SB.12.11061_frag.Hamburg.jpg,dataset/TM4344_SB.12.11061_frag.Hamburg.jpg,Omicron,Ο,"[2278, 1657, 48, 61]",2928,bt2,4344
train_annotations,1311939,517,TM4927_BGU.8.1848.jpg,dataset/TM4927_BGU.8.1848.jpg,Alpha,Α,"[2308, 4794, 69, 103]",7107,bt2,4927
train_annotations,1284615,440,TM242_BGU.3.997.jpg,dataset/TM242_BGU.3.997.jpg,Gamma,Γ,"[6814, 2101, 79, 100]",7900,bt2,242
train_annotations,1307592,457,TM4844_BGU.20.2847.jpg,dataset/TM4844_BGU.20.2847.jpg,Mu,Μ,"[1276, 2308, 146, 116]",16936,bt2,4844
train_annotations,1304315,552,TM3094_P.Dion.11.jpg,dataset/TM3094_P.Dion.11.jpg,Omicron,Ο,"[1399, 1630, 43, 45]",1935,bt2,3094
test_annotations,1377915,485,TM1137_P.Cair.Zen.3.59499_V.jpg,dataset/TM1137_P.Cair.Zen.3.59499_V.jpg,Iota,Ι,"[3033, 591, 31, 80]",2480,bt2,1137
train_annotations,1361336,502,TM3432_UPZ.1.41.jpg,dataset/TM3432_UPZ.1.41.jpg,Omicron,Ο,"[698, 592, 10, 13]",130,bt2,3432
train_annotations,1261893,550,TM977098_P.Koeln.Sarapion.1.jpg,dataset/TM977098_P.Koeln.Sarapion.1.jpg,Alpha,Α,"[2803, 4480, 98, 126]",12348,bt2,977098
train_annotations,1276978,419,TM5132_SB.28.16855.jpg,dataset/TM5132_SB.28.16855.jpg,Psi,Ψ,"[2132, 4386, 90, 163]",14670,bt2,5132
train_annotations,1397069,524,TM5836_P.Eleph.1.jpg,dataset/TM5836_P.Eleph.1.jpg,Upsilon,Υ,"[2120, 2499, 60, 80]",4800,bt2,5836
train_annotations,1380855,500,TM3409_UPZ.1.18.jpg,dataset/TM3409_UPZ.1.18.jpg,Pi,Π,"[773, 399, 23, 23]",529,bt2,3409
train_annotations,1362189,449,TM5579_PSI.10.1098.jpg,dataset/TM5579_PSI.10.1098.jpg,Nu,Ν,"[1974, 1339, 54, 49]",2646,bt2,5579
train_annotations,1373985,728,TM131_P.Batav.6_frag.B.jpg,dataset/TM131_P.Batav.6_frag.B.jpg,Gamma,Γ,"[1359, 1417, 119, 90]",10710,bt2,131
train_annotations,1286815,468,TM243_BGU.3.998.jpg,dataset/TM243_BGU.3.998.jpg,Eta,Η,"[7752, 888, 64, 111]",7104,bt2,243
train_annotations,1341636,449,TM5579_PSI.10.1098.jpg,dataset/TM5579_PSI.10.1098.jpg,Pi,Π,"[266, 228, 59, 39]",2301,bt2,5579
train_annotations,1261872,550,TM977098_P.Koeln.Sarapion.1.jpg,dataset/TM977098_P.Koeln.Sarapion.1.jpg,Omicron,Ο,"[2341, 4278, 75, 138]",10350,bt2,977098
test_annotations,1377851,485,TM1137_P.Cair.Zen.3.59499_V.jpg,dataset/TM1137_P.Cair.Zen.3.59499_V.jpg,Alpha,Α,"[2603, 3029, 63, 50]",3150,bt2,1137
train_annotations,1394034,504,TM3444_UPZ.1.53.jpg,dataset/TM3444_UPZ.1.53.jpg,Iota,Ι,"[514, 996, 13, 23]",299,bt2,3444
train_annotations,1281491,544,TM121852_P.Sorb.3.70.jpg,dataset/TM121852_P.Sorb.3.70.jpg,Delta,Δ,"[905, 897, 34, 41]",1394,bt2,121852
train_annotations,1347132,558,TM3289_P.Enteux.12.jpg,dataset/TM3289_P.Enteux.12.jpg,Pi,Π,"[1054, 1419, 73, 50]",3650,bt2,3289
train_annotations,1382544,446,TM3740_P.Tebt.1.104.jpg,dataset/TM3740_P.Tebt.1.104.jpg,Upsilon,Υ,"[2239, 1195, 61, 52]",3172,bt2,3740
train_annotations,1290953,449,TM5579_PSI.10.1098.jpg,dataset/TM5579_PSI.10.1098.jpg,Nu,Ν,"[2371, 641, 48, 43]",2064,bt2,5579
train_annotations,1364410,529,TM7883_P.Sijp.45.jpg,dataset/TM7883_P.Sijp.45.jpg,Upsilon,Υ,"[3945, 1255, 78, 94]",7332,bt2,7883
train_annotations,1387681,454,TM58204_P.Dime.3.2_GreekOnly.jpg,dataset/TM58204_P.Dime.3.2_GreekOnly.jpg,Alpha,Α,"[10921, 1353, 105, 125]",13125,bt2,58204
test_annotations,1391519,489,TM1579_P.Lond.7.2017.jpg,dataset/TM1579_P.Lond.7.2017.jpg,Kappa,Κ,"[498, 400, 12, 16]",192,bt2,1579
train_annotations,1280934,433,TM1516_P.Lond.7.1953_R.jpg,dataset/TM1516_P.Lond.7.1953_R.jpg,Chi,Χ,"[552, 454, 32, 23]",736,bt2,1516
train_annotations,1354007,433,TM1516_P.Lond.7.1953_R.jpg,dataset/TM1516_P.Lond.7.1953_R.jpg,Theta,Θ,"[634, 929, 18, 25]",450,bt2,1516
train_annotations,1290016,470,TM253_P.Dryton.33_frag.Heid.jpg,dataset/TM253_P.Dryton.33_frag.Heid.jpg,Sigma,Σ,"[614, 487, 32, 36]",1152,bt2,253
test_annotations,1354980,436,TM1536_P.Lond.7.1973_R.jpg,dataset/TM1536_P.Lond.7.1973_R.jpg,Mu,Μ,"[329, 314, 27, 22]",594,bt2,1536
train_annotations,1255871,482,TM951_P.Cair.Zen.3.59307.jpg,dataset/TM951_P.Cair.Zen.3.59307.jpg,Rho,Ρ,"[1261, 2115, 50, 109]",5450,bt2,951
train_annotations,1305754,553,TM3097_P.Dion.14_R.jpg,dataset/TM3097_P.Dion.14_R.jpg,Sigma,Σ,"[1266, 2745, 40, 49]",1960,bt2,3097
train_annotations,1281676,420,TM5853_P.Eleph.20_R.jpg,dataset/TM5853_P.Eleph.20_R.jpg,Iota,Ι,"[1176, 1523, 65, 143]",9295,bt2,5853
train_annotations,1290634,412,TM255_P.Dryton.17_frag.London.jpg,dataset/TM255_P.Dryton.17_frag.London.jpg,Epsilon,Ε,"[461, 1028, 20, 25]",500,bt2,255
train_annotations,1152318,467,TM215_P.Dryton.25_R.jpg,dataset/TM215_P.Dryton.25_R.jpg,Omicron,Ο,"[452, 378, 14, 14]",196,bt2,215
train_annotations,1415264,524,TM5836_P.Eleph.1.jpg,dataset/TM5836_P.Eleph.1.jpg,Eta,Η,"[3961, 4461, 59, 84]",4956,bt2,5836
test_annotations,1381440,501,TM3415_UPZ.1.24.jpg,dataset/TM3415_UPZ.1.24.jpg,Beta,Β,"[497, 361, 15, 26]",390,bt2,3415
train_annotations,1390185,423,TM18499_BGU.4.1055.jpg,dataset/TM18499_BGU.4.1055.jpg,Mu,Μ,"[421, 2314, 49, 50]",2450,bt2,18499
train_annotations,1384817,474,TM283_P.Dryton.40.jpg,dataset/TM283_P.Dryton.40.jpg,Chi,Χ,"[713, 562, 29, 33]",957,bt2,283
train_annotations,1417193,538,TM18592_BGU.4.1146.jpg,dataset/TM18592_BGU.4.1146.jpg,Kappa,Κ,"[2150, 3399, 77, 109]",8393,bt2,18592
train_annotations,1280529,478,TM818_P.Cair.Zen.2.59172.jpg,dataset/TM818_P.Cair.Zen.2.59172.jpg,Upsilon,Υ,"[486, 4096, 64, 80]",5120,bt2,818
train_annotations,1414924,524,TM5836_P.Eleph.1.jpg,dataset/TM5836_P.Eleph.1.jpg,Rho,Ρ,"[964, 4131, 42, 100]",4200,bt2,5836
train_annotations,1277663,510,TM3686_P.Tebt.1.50.jpg,dataset/TM3686_P.Tebt.1.50.jpg,Upsilon,Υ,"[1056, 2354, 53, 61]",3233,bt2,3686
train_annotations,1287037,468,TM243_BGU.3.998.jpg,dataset/TM243_BGU.3.998.jpg,Lambda,Λ,"[7093, 1483, 82, 71]",5822,bt2,243
train_annotations,1300479,483,TM1011_P.Cair.Zen.3.59368.jpg,dataset/TM1011_P.Cair.Zen.3.59368.jpg,Phi,Φ,"[2672, 530, 54, 110]",5940,bt2,1011
train_annotations,1314501,541,TM44722_P.Diosk.6.jpg,dataset/TM44722_P.Diosk.6.jpg,Eta,Η,"[2092, 1081, 50, 51]",2550,bt2,44722
train_annotations,1339039,416,TM3676_P.Tebt.1.40.jpg,dataset/TM3676_P.Tebt.1.40.jpg,Beta,Β,"[1231, 307, 38, 66]",2508,bt2,3676
test_annotations,1392130,489,TM1579_P.Lond.7.2017.jpg,dataset/TM1579_P.Lond.7.2017.jpg,Epsilon,Ε,"[642, 659, 8, 17]",136,bt2,1579
test_annotations,1286425,469,TM250_P.Dryton.37.jpg,dataset/TM250_P.Dryton.37.jpg,Kappa,Κ,"[568, 968, 23, 27]",621,bt2,250
train_annotations,1321178,425,TM18552_BGU.4.1111.jpg,dataset/TM18552_BGU.4.1111.jpg,Theta,Θ,"[789, 1757, 88, 101]",8888,bt2,18552
train_annotations,1338839,677,TM3397_UPZ.1.6.jpg,dataset/TM3397_UPZ.1.6.jpg,Epsilon,Ε,"[742, 1249, 9, 16]",144,bt2,3397
test_annotations,1310111,557,TM3286_P.Enteux.9.jpg,dataset/TM3286_P.Enteux.9.jpg,Phi,Φ,"[456, 848, 52, 119]",6188,bt2,3286
train_annotations,1284688,440,TM242_BGU.3.997.jpg,dataset/TM242_BGU.3.997.jpg,Pi,Π,"[6272, 2293, 144, 96]",13824,bt2,242
train_annotations,184154,715,TM665_P.Cair.Zen.1.59003.jpg,dataset/TM665_P.Cair.Zen.1.59003.jpg,Omega,Ω,"[786, 825, 46, 40]",1840,bt2,665
test_annotations,1250590,509,TM3682_P.Tebt.1.46.jpg,dataset/TM3682_P.Tebt.1.46.jpg,Omega,Ω,"[1418, 653, 44, 26]",1144,bt2,3682
test_annotations,1381560,501,TM3415_UPZ.1.24.jpg,dataset/TM3415_UPZ.1.24.jpg,Eta,Η,"[404, 483, 17, 17]",289,bt2,3415
train_annotations,1410713,505,TM3563_P.Tor.Choach.12.01.jpg,dataset/TM3563_P.Tor.Choach.12.01.jpg,Mu,Μ,"[274, 3324, 92, 76]",6992,bt2,3563
train_annotations,1289332,466,TM144_BGU.3.992.jpg,dataset/TM144_BGU.3.992.jpg,Delta,Δ,"[5816, 1261, 106, 94]",9964,bt2,144
train_annotations,1316620,528,TM5850_P.Eleph.17_R.jpg,dataset/TM5850_P.Eleph.17_R.jpg,Eta,Η,"[1747, 3834, 152, 153]",23256,bt2,5850
train_annotations,1290660,412,TM255_P.Dryton.17_frag.London.jpg,dataset/TM255_P.Dryton.17_frag.London.jpg,Upsilon,Υ,"[550, 1090, 23, 30]",690,bt2,255
train_annotations,1425090,611,TM44623_P.Polit.Iud.7_V.jpg,dataset/TM44623_P.Polit.Iud.7_V.jpg,Theta,Θ,"[2482.663991439272, 6566.0, 130.03477795612662, 152.0]",4940,bt2,44623
test_annotations,1283350,556,TM3283_P.Enteux.6.jpg,dataset/TM3283_P.Enteux.6.jpg,Xi,Ξ,"[2070, 1045, 74, 71]",5254,bt2,3283
train_annotations,1317933,430,TM1803_P.Col.4.90_upper.jpg,dataset/TM1803_P.Col.4.90_upper.jpg,Iota,Ι,"[2336, 1618, 21, 45]",945,bt2,1803
train_annotations,1261809,550,TM977098_P.Koeln.Sarapion.1.jpg,dataset/TM977098_P.Koeln.Sarapion.1.jpg,Upsilon,Υ,"[2050, 3699, 98, 148]",14504,bt2,977098
train_annotations,1313458,511,TM3689_P.Tebt.1.53.jpg,dataset/TM3689_P.Tebt.1.53.jpg,Kappa,Κ,"[1199, 2676, 57, 74]",4218,bt2,3689
train_annotations,1294722,441,TM128_BGU.3.1000.jpg,dataset/TM128_BGU.3.1000.jpg,Mu,Μ,"[9344, 1461, 110, 54]",5940,bt2,128
train_annotations,1385040,492,TM2133_PSI.5.510.jpg,dataset/TM2133_PSI.5.510.jpg,Pi,Π,"[983, 1279, 73, 48]",3504,bt2,2133
train_annotations,1307093,554,TM3098_P.Dion.15_R.jpg,dataset/TM3098_P.Dion.15_R.jpg,Eta,Η,"[1522, 2975, 46, 48]",2208,bt2,3098
train_annotations,1300594,483,TM1011_P.Cair.Zen.3.59368.jpg,dataset/TM1011_P.Cair.Zen.3.59368.jpg,Tau,Τ,"[2772, 827, 41, 66]",2706,bt2,1011
train_annotations,1261473,416,TM3676_P.Tebt.1.40.jpg,dataset/TM3676_P.Tebt.1.40.jpg,Beta,Β,"[789, 1692, 40, 73]",2920,bt2,3676
test_annotations,1235279,501,TM3415_UPZ.1.24.jpg,dataset/TM3415_UPZ.1.24.jpg,Tau,Τ,"[636, 299, 15, 19]",285,bt2,3415
train_annotations,1364322,529,TM7883_P.Sijp.45.jpg,dataset/TM7883_P.Sijp.45.jpg,Upsilon,Υ,"[5168, 511, 100, 102]",10200,bt2,7883
train_annotations,1262561,549,TM703255_P.Vindob.inv.G.56637.jpg,dataset/TM703255_P.Vindob.inv.G.56637.jpg,Epsilon,Ε,"[1229.9546142208774, 7090.873926571251, 90.77155824508321, 161.87828251400126]",6420,bt2,703255
train_annotations,1252467,522,TM5553_BGU.3.1012.jpg,dataset/TM5553_BGU.3.1012.jpg,Iota,Ι,"[1224, 2849, 52, 105]",5460,bt2,5553
train_annotations,1309931,555,TM3099_P.Dion.16_R.jpg,dataset/TM3099_P.Dion.16_R.jpg,Sigma,Σ,"[1219, 2788, 45, 46]",2070,bt2,3099
train_annotations,1302999,492,TM2133_PSI.5.510.jpg,dataset/TM2133_PSI.5.510.jpg,Eta,Η,"[679, 232, 66, 59]",3894,bt2,2133
train_annotations,1309297,555,TM3099_P.Dion.16_R.jpg,dataset/TM3099_P.Dion.16_R.jpg,Nu,Ν,"[2142, 1882, 42, 33]",1386,bt2,3099
train_annotations,1405052,525,TM5837_P.Eleph.2.jpg,dataset/TM5837_P.Eleph.2.jpg,Delta,Δ,"[2817, 3939, 64, 52]",3328,bt2,5837
train_annotations,1256284,490,TM1945_P.Mich.1.45.jpg,dataset/TM1945_P.Mich.1.45.jpg,Delta,Δ,"[1678, 3801, 72, 56]",4032,bt2,1945
train_annotations,1409722,473,TM262_P.Grenf.1.38.jpg,dataset/TM262_P.Grenf.1.38.jpg,Alpha,Α,"[652, 782, 17, 14]",238,bt2,262
train_annotations,1278203,510,TM3686_P.Tebt.1.50.jpg,dataset/TM3686_P.Tebt.1.50.jpg,Zeta,Ζ,"[899, 762, 47, 45]",2115,bt2,3686
train_annotations,1284460,440,TM242_BGU.3.997.jpg,dataset/TM242_BGU.3.997.jpg,Xi,Ξ,"[7288, 1718, 119, 111]",13209,bt2,242
train_annotations,1379768,525,TM5837_P.Eleph.2.jpg,dataset/TM5837_P.Eleph.2.jpg,Alpha,Α,"[1098, 2494, 85, 80]",6800,bt2,5837
train_annotations,1146218,416,TM3676_P.Tebt.1.40.jpg,dataset/TM3676_P.Tebt.1.40.jpg,Phi,Φ,"[1145, 540, 36, 110]",3960,bt2,3676
train_annotations,1321481,496,TM2818_P.Hib.1.85.jpg,dataset/TM2818_P.Hib.1.85.jpg,Phi,Φ,"[726, 1224, 16, 48]",768,bt2,2818
train_annotations,1388445,541,TM44722_P.Diosk.6.jpg,dataset/TM44722_P.Diosk.6.jpg,Pi,Π,"[1544, 2025, 45, 43]",1935,bt2,44722
test_annotations,1320562,422,TM18497_BGU.4.1053.jpg,dataset/TM18497_BGU.4.1053.jpg,Nu,Ν,"[1755, 2230, 40, 49]",1960,bt2,18497
train_annotations,1262511,549,TM703255_P.Vindob.inv.G.56637.jpg,dataset/TM703255_P.Vindob.inv.G.56637.jpg,Sigma,Σ,"[1341.9062027231466, 6541.698070939639, 92.28441754916793, 131.62065961418793]",5307,bt2,703255
train_annotations,1362053,449,TM5579_PSI.10.1098.jpg,dataset/TM5579_PSI.10.1098.jpg,Tau,Τ,"[539, 1287, 41, 38]",1558,bt2,5579
train_annotations,1382743,446,TM3740_P.Tebt.1.104.jpg,dataset/TM3740_P.Tebt.1.104.jpg,Mu,Μ,"[1969, 1836, 49, 55]",2695,bt2,3740
train_annotations,1373094,728,TM131_P.Batav.6_frag.B.jpg,dataset/TM131_P.Batav.6_frag.B.jpg,Gamma,Γ,"[4933, 1071, 83, 82]",6806,bt2,131
train_annotations,1322030,505,TM3563_P.Tor.Choach.12.01.jpg,dataset/TM3563_P.Tor.Choach.12.01.jpg,Nu,Ν,"[1715, 2536, 84, 82]",6888,bt2,3563
train_annotations,1278207,510,TM3686_P.Tebt.1.50.jpg,dataset/TM3686_P.Tebt.1.50.jpg,Rho,Ρ,"[1085, 767, 26, 65]",1690,bt2,3686
train_annotations,1383697,446,TM3740_P.Tebt.1.104.jpg,dataset/TM3740_P.Tebt.1.104.jpg,Chi,Χ,"[1504, 2916, 36, 38]",1368,bt2,3740
train_annotations,1396366,524,TM5836_P.Eleph.1.jpg,dataset/TM5836_P.Eleph.1.jpg,Rho,Ρ,"[2262, 1386, 47, 113]",5311,bt2,5836
train_annotations,1255259,478,TM818_P.Cair.Zen.2.59172.jpg,dataset/TM818_P.Cair.Zen.2.59172.jpg,Sigma,Σ,"[1037, 892, 38, 54]",2052,bt2,818
test_annotations,1392644,489,TM1579_P.Lond.7.2017.jpg,dataset/TM1579_P.Lond.7.2017.jpg,Nu,Ν,"[611, 271, 16, 19]",304,bt2,1579
train_annotations,1287684,468,TM243_BGU.3.998.jpg,dataset/TM243_BGU.3.998.jpg,Tau,Τ,"[1207, 1562, 99, 88]",8712,bt2,243
train_annotations,1381279,500,TM3409_UPZ.1.18.jpg,dataset/TM3409_UPZ.1.18.jpg,Kappa,Κ,"[535, 868, 23, 24]",552,bt2,3409
test_annotations,1377999,485,TM1137_P.Cair.Zen.3.59499_V.jpg,dataset/TM1137_P.Cair.Zen.3.59499_V.jpg,Phi,Φ,"[4254, 848, 43, 98]",4214,bt2,1137
train_annotations,1391047,433,TM1516_P.Lond.7.1953_R.jpg,dataset/TM1516_P.Lond.7.1953_R.jpg,Nu,Ν,"[346, 1532, 31, 33]",1023,bt2,1516
train_annotations,1290548,470,TM253_P.Dryton.33_frag.Heid.jpg,dataset/TM253_P.Dryton.33_frag.Heid.jpg,Tau,Τ,"[910, 1111, 42, 31]",1302,bt2,253
train_annotations,1309020,515,TM4900_BGU.8.1821.jpg,dataset/TM4900_BGU.8.1821.jpg,Upsilon,Υ,"[2314, 4485, 102, 112]",11424,bt2,4900
train_annotations,1255019,467,TM215_P.Dryton.25_R.jpg,dataset/TM215_P.Dryton.25_R.jpg,Eta,Η,"[437, 1067, 24, 24]",576,bt2,215
train_annotations,1414637,524,TM5836_P.Eleph.1.jpg,dataset/TM5836_P.Eleph.1.jpg,Phi,Φ,"[4841, 3424, 60, 135]",8100,bt2,5836
train_annotations,1387337,454,TM58204_P.Dime.3.2_GreekOnly.jpg,dataset/TM58204_P.Dime.3.2_GreekOnly.jpg,Zeta,Ζ,"[3451, 373, 92, 96]",8832,bt2,58204
test_annotations,1392426,489,TM1579_P.Lond.7.2017.jpg,dataset/TM1579_P.Lond.7.2017.jpg,Delta,Δ,"[330, 783, 12, 15]",180,bt2,1579
train_annotations,1329622,472,TM257_P.Dryton.19_R.jpg,dataset/TM257_P.Dryton.19_R.jpg,Delta,Δ,"[621, 701, 30, 21]",630,bt2,257
train_annotations,1323074,525,TM5837_P.Eleph.2.jpg,dataset/TM5837_P.Eleph.2.jpg,Rho,Ρ,"[3128, 1487, 57, 100]",5700,bt2,5837
train_annotations,1383877,451,TM14532_SB.14.11933.jpg,dataset/TM14532_SB.14.11933.jpg,Upsilon,Υ,"[694, 88, 30, 42]",1260,bt2,14532
train_annotations,1304239,552,TM3094_P.Dion.11.jpg,dataset/TM3094_P.Dion.11.jpg,Omicron,Ο,"[834, 1485, 37, 43]",1591,bt2,3094
train_annotations,1294869,466,TM144_BGU.3.992.jpg,dataset/TM144_BGU.3.992.jpg,Lambda,Λ,"[9327, 252, 96, 135]",12960,bt2,144
train_annotations,1255226,478,TM818_P.Cair.Zen.2.59172.jpg,dataset/TM818_P.Cair.Zen.2.59172.jpg,Rho,Ρ,"[1315, 778, 45, 82]",3690,bt2,818
train_annotations,1359206,471,TM254_P.Dryton.16_R.jpg,dataset/TM254_P.Dryton.16_R.jpg,Omega,Ω,"[391, 852, 21, 19]",399,bt2,254
train_annotations,1324556,427,TM44623_P.Polit.Iud.7_R.jpg,dataset/TM44623_P.Polit.Iud.7_R.jpg,Phi,Φ,"[564, 1152, 25, 99]",2475,bt2,44623
train_annotations,1394986,424,TM18503_BGU.4.1058.jpg,dataset/TM18503_BGU.4.1058.jpg,Iota,Ι,"[2520, 4392, 49, 112]",5488,bt2,18503
test_annotations,1297658,557,TM3286_P.Enteux.9.jpg,dataset/TM3286_P.Enteux.9.jpg,Iota,Ι,"[3318, 497, 37, 81]",2997,bt2,3286
train_annotations,1308044,516,TM4907_BGU.8.1828.jpg,dataset/TM4907_BGU.8.1828.jpg,Psi,Ψ,"[2350, 3771, 127, 220]",27940,bt2,4907
train_annotations,1330107,437,TM663_P.Cair.Zen.1.59001_frag.Cairo.jpg,dataset/TM663_P.Cair.Zen.1.59001_frag.Cairo.jpg,Delta,Δ,"[1329, 2111, 46, 39]",1794,bt2,663
train_annotations,1404580,525,TM5837_P.Eleph.2.jpg,dataset/TM5837_P.Eleph.2.jpg,Tau,Τ,"[981, 3349, 58, 70]",4060,bt2,5837
train_annotations,1279352,441,TM128_BGU.3.1000.jpg,dataset/TM128_BGU.3.1000.jpg,Nu,Ν,"[6873, 1466, 92, 124]",11408,bt2,128
train_annotations,1392944,499,TM3403_UPZ.1.12.jpg,dataset/TM3403_UPZ.1.12.jpg,Delta,Δ,"[190, 574, 9, 10]",90,bt2,3403
train_annotations,1281163,552,TM3094_P.Dion.11.jpg,dataset/TM3094_P.Dion.11.jpg,Omicron,Ο,"[1048, 822, 38, 49]",1862,bt2,3094
train_annotations,1254013,538,TM18592_BGU.4.1146.jpg,dataset/TM18592_BGU.4.1146.jpg,Omicron,Ο,"[1177, 655, 61, 65]",3965,bt2,18592
train_annotations,1250405,507,TM3680_P.Tebt.1.44.jpg,dataset/TM3680_P.Tebt.1.44.jpg,Sigma,Σ,"[1335, 928, 46, 45]",2070,bt2,3680
train_annotations,1405521,525,TM5837_P.Eleph.2.jpg,dataset/TM5837_P.Eleph.2.jpg,Alpha,Α,"[2866, 4673, 47, 60]",2820,bt2,5837
train_annotations,1362980,449,TM5579_PSI.10.1098.jpg,dataset/TM5579_PSI.10.1098.jpg,Iota,Ι,"[934, 1802, 29, 45]",1305,bt2,5579
train_annotations,1146786,449,TM5579_PSI.10.1098.jpg,dataset/TM5579_PSI.10.1098.jpg,Beta,Β,"[246, 604, 64, 109]",6976,bt2,5579
train_annotations,1301123,434,TM1526_P.Lond.7.1963.jpg,dataset/TM1526_P.Lond.7.1963.jpg,Omicron,Ο,"[518, 780, 16, 20]",320,bt2,1526
train_annotations,1356298,460,TM23306_BGU.16.2583.jpg,dataset/TM23306_BGU.16.2583.jpg,Chi,Χ,"[1993, 4938, 83, 120]",9960,bt2,23306
train_annotations,1353346,694,TM4820_BGU.8.1738.P.Bingen.53_frag.A.jpg,dataset/TM4820_BGU.8.1738.P.Bingen.53_frag.A.jpg,Rho,Ρ,"[1582, 5078, 60, 154]",9240,bt2,4820
test_annotations,1278629,448,TM127_BGU.3.999.jpg,dataset/TM127_BGU.3.999.jpg,Gamma,Γ,"[5331, 1322, 60, 74]",4440,bt2,127
test_annotations,1276489,509,TM3682_P.Tebt.1.46.jpg,dataset/TM3682_P.Tebt.1.46.jpg,Iota,Ι,"[1170, 2539, 29, 49]",1421,bt2,3682
train_annotations,1358016,439,TM44733_P.Diosk.18.jpg,dataset/TM44733_P.Diosk.18.jpg,Chi,Χ,"[801, 2410, 45, 44]",1980,bt2,44733
train_annotations,1405266,525,TM5837_P.Eleph.2.jpg,dataset/TM5837_P.Eleph.2.jpg,Iota,Ι,"[1224, 4260, 45, 86]",3870,bt2,5837
train_annotations,1312603,547,TM316244_P.Tarich.4a.jpg,dataset/TM316244_P.Tarich.4a.jpg,Upsilon,Υ,"[2365, 3477, 79, 112]",8848,bt2,316244
train_annotations,1146295,457,TM4844_BGU.20.2847.jpg,dataset/TM4844_BGU.20.2847.jpg,Alpha,Α,"[1059, 1536, 96, 92]",8832,bt2,4844
train_annotations,1313264,511,TM3689_P.Tebt.1.53.jpg,dataset/TM3689_P.Tebt.1.53.jpg,Omicron,Ο,"[1243, 1965, 31, 43]",1333,bt2,3689
train_annotations,1252460,522,TM5553_BGU.3.1012.jpg,dataset/TM5553_BGU.3.1012.jpg,Delta,Δ,"[603, 2833, 110, 123]",13530,bt2,5553
train_annotations,1414616,524,TM5836_P.Eleph.1.jpg,dataset/TM5836_P.Eleph.1.jpg,Eta,Η,"[2790, 3470, 61, 91]",5551,bt2,5836
test_annotations,1376902,484,TM1137_P.Cair.Zen.3.59499_R.jpg,dataset/TM1137_P.Cair.Zen.3.59499_R.jpg,Sigma,Σ,"[1819, 1114, 53, 62]",3286,bt2,1137
test_annotations,1293908,448,TM127_BGU.3.999.jpg,dataset/TM127_BGU.3.999.jpg,Tau,Τ,"[9389, 489, 73, 62]",4526,bt2,127
test_annotations,1355397,453,TM13542_P.Tebt.2.386_GreekOnly.jpg,dataset/TM13542_P.Tebt.2.386_GreekOnly.jpg,Eta,Η,"[1170, 228, 51, 54]",2754,bt2,13542
train_annotations,1289183,466,TM144_BGU.3.992.jpg,dataset/TM144_BGU.3.992.jpg,Beta,Β,"[7782, 644, 70, 140]",9800,bt2,144
train_annotations,1282855,545,TM121853_P.Sorb.3.71.jpg,dataset/TM121853_P.Sorb.3.71.jpg,Alpha,Α,"[899, 1781, 50, 40]",2000,bt2,121853
train_annotations,1319174,421,TM11315_P.Grenf.1.45.jpg,dataset/TM11315_P.Grenf.1.45.jpg,Epsilon,Ε,"[353, 821, 30, 48]",1440,bt2,11315
train_annotations,1424582,549,TM703255_P.Vindob.inv.G.56637.jpg,dataset/TM703255_P.Vindob.inv.G.56637.jpg,Chi,Χ,"[3203.8998150949737, 8854.557145820369, 166.4145234493192, 229.45364032358432]",54054,bt2,703255
train_annotations,1298794,483,TM1011_P.Cair.Zen.3.59368.jpg,dataset/TM1011_P.Cair.Zen.3.59368.jpg,Gamma,Γ,"[1394, 2785, 62, 62]",3844,bt2,1011
train_annotations,1329358,472,TM257_P.Dryton.19_R.jpg,dataset/TM257_P.Dryton.19_R.jpg,Upsilon,Υ,"[518, 359, 17, 20]",340,bt2,257
train_annotations,1364011,529,TM7883_P.Sijp.45.jpg,dataset/TM7883_P.Sijp.45.jpg,Tau,Τ,"[2633, 2971, 106, 109]",11554,bt2,7883
train_annotations,1291809,536,TM18560_BGU.4.1118.jpg,dataset/TM18560_BGU.4.1118.jpg,Omega,Ω,"[726, 2131, 48, 43]",2064,bt2,18560
train_annotations,1254015,538,TM18592_BGU.4.1146.jpg,dataset/TM18592_BGU.4.1146.jpg,Delta,Δ,"[1291, 661, 68, 66]",4488,bt2,18592
train_annotations,1262278,549,TM703255_P.Vindob.inv.G.56637.jpg,dataset/TM703255_P.Vindob.inv.G.56637.jpg,Rho,Ρ,"[3254.160363086233, 3455.4205351586807, 99.84871406959152, 258.70267579340384]",11286,bt2,703255
train_annotations,1394166,504,TM3444_UPZ.1.53.jpg,dataset/TM3444_UPZ.1.53.jpg,Nu,Ν,"[396, 1137, 18, 16]",288,bt2,3444
train_annotations,1255704,481,TM945_P.Cair.Zen.3.59301.jpg,dataset/TM945_P.Cair.Zen.3.59301.jpg,Sigma,Σ,"[3802, 1189, 64, 96]",6144,bt2,945
train_annotations,1261507,416,TM3676_P.Tebt.1.40.jpg,dataset/TM3676_P.Tebt.1.40.jpg,Omega,Ω,"[1293, 1842, 48, 42]",2016,bt2,3676
test_annotations,1279014,448,TM127_BGU.3.999.jpg,dataset/TM127_BGU.3.999.jpg,Pi,Π,"[5279, 1943, 109, 76]",8284,bt2,127
train_annotations,1277278,466,TM144_BGU.3.992.jpg,dataset/TM144_BGU.3.992.jpg,Theta,Θ,"[4582, 438, 66, 62]",4092,bt2,144
train_annotations,1289718,447,TM5697_SB.5.7532.jpg,dataset/TM5697_SB.5.7532.jpg,Gamma,Γ,"[2713, 2263, 66, 90]",5940,bt2,5697
train_annotations,1352520,694,TM4820_BGU.8.1738.P.Bingen.53_frag.A.jpg,dataset/TM4820_BGU.8.1738.P.Bingen.53_frag.A.jpg,Iota,Ι,"[1489, 1066, 43, 82]",3526,bt2,4820
train_annotations,1363959,420,TM5853_P.Eleph.20_R.jpg,dataset/TM5853_P.Eleph.20_R.jpg,Beta,Β,"[1558, 2504, 111, 145]",16095,bt2,5853
train_annotations,1276561,419,TM5132_SB.28.16855.jpg,dataset/TM5132_SB.28.16855.jpg,Omega,Ω,"[2468, 1171, 90, 87]",7830,bt2,5132
train_annotations,1417009,538,TM18592_BGU.4.1146.jpg,dataset/TM18592_BGU.4.1146.jpg,Eta,Η,"[3364, 2671, 67, 100]",6700,bt2,18592
train_annotations,1415162,524,TM5836_P.Eleph.1.jpg,dataset/TM5836_P.Eleph.1.jpg,Kappa,Κ,"[3735, 4304, 50, 87]",4350,bt2,5836
train_annotations,1319702,451,TM14532_SB.14.11933.jpg,dataset/TM14532_SB.14.11933.jpg,Epsilon,Ε,"[701, 677, 23, 36]",828,bt2,14532
train_annotations,1290159,470,TM253_P.Dryton.33_frag.Heid.jpg,dataset/TM253_P.Dryton.33_frag.Heid.jpg,Omicron,Ο,"[1161, 601, 20, 32]",640,bt2,253
train_annotations,1362304,449,TM5579_PSI.10.1098.jpg,dataset/TM5579_PSI.10.1098.jpg,Rho,Ρ,"[2114, 1449, 25, 53]",1325,bt2,5579
train_annotations,1320077,535,TM17894_P.Wash.Univ.2.77_frag.Vienna.jpg,dataset/TM17894_P.Wash.Univ.2.77_frag.Vienna.jpg,Upsilon,Υ,"[3597, 5504, 171, 187]",31977,bt2,17894
train_annotations,1415003,524,TM5836_P.Eleph.1.jpg,dataset/TM5836_P.Eleph.1.jpg,Eta,Η,"[763, 4274, 46, 79]",3634,bt2,5836
train_annotations,1388302,541,TM44722_P.Diosk.6.jpg,dataset/TM44722_P.Diosk.6.jpg,Alpha,Α,"[1808, 1834, 43, 45]",1935,bt2,44722
test_annotations,1370987,557,TM3286_P.Enteux.9.jpg,dataset/TM3286_P.Enteux.9.jpg,Rho,Ρ,"[2595, 1100, 34, 80]",2720,bt2,3286
train_annotations,1363598,449,TM5579_PSI.10.1098.jpg,dataset/TM5579_PSI.10.1098.jpg,Epsilon,Ε,"[405, 2548, 44, 71]",3124,bt2,5579
train_annotations,1321540,496,TM2818_P.Hib.1.85.jpg,dataset/TM2818_P.Hib.1.85.jpg,Nu,Ν,"[525, 1379, 23, 25]",575,bt2,2818
train_annotations,1275675,508,TM3681_P.Tebt.1.45.jpg,dataset/TM3681_P.Tebt.1.45.jpg,Alpha,Α,"[1635, 1513, 35, 37]",1295,bt2,3681
train_annotations,1313030,542,TM69805_BGU.18.2731.jpg,dataset/TM69805_BGU.18.2731.jpg,Mu,Μ,"[2374, 2904, 100, 101]",10100,bt2,69805
train_annotations,1390909,433,TM1516_P.Lond.7.1953_R.jpg,dataset/TM1516_P.Lond.7.1953_R.jpg,Kappa,Κ,"[440, 1222, 28, 36]",1008,bt2,1516
train_annotations,1416230,534,TM17894_P.Wash.Univ.2.77_frag.Wash.jpg,dataset/TM17894_P.Wash.Univ.2.77_frag.Wash.jpg,Eta,Η,"[246, 782, 20, 35]",700,bt2,17894
train_annotations,1382832,446,TM3740_P.Tebt.1.104.jpg,dataset/TM3740_P.Tebt.1.104.jpg,Chi,Χ,"[1967, 2030, 57, 55]",3135,bt2,3740
train_annotations,1324303,426,TM44617_P.Polit.Iud.1.jpg,dataset/TM44617_P.Polit.Iud.1.jpg,Lambda,Λ,"[771, 1194, 24, 48]",1152,bt2,44617
train_annotations,1394152,504,TM3444_UPZ.1.53.jpg,dataset/TM3444_UPZ.1.53.jpg,Eta,Η,"[767, 1119, 16, 21]",336,bt2,3444
test_annotations,1378053,485,TM1137_P.Cair.Zen.3.59499_V.jpg,dataset/TM1137_P.Cair.Zen.3.59499_V.jpg,Chi,Χ,"[3789, 1173, 53, 56]",2968,bt2,1137
train_annotations,1337068,554,TM3098_P.Dion.15_R.jpg,dataset/TM3098_P.Dion.15_R.jpg,Iota,Ι,"[1907, 3438, 27, 61]",1647,bt2,3098
train_annotations,1251300,511,TM3689_P.Tebt.1.53.jpg,dataset/TM3689_P.Tebt.1.53.jpg,Rho,Ρ,"[1137, 1127, 38, 116]",4408,bt2,3689
train_annotations,1308396,522,TM5553_BGU.3.1012.jpg,dataset/TM5553_BGU.3.1012.jpg,Mu,Μ,"[1534, 3679, 131, 94]",12314,bt2,5553
train_annotations,1328956,579,TM316241_P.Tarich.1.jpg,dataset/TM316241_P.Tarich.1.jpg,Rho,Ρ,"[2618.456256535378, 880.1014058538834, 62.01080515859184, 114.01313666743489]",1767,bt2,316241
train_annotations,1323918,538,TM18592_BGU.4.1146.jpg,dataset/TM18592_BGU.4.1146.jpg,Sigma,Σ,"[2920, 804, 48, 93]",4464,bt2,18592
train_annotations,1291445,536,TM18560_BGU.4.1118.jpg,dataset/TM18560_BGU.4.1118.jpg,Tau,Τ,"[1108, 2688, 33, 50]",1650,bt2,18560
train_annotations,1303014,492,TM2133_PSI.5.510.jpg,dataset/TM2133_PSI.5.510.jpg,Pi,Π,"[1443, 249, 66, 52]",3432,bt2,2133
train_annotations,1291790,536,TM18560_BGU.4.1118.jpg,dataset/TM18560_BGU.4.1118.jpg,Zeta,Ζ,"[1189, 1588, 32, 53]",1696,bt2,18560
train_annotations,1365322,541,TM44722_P.Diosk.6.jpg,dataset/TM44722_P.Diosk.6.jpg,Iota,Ι,"[2520, 1018, 17, 35]",595,bt2,44722
train_annotations,1390515,423,TM18499_BGU.4.1055.jpg,dataset/TM18499_BGU.4.1055.jpg,Nu,Ν,"[1067, 3071, 44, 45]",1980,bt2,18499
train_annotations,1331601,553,TM3097_P.Dion.14_R.jpg,dataset/TM3097_P.Dion.14_R.jpg,Theta,Θ,"[723, 4026, 42, 62]",2604,bt2,3097
train_annotations,1289219,466,TM144_BGU.3.992.jpg,dataset/TM144_BGU.3.992.jpg,Rho,Ρ,"[6072, 949, 78, 181]",14118,bt2,144
train_annotations,1253097,528,TM5850_P.Eleph.17_R.jpg,dataset/TM5850_P.Eleph.17_R.jpg,Omega,Ω,"[953, 1626, 205, 103]",21115,bt2,5850
train_annotations,1378929,503,TM3433_UPZ.1.42.jpg,dataset/TM3433_UPZ.1.42.jpg,Omicron,Ο,"[985, 296, 10, 14]",140,bt2,3433
train_annotations,1361383,502,TM3432_UPZ.1.41.jpg,dataset/TM3432_UPZ.1.41.jpg,Upsilon,Υ,"[275, 633, 14, 25]",350,bt2,3432
train_annotations,1282845,545,TM121853_P.Sorb.3.71.jpg,dataset/TM121853_P.Sorb.3.71.jpg,Chi,Χ,"[489, 1779, 61, 66]",4026,bt2,121853
test_annotations,1283744,532,TM8808_SB.24.16285.gif,dataset/TM8808_SB.24.16285.gif,Eta,Η,"[510, 1495, 18, 30]",540,bt2,8808
train_annotations,1276836,419,TM5132_SB.28.16855.jpg,dataset/TM5132_SB.28.16855.jpg,Rho,Ρ,"[1670, 3287, 61, 114]",6954,bt2,5132
train_annotations,1396514,524,TM5836_P.Eleph.1.jpg,dataset/TM5836_P.Eleph.1.jpg,Tau,Τ,"[582, 1658, 56, 89]",4984,bt2,5836
train_annotations,1416486,538,TM18592_BGU.4.1146.jpg,dataset/TM18592_BGU.4.1146.jpg,Upsilon,Υ,"[1743, 1172, 58, 79]",4582,bt2,18592
train_annotations,1416922,538,TM18592_BGU.4.1146.jpg,dataset/TM18592_BGU.4.1146.jpg,Rho,Ρ,"[1082, 2645, 54, 98]",5292,bt2,18592
train_annotations,1320743,423,TM18499_BGU.4.1055.jpg,dataset/TM18499_BGU.4.1055.jpg,Delta,Δ,"[392, 1585, 61, 40]",2440,bt2,18499
train_annotations,1373810,728,TM131_P.Batav.6_frag.B.jpg,dataset/TM131_P.Batav.6_frag.B.jpg,Omega,Ω,"[999, 688, 146, 97]",14162,bt2,131
train_annotations,1307537,457,TM4844_BGU.20.2847.jpg,dataset/TM4844_BGU.20.2847.jpg,Nu,Ν,"[1667, 1118, 106, 88]",9328,bt2,4844
train_annotations,1363965,420,TM5853_P.Eleph.20_R.jpg,dataset/TM5853_P.Eleph.20_R.jpg,Rho,Ρ,"[1490, 4732, 109, 213]",23217,bt2,5853
train_annotations,1314187,518,TM4932_BGU.8.1853.jpg,dataset/TM4932_BGU.8.1853.jpg,Gamma,Γ,"[2262, 596, 56, 96]",5376,bt2,4932
train_annotations,1410221,555,TM3099_P.Dion.16_R.jpg,dataset/TM3099_P.Dion.16_R.jpg,Omega,Ω,"[1690, 3256, 48, 32]",1536,bt2,3099
test_annotations,1276349,509,TM3682_P.Tebt.1.46.jpg,dataset/TM3682_P.Tebt.1.46.jpg,Eta,Η,"[1435, 1798, 66, 61]",4026,bt2,3682
train_annotations,1289610,447,TM5697_SB.5.7532.jpg,dataset/TM5697_SB.5.7532.jpg,Epsilon,Ε,"[1593, 1860, 68, 70]",4760,bt2,5697
train_annotations,1282255,418,TM4912_BGU.8.1833.jpg,dataset/TM4912_BGU.8.1833.jpg,Omicron,Ο,"[3022, 1347, 46, 63]",2898,bt2,4912
train_annotations,1291388,456,TM78025_P.Bingen.45.jpg,dataset/TM78025_P.Bingen.45.jpg,Eta,Η,"[937, 2860, 99, 111]",10989,bt2,78025
train_annotations,1309605,555,TM3099_P.Dion.16_R.jpg,dataset/TM3099_P.Dion.16_R.jpg,Xi,Ξ,"[1205, 2359, 32, 48]",1536,bt2,3099
train_annotations,1277821,510,TM3686_P.Tebt.1.50.jpg,dataset/TM3686_P.Tebt.1.50.jpg,Nu,Ν,"[1265, 2693, 72, 59]",4248,bt2,3686
train_annotations,1337004,554,TM3098_P.Dion.15_R.jpg,dataset/TM3098_P.Dion.15_R.jpg,Eta,Η,"[1862, 3279, 57, 70]",3990,bt2,3098
train_annotations,1255941,490,TM1945_P.Mich.1.45.jpg,dataset/TM1945_P.Mich.1.45.jpg,Rho,Ρ,"[1722, 1400, 51, 103]",5253,bt2,1945
train_annotations,1309797,555,TM3099_P.Dion.16_R.jpg,dataset/TM3099_P.Dion.16_R.jpg,Omega,Ω,"[1254, 2619, 55, 43]",2365,bt2,3099
train_annotations,1395056,424,TM18503_BGU.4.1058.jpg,dataset/TM18503_BGU.4.1058.jpg,Pi,Π,"[2526, 4784, 102, 106]",10812,bt2,18503
train_annotations,1417025,538,TM18592_BGU.4.1146.jpg,dataset/TM18592_BGU.4.1146.jpg,Chi,Χ,"[1650, 2897, 76, 90]",6840,bt2,18592
train_annotations,1324923,587,TM44878_P.Dryton.56.jpg,dataset/TM44878_P.Dryton.56.jpg,Theta,Θ,"[1839, 1605, 154, 179]",27566,bt2,44878
train_annotations,1415248,524,TM5836_P.Eleph.1.jpg,dataset/TM5836_P.Eleph.1.jpg,Mu,Μ,"[3189, 4485, 73, 77]",5621,bt2,5836
train_annotations,1312014,517,TM4927_BGU.8.1848.jpg,dataset/TM4927_BGU.8.1848.jpg,Alpha,Α,"[662, 5885, 80, 133]",10640,bt2,4927
train_annotations,1384956,492,TM2133_PSI.5.510.jpg,dataset/TM2133_PSI.5.510.jpg,Pi,Π,"[1812, 1110, 76, 47]",3572,bt2,2133
train_annotations,1347108,558,TM3289_P.Enteux.12.jpg,dataset/TM3289_P.Enteux.12.jpg,Alpha,Α,"[3414, 1308, 45, 42]",1890,bt2,3289
test_annotations,1390032,422,TM18497_BGU.4.1053.jpg,dataset/TM18497_BGU.4.1053.jpg,Omega,Ω,"[617, 3532, 63, 37]",2331,bt2,18497
train_annotations,1416703,538,TM18592_BGU.4.1146.jpg,dataset/TM18592_BGU.4.1146.jpg,Theta,Θ,"[1827, 1944, 59, 90]",5310,bt2,18592
train_annotations,1284774,440,TM242_BGU.3.997.jpg,dataset/TM242_BGU.3.997.jpg,Alpha,Α,"[7216, 2393, 91, 115]",10465,bt2,242
test_annotations,1288968,442,TM56_BGU.3.994.jpg,dataset/TM56_BGU.3.994.jpg,Mu,Μ,"[7675, 1161, 119, 105]",12495,bt2,56
test_annotations,1288499,442,TM56_BGU.3.994.jpg,dataset/TM56_BGU.3.994.jpg,Upsilon,Υ,"[6196, 1461, 95, 104]",9880,bt2,56
train_annotations,1321456,496,TM2818_P.Hib.1.85.jpg,dataset/TM2818_P.Hib.1.85.jpg,Beta,Β,"[646, 1190, 20, 34]",680,bt2,2818
train_annotations,1373835,728,TM131_P.Batav.6_frag.B.jpg,dataset/TM131_P.Batav.6_frag.B.jpg,Epsilon,Ε,"[3143, 668, 95, 148]",14060,bt2,131
test_annotations,1382280,501,TM3415_UPZ.1.24.jpg,dataset/TM3415_UPZ.1.24.jpg,Iota,Ι,"[330, 1215, 11, 20]",220,bt2,3415
train_annotations,1386267,548,TM316254_P.Tarich.11.jpg,dataset/TM316254_P.Tarich.11.jpg,Psi,Ψ,"[193, 664, 17, 23]",391,bt2,316254
train_annotations,1364133,529,TM7883_P.Sijp.45.jpg,dataset/TM7883_P.Sijp.45.jpg,Omega,Ω,"[1354, 4359, 115, 104]",11960,bt2,7883
train_annotations,1277056,419,TM5132_SB.28.16855.jpg,dataset/TM5132_SB.28.16855.jpg,Alpha,Α,"[3054, 5005, 39, 76]",2964,bt2,5132
train_annotations,1396560,524,TM5836_P.Eleph.1.jpg,dataset/TM5836_P.Eleph.1.jpg,Mu,Μ,"[2861, 1694, 70, 84]",5880,bt2,5836
train_annotations,1279421,441,TM128_BGU.3.1000.jpg,dataset/TM128_BGU.3.1000.jpg,Sigma,Σ,"[6007, 1663, 67, 115]",7705,bt2,128
train_annotations,1291734,536,TM18560_BGU.4.1118.jpg,dataset/TM18560_BGU.4.1118.jpg,Sigma,Σ,"[821, 3203, 29, 35]",1015,bt2,18560
train_annotations,1385107,553,TM3097_P.Dion.14_R.jpg,dataset/TM3097_P.Dion.14_R.jpg,Tau,Τ,"[638, 693, 40, 37]",1480,bt2,3097
train_annotations,1358916,471,TM254_P.Dryton.16_R.jpg,dataset/TM254_P.Dryton.16_R.jpg,Pi,Π,"[587, 491, 26, 19]",494,bt2,254
train_annotations,1393625,504,TM3444_UPZ.1.53.jpg,dataset/TM3444_UPZ.1.53.jpg,Epsilon,Ε,"[705, 473, 14, 20]",280,bt2,3444
train_annotations,1281114,551,TM3093_P.Dion.10.jpg,dataset/TM3093_P.Dion.10.jpg,Omicron,Ο,"[2215, 1077, 21, 29]",609,bt2,3093
train_annotations,1410413,555,TM3099_P.Dion.16_R.jpg,dataset/TM3099_P.Dion.16_R.jpg,Theta,Θ,"[1935, 1223, 36, 50]",1800,bt2,3099
test_annotations,1318480,527,TM5842_P.Eleph.8.jpg,dataset/TM5842_P.Eleph.8.jpg,Upsilon,Υ,"[2079, 6703, 121, 168]",20328,bt2,5842
train_annotations,1308177,418,TM4912_BGU.8.1833.jpg,dataset/TM4912_BGU.8.1833.jpg,Gamma,Γ,"[969, 2125, 86, 127]",10922,bt2,4912
test_annotations,1253543,532,TM8808_SB.24.16285.gif,dataset/TM8808_SB.24.16285.gif,Rho,Ρ,"[288, 1180, 25, 39]",975,bt2,8808
train_annotations,1358638,542,TM69805_BGU.18.2731.jpg,dataset/TM69805_BGU.18.2731.jpg,Tau,Τ,"[2272, 4489, 79, 84]",6636,bt2,69805
test_annotations,1381554,501,TM3415_UPZ.1.24.jpg,dataset/TM3415_UPZ.1.24.jpg,Xi,Ξ,"[323, 485, 17, 17]",289,bt2,3415
train_annotations,1383737,446,TM3740_P.Tebt.1.104.jpg,dataset/TM3740_P.Tebt.1.104.jpg,Psi,Ψ,"[1755, 2977, 43, 56]",2408,bt2,3740
test_annotations,1391342,489,TM1579_P.Lond.7.2017.jpg,dataset/TM1579_P.Lond.7.2017.jpg,Pi,Π,"[266, 328, 15, 15]",225,bt2,1579
train_annotations,1294740,441,TM128_BGU.3.1000.jpg,dataset/TM128_BGU.3.1000.jpg,Delta,Δ,"[8608, 1540, 90, 65]",5850,bt2,128
test_annotations,1252985,527,TM5842_P.Eleph.8.jpg,dataset/TM5842_P.Eleph.8.jpg,Gamma,Γ,"[1353, 2876, 114, 102]",11628,bt2,5842
train_annotations,1255121,467,TM215_P.Dryton.25_R.jpg,dataset/TM215_P.Dryton.25_R.jpg,Rho,Ρ,"[666, 1310, 16, 44]",704,bt2,215
train_annotations,1312031,517,TM4927_BGU.8.1848.jpg,dataset/TM4927_BGU.8.1848.jpg,Omicron,Ο,"[1843, 5749, 64, 72]",4608,bt2,4927
train_annotations,1288054,468,TM243_BGU.3.998.jpg,dataset/TM243_BGU.3.998.jpg,Kappa,Κ,"[777, 2453, 82, 100]",8200,bt2,243
train_annotations,1319609,451,TM14532_SB.14.11933.jpg,dataset/TM14532_SB.14.11933.jpg,Kappa,Κ,"[382, 354, 33, 35]",1155,bt2,14532
train_annotations,1406797,526,TM5838_P.Eleph.3.jpg,dataset/TM5838_P.Eleph.3.jpg,Rho,Ρ,"[2578, 2219, 40, 98]",3920,bt2,5838
train_annotations,1262249,549,TM703255_P.Vindob.inv.G.56637.jpg,dataset/TM703255_P.Vindob.inv.G.56637.jpg,Nu,Ν,"[2804.8411497730713, 3199.7436216552583, 145.23449319213313, 164.90404480398257]",10464,bt2,703255
train_annotations,1308138,516,TM4907_BGU.8.1828.jpg,dataset/TM4907_BGU.8.1828.jpg,Sigma,Σ,"[1672, 4783, 101, 129]",13029,bt2,4907
train_annotations,1305998,554,TM3098_P.Dion.15_R.jpg,dataset/TM3098_P.Dion.15_R.jpg,Pi,Π,"[876, 1357, 40, 39]",1560,bt2,3098
train_annotations,1379500,525,TM5837_P.Eleph.2.jpg,dataset/TM5837_P.Eleph.2.jpg,Eta,Η,"[566, 2010, 58, 67]",3886,bt2,5837
train_annotations,1394987,424,TM18503_BGU.4.1058.jpg,dataset/TM18503_BGU.4.1058.jpg,Delta,Δ,"[2574, 4392, 105, 114]",11970,bt2,18503
train_annotations,1356923,541,TM44722_P.Diosk.6.jpg,dataset/TM44722_P.Diosk.6.jpg,Tau,Τ,"[3414, 955, 44, 55]",2420,bt2,44722
train_annotations,1325066,543,TM78357_P.Heid.7.394.jpg,dataset/TM78357_P.Heid.7.394.jpg,Mu,Μ,"[303, 1065, 88, 74]",6512,bt2,78357
train_annotations,1411168,505,TM3563_P.Tor.Choach.12.01.jpg,dataset/TM3563_P.Tor.Choach.12.01.jpg,Alpha,Α,"[3023, 4149, 57, 71]",4047,bt2,3563
train_annotations,1405368,525,TM5837_P.Eleph.2.jpg,dataset/TM5837_P.Eleph.2.jpg,Alpha,Α,"[2089, 4383, 61, 81]",4941,bt2,5837
test_annotations,1389548,422,TM18497_BGU.4.1053.jpg,dataset/TM18497_BGU.4.1053.jpg,Epsilon,Ε,"[915, 1526, 43, 56]",2408,bt2,18497
train_annotations,1363158,449,TM5579_PSI.10.1098.jpg,dataset/TM5579_PSI.10.1098.jpg,Epsilon,Ε,"[2100, 1934, 46, 56]",2576,bt2,5579
train_annotations,1308376,522,TM5553_BGU.3.1012.jpg,dataset/TM5553_BGU.3.1012.jpg,Gamma,Γ,"[2553, 3317, 90, 100]",9000,bt2,5553
train_annotations,1323450,537,TM18570_BGU.4.1127.jpg,dataset/TM18570_BGU.4.1127.jpg,Alpha,Α,"[991, 1421, 24, 37]",888,bt2,18570
train_annotations,1347514,666,TM3987_BGU.14.2380_frag.B.jpg,dataset/TM3987_BGU.14.2380_frag.B.jpg,Eta,Η,"[939, 334, 193, 125]",24125,bt2,3987
train_annotations,1289482,466,TM144_BGU.3.992.jpg,dataset/TM144_BGU.3.992.jpg,Delta,Δ,"[6612, 1690, 110, 77]",8470,bt2,144
train_annotations,1279269,441,TM128_BGU.3.1000.jpg,dataset/TM128_BGU.3.1000.jpg,Gamma,Γ,"[7123, 1324, 74, 117]",8658,bt2,128
train_annotations,1373109,728,TM131_P.Batav.6_frag.B.jpg,dataset/TM131_P.Batav.6_frag.B.jpg,Tau,Τ,"[6497, 1063, 148, 148]",21904,bt2,131
train_annotations,1364542,452,TM9228_BGU.2.543.jpg,dataset/TM9228_BGU.2.543.jpg,Rho,Ρ,"[658, 3497, 75, 116]",8700,bt2,9228
train_annotations,1314419,541,TM44722_P.Diosk.6.jpg,dataset/TM44722_P.Diosk.6.jpg,Eta,Η,"[595, 1058, 50, 45]",2250,bt2,44722
test_annotations,1283412,556,TM3283_P.Enteux.6.jpg,dataset/TM3283_P.Enteux.6.jpg,Alpha,Α,"[1763, 1201, 49, 55]",2695,bt2,3283
train_annotations,1361797,502,TM3432_UPZ.1.41.jpg,dataset/TM3432_UPZ.1.41.jpg,Mu,Μ,"[538, 965, 22, 19]",418,bt2,3432
train_annotations,1346416,685,TM1803_P.Col.4.90_lower.jpg,dataset/TM1803_P.Col.4.90_lower.jpg,Iota,Ι,"[2426, 1121, 29, 51]",1479,bt2,1803
train_annotations,1146399,417,TM4911_BGU.8.1832.jpg,dataset/TM4911_BGU.8.1832.jpg,Lambda,Λ,"[2635, 1639, 83, 104]",8632,bt2,4911
train_annotations,1338473,573,TM3099_P.Dion.16_V.jpg,dataset/TM3099_P.Dion.16_V.jpg,Delta,Δ,"[604, 4235, 50, 38]",1900,bt2,3099
train_annotations,1305234,553,TM3097_P.Dion.14_R.jpg,dataset/TM3097_P.Dion.14_R.jpg,Omicron,Ο,"[1800, 1804, 23, 32]",736,bt2,3097
train_annotations,1308294,418,TM4912_BGU.8.1833.jpg,dataset/TM4912_BGU.8.1833.jpg,Alpha,Α,"[1502, 3546, 86, 118]",10148,bt2,4912
train_annotations,1365241,541,TM44722_P.Diosk.6.jpg,dataset/TM44722_P.Diosk.6.jpg,Tau,Τ,"[2782, 810, 40, 42]",1680,bt2,44722
train_annotations,1394192,504,TM3444_UPZ.1.53.jpg,dataset/TM3444_UPZ.1.53.jpg,Alpha,Α,"[370, 1169, 22, 23]",506,bt2,3444
train_annotations,1308736,515,TM4900_BGU.8.1821.jpg,dataset/TM4900_BGU.8.1821.jpg,Delta,Δ,"[762, 2218, 116, 136]",15776,bt2,4900
train_annotations,1290073,470,TM253_P.Dryton.33_frag.Heid.jpg,dataset/TM253_P.Dryton.33_frag.Heid.jpg,Lambda,Λ,"[1053, 512, 26, 35]",910,bt2,253
train_annotations,1306780,554,TM3098_P.Dion.15_R.jpg,dataset/TM3098_P.Dion.15_R.jpg,Chi,Χ,"[1200, 2492, 43, 41]",1763,bt2,3098
train_annotations,1364389,529,TM7883_P.Sijp.45.jpg,dataset/TM7883_P.Sijp.45.jpg,Chi,Χ,"[4305, 1029, 121, 92]",11132,bt2,7883
test_annotations,1391534,489,TM1579_P.Lond.7.2017.jpg,dataset/TM1579_P.Lond.7.2017.jpg,Lambda,Λ,"[682, 395, 18, 19]",342,bt2,1579
train_annotations,1144802,440,TM242_BGU.3.997.jpg,dataset/TM242_BGU.3.997.jpg,Theta,Θ,"[7706, 1360, 71, 127]",9017,bt2,242
train_annotations,1289616,447,TM5697_SB.5.7532.jpg,dataset/TM5697_SB.5.7532.jpg,Rho,Ρ,"[1932, 1850, 54, 140]",7560,bt2,5697
train_annotations,1283646,524,TM5836_P.Eleph.1.jpg,dataset/TM5836_P.Eleph.1.jpg,Iota,Ι,"[964, 1353, 35, 99]",3465,bt2,5836
train_annotations,1291507,536,TM18560_BGU.4.1118.jpg,dataset/TM18560_BGU.4.1118.jpg,Lambda,Λ,"[901, 2834, 40, 41]",1640,bt2,18560
train_annotations,1300992,434,TM1526_P.Lond.7.1963.jpg,dataset/TM1526_P.Lond.7.1963.jpg,Pi,Π,"[603, 401, 28, 24]",672,bt2,1526
train_annotations,1393036,499,TM3403_UPZ.1.12.jpg,dataset/TM3403_UPZ.1.12.jpg,Phi,Φ,"[258, 708, 12, 25]",300,bt2,3403
train_annotations,1322964,525,TM5837_P.Eleph.2.jpg,dataset/TM5837_P.Eleph.2.jpg,Rho,Ρ,"[944, 1450, 41, 96]",3936,bt2,5837
test_annotations,1377393,485,TM1137_P.Cair.Zen.3.59499_V.jpg,dataset/TM1137_P.Cair.Zen.3.59499_V.jpg,Rho,Ρ,"[1121, 702, 25, 69]",1725,bt2,1137
test_annotations,1281405,556,TM3283_P.Enteux.6.jpg,dataset/TM3283_P.Enteux.6.jpg,Theta,Θ,"[2717, 899, 65, 70]",4550,bt2,3283
train_annotations,1324634,428,TM44624_P.Polit.Iud.8.jpg,dataset/TM44624_P.Polit.Iud.8.jpg,Delta,Δ,"[606, 694, 28, 28]",784,bt2,44624
train_annotations,1416790,538,TM18592_BGU.4.1146.jpg,dataset/TM18592_BGU.4.1146.jpg,Epsilon,Ε,"[1540, 2214, 65, 97]",6305,bt2,18592
train_annotations,1410018,555,TM3099_P.Dion.16_R.jpg,dataset/TM3099_P.Dion.16_R.jpg,Chi,Χ,"[1091, 2986, 45, 38]",1710,bt2,3099
train_annotations,1308300,418,TM4912_BGU.8.1833.jpg,dataset/TM4912_BGU.8.1833.jpg,Eta,Η,"[2091, 3540, 98, 124]",12152,bt2,4912
train_annotations,131601,496,TM2818_P.Hib.1.85.jpg,dataset/TM2818_P.Hib.1.85.jpg,Omega,Ω,"[465.5938930618577, 1111.3736877253336, 27.676740570120614, 13.156365505020517]",,bt2,2818
train_annotations,1157764,471,TM254_P.Dryton.16_R.jpg,dataset/TM254_P.Dryton.16_R.jpg,Upsilon,Υ,"[787, 426, 13, 21]",273,bt2,254
train_annotations,1370645,709,TM253_P.Dryton.33_frag.London.jpg,dataset/TM253_P.Dryton.33_frag.London.jpg,Omega,Ω,"[356, 641, 18, 14]",252,bt2,253
train_annotations,1286997,468,TM243_BGU.3.998.jpg,dataset/TM243_BGU.3.998.jpg,Epsilon,Ε,"[8118, 1313, 77, 119]",9163,bt2,243
train_annotations,1390170,423,TM18499_BGU.4.1055.jpg,dataset/TM18499_BGU.4.1055.jpg,Sigma,Σ,"[653, 2269, 45, 45]",2025,bt2,18499
train_annotations,1394816,424,TM18503_BGU.4.1058.jpg,dataset/TM18503_BGU.4.1058.jpg,Tau,Τ,"[2612, 3501, 108, 109]",11772,bt2,18503
train_annotations,1373095,728,TM131_P.Batav.6_frag.B.jpg,dataset/TM131_P.Batav.6_frag.B.jpg,Eta,Η,"[4991, 1008, 141, 164]",23124,bt2,131
train_annotations,1387288,454,TM58204_P.Dime.3.2_GreekOnly.jpg,dataset/TM58204_P.Dime.3.2_GreekOnly.jpg,Omega,Ω,"[9585, 235, 111, 84]",9324,bt2,58204
train_annotations,1279142,441,TM128_BGU.3.1000.jpg,dataset/TM128_BGU.3.1000.jpg,Rho,Ρ,"[3624, 1098, 89, 150]",13350,bt2,128
train_annotations,1254074,540,TM44603_P.Eleph.27a.jpg,dataset/TM44603_P.Eleph.27a.jpg,Pi,Π,"[1931, 1516, 139, 118]",16402,bt2,44603
test_annotations,1288850,442,TM56_BGU.3.994.jpg,dataset/TM56_BGU.3.994.jpg,Omega,Ω,"[8885, 709, 110, 87]",9570,bt2,56
train_annotations,1414602,524,TM5836_P.Eleph.1.jpg,dataset/TM5836_P.Eleph.1.jpg,Lambda,Λ,"[1943, 3514, 59, 106]",6254,bt2,5836
train_annotations,1303722,551,TM3093_P.Dion.10.jpg,dataset/TM3093_P.Dion.10.jpg,Sigma,Σ,"[1574, 1649, 53, 56]",2968,bt2,3093
train_annotations,1149686,423,TM18499_BGU.4.1055.jpg,dataset/TM18499_BGU.4.1055.jpg,Alpha,Α,"[440, 757, 41, 54]",2214,bt2,18499
train_annotations,1361986,449,TM5579_PSI.10.1098.jpg,dataset/TM5579_PSI.10.1098.jpg,Gamma,Γ,"[2302, 1140, 38, 41]",1558,bt2,5579
train_annotations,1425291,524,TM5836_P.Eleph.1.jpg,dataset/TM5836_P.Eleph.1.jpg,Alpha,Α,"[4236, 4707, 54, 86]",4644,bt2,5836
train_annotations,1379810,525,TM5837_P.Eleph.2.jpg,dataset/TM5837_P.Eleph.2.jpg,Gamma,Γ,"[3602, 2421, 80, 73]",5840,bt2,5837
train_annotations,1281809,511,TM3689_P.Tebt.1.53.jpg,dataset/TM3689_P.Tebt.1.53.jpg,Pi,Π,"[918, 494, 98, 82]",8036,bt2,3689
train_annotations,1322068,505,TM3563_P.Tor.Choach.12.01.jpg,dataset/TM3563_P.Tor.Choach.12.01.jpg,Upsilon,Υ,"[859, 2683, 62, 71]",4402,bt2,3563
test_annotations,1376994,484,TM1137_P.Cair.Zen.3.59499_R.jpg,dataset/TM1137_P.Cair.Zen.3.59499_R.jpg,Chi,Χ,"[1310, 2461, 77, 100]",7700,bt2,1137
train_annotations,1395177,424,TM18503_BGU.4.1058.jpg,dataset/TM18503_BGU.4.1058.jpg,Phi,Φ,"[833, 5424, 97, 144]",13968,bt2,18503
train_annotations,1360813,497,TM2821_P.Hib.1.92.jpg,dataset/TM2821_P.Hib.1.92.jpg,Pi,Π,"[700, 841, 22, 21]",462,bt2,2821
test_annotations,1381621,501,TM3415_UPZ.1.24.jpg,dataset/TM3415_UPZ.1.24.jpg,Delta,Δ,"[724, 515, 24, 17]",408,bt2,3415
train_annotations,1406559,526,TM5838_P.Eleph.3.jpg,dataset/TM5838_P.Eleph.3.jpg,Sigma,Σ,"[976, 1786, 45, 60]",2700,bt2,5838
train_annotations,1321821,505,TM3563_P.Tor.Choach.12.01.jpg,dataset/TM3563_P.Tor.Choach.12.01.jpg,Omicron,Ο,"[433, 1852, 59, 75]",4425,bt2,3563
train_annotations,1396794,524,TM5836_P.Eleph.1.jpg,dataset/TM5836_P.Eleph.1.jpg,Nu,Ν,"[2406, 2115, 81, 100]",8100,bt2,5836
train_annotations,1384137,472,TM257_P.Dryton.19_R.jpg,dataset/TM257_P.Dryton.19_R.jpg,Rho,Ρ,"[668, 955, 24, 69]",1656,bt2,257
test_annotations,1278857,448,TM127_BGU.3.999.jpg,dataset/TM127_BGU.3.999.jpg,Iota,Ι,"[4538, 1689, 36, 93]",3348,bt2,127
train_annotations,1307064,554,TM3098_P.Dion.15_R.jpg,dataset/TM3098_P.Dion.15_R.jpg,Mu,Μ,"[2118, 2881, 38, 46]",1748,bt2,3098
train_annotations,1255306,478,TM818_P.Cair.Zen.2.59172.jpg,dataset/TM818_P.Cair.Zen.2.59172.jpg,Tau,Τ,"[134, 1053, 79, 76]",6004,bt2,818
train_annotations,1284723,440,TM242_BGU.3.997.jpg,dataset/TM242_BGU.3.997.jpg,Gamma,Γ,"[3030, 2468, 96, 97]",9312,bt2,242
train_annotations,1307461,468,TM243_BGU.3.998.jpg,dataset/TM243_BGU.3.998.jpg,Alpha,Α,"[1920, 2002, 83, 87]",7221,bt2,243
train_annotations,1324489,427,TM44623_P.Polit.Iud.7_R.jpg,dataset/TM44623_P.Polit.Iud.7_R.jpg,Pi,Π,"[465, 835, 39, 36]",1404,bt2,44623
train_annotations,1301044,434,TM1526_P.Lond.7.1963.jpg,dataset/TM1526_P.Lond.7.1963.jpg,Alpha,Α,"[433, 605, 18, 24]",432,bt2,1526
train_annotations,1290099,470,TM253_P.Dryton.33_frag.Heid.jpg,dataset/TM253_P.Dryton.33_frag.Heid.jpg,Pi,Π,"[544, 578, 35, 36]",1260,bt2,253
train_annotations,1313049,542,TM69805_BGU.18.2731.jpg,dataset/TM69805_BGU.18.2731.jpg,Alpha,Α,"[1392, 3128, 63, 91]",5733,bt2,69805
train_annotations,1343619,492,TM2133_PSI.5.510.jpg,dataset/TM2133_PSI.5.510.jpg,Beta,Β,"[1734, 1388, 53, 57]",3021,bt2,2133
train_annotations,1405028,525,TM5837_P.Eleph.2.jpg,dataset/TM5837_P.Eleph.2.jpg,Omega,Ω,"[1590, 3904, 63, 69]",4347,bt2,5837
train_annotations,1390189,423,TM18499_BGU.4.1055.jpg,dataset/TM18499_BGU.4.1055.jpg,Alpha,Α,"[611, 2318, 34, 42]",1428,bt2,18499
train_annotations,1291530,536,TM18560_BGU.4.1118.jpg,dataset/TM18560_BGU.4.1118.jpg,Pi,Π,"[1518, 2779, 38, 56]",2128,bt2,18560
train_annotations,1358107,439,TM44733_P.Diosk.18.jpg,dataset/TM44733_P.Diosk.18.jpg,Eta,Η,"[1176, 2524, 52, 50]",2600,bt2,44733
train_annotations,1416713,538,TM18592_BGU.4.1146.jpg,dataset/TM18592_BGU.4.1146.jpg,Alpha,Α,"[2461, 1909, 62, 81]",5022,bt2,18592
train_annotations,1374194,728,TM131_P.Batav.6_frag.B.jpg,dataset/TM131_P.Batav.6_frag.B.jpg,Rho,Ρ,"[1248, 2155, 87, 187]",16269,bt2,131
train_annotations,1405369,525,TM5837_P.Eleph.2.jpg,dataset/TM5837_P.Eleph.2.jpg,Pi,Π,"[2138, 4393, 82, 96]",7872,bt2,5837
train_annotations,1279360,441,TM128_BGU.3.1000.jpg,dataset/TM128_BGU.3.1000.jpg,Theta,Θ,"[848, 1621, 73, 110]",8030,bt2,128
train_annotations,1291500,536,TM18560_BGU.4.1118.jpg,dataset/TM18560_BGU.4.1118.jpg,Tau,Τ,"[694, 2856, 33, 47]",1551,bt2,18560
train_annotations,1278202,510,TM3686_P.Tebt.1.50.jpg,dataset/TM3686_P.Tebt.1.50.jpg,Upsilon,Υ,"[861, 767, 40, 39]",1560,bt2,3686
train_annotations,1423369,447,TM5697_SB.5.7532.jpg,dataset/TM5697_SB.5.7532.jpg,Omega,Ω,"[3033, 415, 85, 55]",4675,bt2,5697
train_annotations,1346562,685,TM1803_P.Col.4.90_lower.jpg,dataset/TM1803_P.Col.4.90_lower.jpg,Beta,Β,"[2041, 1870, 58, 69]",4002,bt2,1803
train_annotations,1289173,466,TM144_BGU.3.992.jpg,dataset/TM144_BGU.3.992.jpg,Alpha,Α,"[7133, 730, 87, 90]",7830,bt2,144
train_annotations,1424510,540,TM44603_P.Eleph.27a.jpg,dataset/TM44603_P.Eleph.27a.jpg,Iota,Ι,"[2140, 5677, 57, 97]",5529,bt2,44603
train_annotations,1363542,449,TM5579_PSI.10.1098.jpg,dataset/TM5579_PSI.10.1098.jpg,Iota,Ι,"[2188, 2403, 34, 51]",1734,bt2,5579
train_annotations,1319224,421,TM11315_P.Grenf.1.45.jpg,dataset/TM11315_P.Grenf.1.45.jpg,Alpha,Α,"[370, 1012, 24, 27]",648,bt2,11315
train_annotations,1322510,417,TM4911_BGU.8.1832.jpg,dataset/TM4911_BGU.8.1832.jpg,Alpha,Α,"[1705, 6134, 90, 106]",9540,bt2,4911
train_annotations,1286952,468,TM243_BGU.3.998.jpg,dataset/TM243_BGU.3.998.jpg,Omicron,Ο,"[5422, 1263, 43, 86]",3698,bt2,243
train_annotations,1280096,478,TM818_P.Cair.Zen.2.59172.jpg,dataset/TM818_P.Cair.Zen.2.59172.jpg,Tau,Τ,"[1522, 2254, 99, 62]",6138,bt2,818
train_annotations,1358063,439,TM44733_P.Diosk.18.jpg,dataset/TM44733_P.Diosk.18.jpg,Gamma,Γ,"[1105, 2456, 36, 53]",1908,bt2,44733
train_annotations,1306231,554,TM3098_P.Dion.15_R.jpg,dataset/TM3098_P.Dion.15_R.jpg,Epsilon,Ε,"[1819, 1560, 24, 42]",1008,bt2,3098
train_annotations,1278228,510,TM3686_P.Tebt.1.50.jpg,dataset/TM3686_P.Tebt.1.50.jpg,Kappa,Κ,"[1804, 765, 47, 43]",2021,bt2,3686
train_annotations,1312492,547,TM316244_P.Tarich.4a.jpg,dataset/TM316244_P.Tarich.4a.jpg,Rho,Ρ,"[1114, 2599, 62, 121]",7502,bt2,316244
train_annotations,1261633,416,TM3676_P.Tebt.1.40.jpg,dataset/TM3676_P.Tebt.1.40.jpg,Kappa,Κ,"[1629, 2490, 45, 42]",1890,bt2,3676
train_annotations,1250636,510,TM3686_P.Tebt.1.50.jpg,dataset/TM3686_P.Tebt.1.50.jpg,Upsilon,Υ,"[1273, 903, 47, 40]",1880,bt2,3686
train_annotations,1318952,452,TM9228_BGU.2.543.jpg,dataset/TM9228_BGU.2.543.jpg,Beta,Β,"[1445, 2762, 58, 100]",5800,bt2,9228
train_annotations,1250442,508,TM3681_P.Tebt.1.45.jpg,dataset/TM3681_P.Tebt.1.45.jpg,Chi,Χ,"[1332, 678, 44, 64]",2816,bt2,3681
test_annotations,1301548,486,TM1539_P.Lond.7.1976.jpg,dataset/TM1539_P.Lond.7.1976.jpg,Nu,Ν,"[562, 283, 33, 38]",1254,bt2,1539
train_annotations,1305331,553,TM3097_P.Dion.14_R.jpg,dataset/TM3097_P.Dion.14_R.jpg,Epsilon,Ε,"[1843, 1924, 35, 52]",1820,bt2,3097
train_annotations,1291344,456,TM78025_P.Bingen.45.jpg,dataset/TM78025_P.Bingen.45.jpg,Rho,Ρ,"[3651, 2534, 75, 144]",10800,bt2,78025
train_annotations,1415221,524,TM5836_P.Eleph.1.jpg,dataset/TM5836_P.Eleph.1.jpg,Iota,Ι,"[1850, 4523, 29, 78]",2262,bt2,5836
train_annotations,1360197,491,TM2089_PSI.4.406.jpg,dataset/TM2089_PSI.4.406.jpg,Nu,Ν,"[114, 406, 12, 17]",204,bt2,2089
train_annotations,1278219,510,TM3686_P.Tebt.1.50.jpg,dataset/TM3686_P.Tebt.1.50.jpg,Rho,Ρ,"[1488, 772, 30, 51]",1530,bt2,3686
train_annotations,1158773,472,TM257_P.Dryton.19_R.jpg,dataset/TM257_P.Dryton.19_R.jpg,Pi,Π,"[195, 327, 24, 23]",552,bt2,257
test_annotations,1253544,532,TM8808_SB.24.16285.gif,dataset/TM8808_SB.24.16285.gif,Alpha,Α,"[311, 1173, 41, 34]",1394,bt2,8808
train_annotations,1287742,468,TM243_BGU.3.998.jpg,dataset/TM243_BGU.3.998.jpg,Rho,Ρ,"[1073, 1702, 64, 128]",8192,bt2,243
train_annotations,1379914,525,TM5837_P.Eleph.2.jpg,dataset/TM5837_P.Eleph.2.jpg,Iota,Ι,"[1728, 2746, 32, 59]",1888,bt2,5837
train_annotations,1275964,508,TM3681_P.Tebt.1.45.jpg,dataset/TM3681_P.Tebt.1.45.jpg,Gamma,Γ,"[1667, 2660, 37, 45]",1665,bt2,3681
train_annotations,1362311,449,TM5579_PSI.10.1098.jpg,dataset/TM5579_PSI.10.1098.jpg,Upsilon,Υ,"[2368, 1451, 43, 38]",1634,bt2,5579
train_annotations,1321261,425,TM18552_BGU.4.1111.jpg,dataset/TM18552_BGU.4.1111.jpg,Phi,Φ,"[1907, 3049, 69, 170]",11730,bt2,18552
train_annotations,1323795,537,TM18570_BGU.4.1127.jpg,dataset/TM18570_BGU.4.1127.jpg,Sigma,Σ,"[1360, 2145, 26, 37]",962,bt2,18570
test_annotations,1318845,532,TM8808_SB.24.16285.gif,dataset/TM8808_SB.24.16285.gif,Alpha,Α,"[496, 630, 32, 38]",1216,bt2,8808
train_annotations,1364199,529,TM7883_P.Sijp.45.jpg,dataset/TM7883_P.Sijp.45.jpg,Epsilon,Ε,"[3760, 4606, 111, 153]",16983,bt2,7883
train_annotations,1256178,490,TM1945_P.Mich.1.45.jpg,dataset/TM1945_P.Mich.1.45.jpg,Alpha,Α,"[1730, 3124, 86, 71]",6106,bt2,1945
train_annotations,1342991,644,TM5853_P.Eleph.20_V.jpg,dataset/TM5853_P.Eleph.20_V.jpg,Eta,Η,"[1763, 5071, 171, 171]",29241,bt2,5853
test_annotations,1320226,422,TM18497_BGU.4.1053.jpg,dataset/TM18497_BGU.4.1053.jpg,Rho,Ρ,"[1966, 1147, 47, 62]",2914,bt2,18497
train_annotations,1382907,446,TM3740_P.Tebt.1.104.jpg,dataset/TM3740_P.Tebt.1.104.jpg,Rho,Ρ,"[2520, 2260, 43, 50]",2150,bt2,3740
test_annotations,1154639,469,TM250_P.Dryton.37.jpg,dataset/TM250_P.Dryton.37.jpg,Sigma,Σ,"[429, 560, 19, 22]",418,bt2,250
train_annotations,1415090,524,TM5836_P.Eleph.1.jpg,dataset/TM5836_P.Eleph.1.jpg,Mu,Μ,"[348, 4444, 63, 83]",5229,bt2,5836
train_annotations,1407060,526,TM5838_P.Eleph.3.jpg,dataset/TM5838_P.Eleph.3.jpg,Kappa,Κ,"[1134, 2689, 41, 99]",4059,bt2,5838
train_annotations,1394214,504,TM3444_UPZ.1.53.jpg,dataset/TM3444_UPZ.1.53.jpg,Nu,Ν,"[491, 1221, 17, 23]",391,bt2,3444
train_annotations,1307997,516,TM4907_BGU.8.1828.jpg,dataset/TM4907_BGU.8.1828.jpg,Upsilon,Υ,"[1662, 3368, 119, 117]",13923,bt2,4907
train_annotations,1286858,468,TM243_BGU.3.998.jpg,dataset/TM243_BGU.3.998.jpg,Theta,Θ,"[6997, 1040, 90, 81]",7290,bt2,243
train_annotations,1149865,427,TM44623_P.Polit.Iud.7_R.jpg,dataset/TM44623_P.Polit.Iud.7_R.jpg,Theta,Θ,"[314, 199, 23, 32]",736,bt2,44623
train_annotations,1381063,500,TM3409_UPZ.1.18.jpg,dataset/TM3409_UPZ.1.18.jpg,Pi,Π,"[562, 598, 27, 20]",540,bt2,3409
train_annotations,1365301,541,TM44722_P.Diosk.6.jpg,dataset/TM44722_P.Diosk.6.jpg,Gamma,Γ,"[2708, 943, 35, 38]",1330,bt2,44722
train_annotations,1313273,511,TM3689_P.Tebt.1.53.jpg,dataset/TM3689_P.Tebt.1.53.jpg,Tau,Τ,"[1748, 1944, 53, 57]",3021,bt2,3689
train_annotations,1406653,526,TM5838_P.Eleph.3.jpg,dataset/TM5838_P.Eleph.3.jpg,Kappa,Κ,"[2448, 1937, 63, 131]",8253,bt2,5838
train_annotations,1316153,530,TM8337_P.Mich.3.173.jpg,dataset/TM8337_P.Mich.3.173.jpg,Delta,Δ,"[2885, 2839, 84, 87]",7308,bt2,8337
test_annotations,1391370,489,TM1579_P.Lond.7.2017.jpg,dataset/TM1579_P.Lond.7.2017.jpg,Chi,Χ,"[590, 324, 14, 17]",238,bt2,1579
train_annotations,1321570,496,TM2818_P.Hib.1.85.jpg,dataset/TM2818_P.Hib.1.85.jpg,Tau,Τ,"[622, 1414, 22, 27]",594,bt2,2818
test_annotations,1323427,453,TM13542_P.Tebt.2.386_GreekOnly.jpg,dataset/TM13542_P.Tebt.2.386_GreekOnly.jpg,Chi,Χ,"[1951, 35, 51, 98]",4998,bt2,13542
train_annotations,1365276,541,TM44722_P.Diosk.6.jpg,dataset/TM44722_P.Diosk.6.jpg,Nu,Ν,"[2922, 861, 44, 37]",1628,bt2,44722
train_annotations,1410686,505,TM3563_P.Tor.Choach.12.01.jpg,dataset/TM3563_P.Tor.Choach.12.01.jpg,Rho,Ρ,"[1600, 3168, 50, 91]",4550,bt2,3563
train_annotations,1416110,534,TM17894_P.Wash.Univ.2.77_frag.Wash.jpg,dataset/TM17894_P.Wash.Univ.2.77_frag.Wash.jpg,Rho,Ρ,"[282, 561, 14, 35]",490,bt2,17894
train_annotations,1277716,510,TM3686_P.Tebt.1.50.jpg,dataset/TM3686_P.Tebt.1.50.jpg,Alpha,Α,"[1099, 2433, 39, 49]",1911,bt2,3686
train_annotations,1275813,508,TM3681_P.Tebt.1.45.jpg,dataset/TM3681_P.Tebt.1.45.jpg,Epsilon,Ε,"[1348, 2121, 29, 45]",1305,bt2,3681
train_annotations,1347550,666,TM3987_BGU.14.2380_frag.B.jpg,dataset/TM3987_BGU.14.2380_frag.B.jpg,Gamma,Γ,"[317, 1508, 110, 76]",8360,bt2,3987
train_annotations,1362583,447,TM5697_SB.5.7532.jpg,dataset/TM5697_SB.5.7532.jpg,Chi,Χ,"[2492, 4186, 84, 89]",7476,bt2,5697
train_annotations,1281557,545,TM121853_P.Sorb.3.71.jpg,dataset/TM121853_P.Sorb.3.71.jpg,Tau,Τ,"[1173, 202, 44, 54]",2376,bt2,121853
train_annotations,1261992,550,TM977098_P.Koeln.Sarapion.1.jpg,dataset/TM977098_P.Koeln.Sarapion.1.jpg,Omicron,Ο,"[1857, 5480, 98, 97]",9506,bt2,977098
train_annotations,1355834,423,TM18499_BGU.4.1055.jpg,dataset/TM18499_BGU.4.1055.jpg,Zeta,Ζ,"[894, 3328, 36, 50]",1800,bt2,18499
train_annotations,1302917,488,TM1575_P.Lond.7.2013_R.jpg,dataset/TM1575_P.Lond.7.2013_R.jpg,Alpha,Α,"[459, 489, 27, 29]",783,bt2,1575
train_annotations,1405462,525,TM5837_P.Eleph.2.jpg,dataset/TM5837_P.Eleph.2.jpg,Sigma,Σ,"[4071, 4589, 45, 74]",3330,bt2,5837
train_annotations,1308423,522,TM5553_BGU.3.1012.jpg,dataset/TM5553_BGU.3.1012.jpg,Alpha,Α,"[2175, 3891, 93, 97]",9021,bt2,5553
train_annotations,1356715,428,TM44624_P.Polit.Iud.8.jpg,dataset/TM44624_P.Polit.Iud.8.jpg,Tau,Τ,"[760, 1608, 27, 26]",702,bt2,44624
train_annotations,1276690,419,TM5132_SB.28.16855.jpg,dataset/TM5132_SB.28.16855.jpg,Tau,Τ,"[1673, 2275, 85, 94]",7990,bt2,5132
test_annotations,1391842,489,TM1579_P.Lond.7.2017.jpg,dataset/TM1579_P.Lond.7.2017.jpg,Theta,Θ,"[168, 558, 10, 14]",140,bt2,1579
train_annotations,1362827,449,TM5579_PSI.10.1098.jpg,dataset/TM5579_PSI.10.1098.jpg,Epsilon,Ε,"[839, 1629, 44, 49]",2156,bt2,5579
train_annotations,1346430,685,TM1803_P.Col.4.90_lower.jpg,dataset/TM1803_P.Col.4.90_lower.jpg,Omega,Ω,"[1724, 1272, 35, 38]",1330,bt2,1803
train_annotations,1255587,480,TM905_P.Cair.Zen.2.59261.jpg,dataset/TM905_P.Cair.Zen.2.59261.jpg,Pi,Π,"[535, 2429, 49, 47]",2303,bt2,905
train_annotations,1352750,694,TM4820_BGU.8.1738.P.Bingen.53_frag.A.jpg,dataset/TM4820_BGU.8.1738.P.Bingen.53_frag.A.jpg,Gamma,Γ,"[2476, 1784, 79, 88]",6952,bt2,4820
train_annotations,1330121,437,TM663_P.Cair.Zen.1.59001_frag.Cairo.jpg,dataset/TM663_P.Cair.Zen.1.59001_frag.Cairo.jpg,Sigma,Σ,"[1831, 2106, 27, 33]",891,bt2,663
train_annotations,1394685,424,TM18503_BGU.4.1058.jpg,dataset/TM18503_BGU.4.1058.jpg,Tau,Τ,"[2668, 2892, 89, 82]",7298,bt2,18503
train_annotations,1312021,517,TM4927_BGU.8.1848.jpg,dataset/TM4927_BGU.8.1848.jpg,Alpha,Α,"[1139, 5827, 66, 115]",7590,bt2,4927
train_annotations,1284359,440,TM242_BGU.3.997.jpg,dataset/TM242_BGU.3.997.jpg,Psi,Ψ,"[5030, 1586, 111, 172]",19092,bt2,242
train_annotations,1405379,525,TM5837_P.Eleph.2.jpg,dataset/TM5837_P.Eleph.2.jpg,Epsilon,Ε,"[2704, 4390, 51, 89]",4539,bt2,5837
train_annotations,1342826,644,TM5853_P.Eleph.20_V.jpg,dataset/TM5853_P.Eleph.20_V.jpg,Lambda,Λ,"[926, 1816, 119, 115]",13685,bt2,5853
train_annotations,1386419,548,TM316254_P.Tarich.11.jpg,dataset/TM316254_P.Tarich.11.jpg,Lambda,Λ,"[154, 939, 22, 16]",352,bt2,316254
train_annotations,1364582,452,TM9228_BGU.2.543.jpg,dataset/TM9228_BGU.2.543.jpg,Mu,Μ,"[1562, 3617, 120, 99]",11880,bt2,9228
train_annotations,1378221,503,TM3433_UPZ.1.42.jpg,dataset/TM3433_UPZ.1.42.jpg,Alpha,Α,"[623, 676, 18, 21]",378,bt2,3433
train_annotations,1279424,441,TM128_BGU.3.1000.jpg,dataset/TM128_BGU.3.1000.jpg,Omega,Ω,"[6187, 1663, 84, 87]",7308,bt2,128
train_annotations,1294699,441,TM128_BGU.3.1000.jpg,dataset/TM128_BGU.3.1000.jpg,Sigma,Σ,"[8026, 1414, 70, 81]",5670,bt2,128
test_annotations,1235295,501,TM3415_UPZ.1.24.jpg,dataset/TM3415_UPZ.1.24.jpg,Gamma,Γ,"[362, 332, 14, 19]",266,bt2,3415
train_annotations,1396588,524,TM5836_P.Eleph.1.jpg,dataset/TM5836_P.Eleph.1.jpg,Omicron,Ο,"[450, 1800, 51, 71]",3621,bt2,5836
train_annotations,1291706,536,TM18560_BGU.4.1118.jpg,dataset/TM18560_BGU.4.1118.jpg,Tau,Τ,"[1167, 3110, 36, 48]",1728,bt2,18560
train_annotations,1304982,553,TM3097_P.Dion.14_R.jpg,dataset/TM3097_P.Dion.14_R.jpg,Lambda,Λ,"[783, 1236, 44, 47]",2068,bt2,3097
train_annotations,1321797,505,TM3563_P.Tor.Choach.12.01.jpg,dataset/TM3563_P.Tor.Choach.12.01.jpg,Omega,Ω,"[1815, 1711, 84, 75]",6300,bt2,3563
test_annotations,1144341,448,TM127_BGU.3.999.jpg,dataset/TM127_BGU.3.999.jpg,Gamma,Γ,"[4793, 941, 108, 56]",6048,bt2,127
train_annotations,1313335,511,TM3689_P.Tebt.1.53.jpg,dataset/TM3689_P.Tebt.1.53.jpg,Psi,Ψ,"[1996, 2121, 75, 158]",11850,bt2,3689
train_annotations,1342866,644,TM5853_P.Eleph.20_V.jpg,dataset/TM5853_P.Eleph.20_V.jpg,Omicron,Ο,"[1728, 2399, 75, 96]",7200,bt2,5853
train_annotations,1393370,504,TM3444_UPZ.1.53.jpg,dataset/TM3444_UPZ.1.53.jpg,Pi,Π,"[323, 199, 16, 16]",256,bt2,3444
train_annotations,1404628,525,TM5837_P.Eleph.2.jpg,dataset/TM5837_P.Eleph.2.jpg,Rho,Ρ,"[3957, 3394, 50, 92]",4600,bt2,5837
train_annotations,1423355,447,TM5697_SB.5.7532.jpg,dataset/TM5697_SB.5.7532.jpg,Epsilon,Ε,"[2542, 410, 51, 89]",4539,bt2,5697
train_annotations,1410927,505,TM3563_P.Tor.Choach.12.01.jpg,dataset/TM3563_P.Tor.Choach.12.01.jpg,Epsilon,Ε,"[1286, 3781, 67, 70]",4690,bt2,3563
train_annotations,1300806,483,TM1011_P.Cair.Zen.3.59368.jpg,dataset/TM1011_P.Cair.Zen.3.59368.jpg,Iota,Ι,"[1966, 1137, 44, 93]",4092,bt2,1011
train_annotations,1314503,541,TM44722_P.Diosk.6.jpg,dataset/TM44722_P.Diosk.6.jpg,Epsilon,Ε,"[2171, 1078, 29, 52]",1508,bt2,44722
train_annotations,1394932,424,TM18503_BGU.4.1058.jpg,dataset/TM18503_BGU.4.1058.jpg,Delta,Δ,"[1860, 4127, 92, 107]",9844,bt2,18503
train_annotations,1281024,551,TM3093_P.Dion.10.jpg,dataset/TM3093_P.Dion.10.jpg,Sigma,Σ,"[1212, 840, 29, 39]",1131,bt2,3093
train_annotations,1379574,525,TM5837_P.Eleph.2.jpg,dataset/TM5837_P.Eleph.2.jpg,Sigma,Σ,"[791, 2121, 45, 77]",3465,bt2,5837
test_annotations,1371042,557,TM3286_P.Enteux.9.jpg,dataset/TM3286_P.Enteux.9.jpg,Alpha,Α,"[2466, 1182, 62, 63]",3906,bt2,3286
train_annotations,1280647,544,TM121852_P.Sorb.3.70.jpg,dataset/TM121852_P.Sorb.3.70.jpg,Omicron,Ο,"[912, 147, 22, 16]",352,bt2,121852
test_annotations,1144348,448,TM127_BGU.3.999.jpg,dataset/TM127_BGU.3.999.jpg,Rho,Ρ,"[5376, 947, 64, 106]",6784,bt2,127
train_annotations,1342897,644,TM5853_P.Eleph.20_V.jpg,dataset/TM5853_P.Eleph.20_V.jpg,Upsilon,Υ,"[1155, 3082, 153, 107]",16371,bt2,5853
train_annotations,1394624,424,TM18503_BGU.4.1058.jpg,dataset/TM18503_BGU.4.1058.jpg,Gamma,Γ,"[1063, 2390, 96, 90]",8640,bt2,18503
train_annotations,1354539,431,TM1509_P.Lond.7.1944_R.jpg,dataset/TM1509_P.Lond.7.1944_R.jpg,Iota,Ι,"[339, 227, 7, 18]",126,bt2,1509
train_annotations,1320718,423,TM18499_BGU.4.1055.jpg,dataset/TM18499_BGU.4.1055.jpg,Iota,Ι,"[1037, 1474, 31, 56]",1736,bt2,18499
train_annotations,1363496,449,TM5579_PSI.10.1098.jpg,dataset/TM5579_PSI.10.1098.jpg,Pi,Π,"[1827, 2361, 54, 46]",2484,bt2,5579
train_annotations,1304166,552,TM3094_P.Dion.11.jpg,dataset/TM3094_P.Dion.11.jpg,Mu,Μ,"[1785, 1284, 47, 45]",2115,bt2,3094
train_annotations,1324519,427,TM44623_P.Polit.Iud.7_R.jpg,dataset/TM44623_P.Polit.Iud.7_R.jpg,Alpha,Α,"[405, 1058, 20, 35]",700,bt2,44623
train_annotations,1252404,522,TM5553_BGU.3.1012.jpg,dataset/TM5553_BGU.3.1012.jpg,Nu,Ν,"[1944, 2265, 94, 96]",9024,bt2,5553
test_annotations,1382056,501,TM3415_UPZ.1.24.jpg,dataset/TM3415_UPZ.1.24.jpg,Iota,Ι,"[650, 946, 4, 17]",68,bt2,3415
train_annotations,1290362,470,TM253_P.Dryton.33_frag.Heid.jpg,dataset/TM253_P.Dryton.33_frag.Heid.jpg,Theta,Θ,"[1152, 839, 26, 41]",1066,bt2,253
train_annotations,1387463,454,TM58204_P.Dime.3.2_GreekOnly.jpg,dataset/TM58204_P.Dime.3.2_GreekOnly.jpg,Beta,Β,"[2968, 542, 73, 97]",7081,bt2,58204
train_annotations,1281108,551,TM3093_P.Dion.10.jpg,dataset/TM3093_P.Dion.10.jpg,Mu,Μ,"[2016, 1069, 58, 47]",2726,bt2,3093
test_annotations,1281236,556,TM3283_P.Enteux.6.jpg,dataset/TM3283_P.Enteux.6.jpg,Chi,Χ,"[1277, 675, 57, 74]",4218,bt2,3283
train_annotations,1363051,449,TM5579_PSI.10.1098.jpg,dataset/TM5579_PSI.10.1098.jpg,Beta,Β,"[1830, 1844, 36, 56]",2016,bt2,5579
train_annotations,1275453,507,TM3680_P.Tebt.1.44.jpg,dataset/TM3680_P.Tebt.1.44.jpg,Lambda,Λ,"[1786, 2015, 48, 49]",2352,bt2,3680
train_annotations,1294866,466,TM144_BGU.3.992.jpg,dataset/TM144_BGU.3.992.jpg,Delta,Δ,"[9104, 284, 83, 78]",6474,bt2,144
train_annotations,1253990,538,TM18592_BGU.4.1146.jpg,dataset/TM18592_BGU.4.1146.jpg,Pi,Π,"[3108, 596, 75, 66]",4950,bt2,18592
train_annotations,1374580,440,TM242_BGU.3.997.jpg,dataset/TM242_BGU.3.997.jpg,Tau,Τ,"[910, 1727, 73, 99]",7227,bt2,242
test_annotations,1377395,485,TM1137_P.Cair.Zen.3.59499_V.jpg,dataset/TM1137_P.Cair.Zen.3.59499_V.jpg,Lambda,Λ,"[1196, 708, 66, 61]",4026,bt2,1137
test_annotations,1376990,484,TM1137_P.Cair.Zen.3.59499_R.jpg,dataset/TM1137_P.Cair.Zen.3.59499_R.jpg,Upsilon,Υ,"[1108, 2478, 70, 97]",6790,bt2,1137
train_annotations,1291885,536,TM18560_BGU.4.1118.jpg,dataset/TM18560_BGU.4.1118.jpg,Tau,Τ,"[882, 1743, 35, 37]",1295,bt2,18560
train_annotations,1306823,554,TM3098_P.Dion.15_R.jpg,dataset/TM3098_P.Dion.15_R.jpg,Mu,Μ,"[779, 2585, 47, 49]",2303,bt2,3098
train_annotations,1364691,452,TM9228_BGU.2.543.jpg,dataset/TM9228_BGU.2.543.jpg,Mu,Μ,"[2449, 4049, 95, 83]",7885,bt2,9228
train_annotations,1393632,504,TM3444_UPZ.1.53.jpg,dataset/TM3444_UPZ.1.53.jpg,Theta,Θ,"[273, 538, 20, 22]",440,bt2,3444
train_annotations,1365280,541,TM44722_P.Diosk.6.jpg,dataset/TM44722_P.Diosk.6.jpg,Sigma,Σ,"[3087, 850, 40, 34]",1360,bt2,44722
train_annotations,1255324,478,TM818_P.Cair.Zen.2.59172.jpg,dataset/TM818_P.Cair.Zen.2.59172.jpg,Alpha,Α,"[1040, 1097, 63, 57]",3591,bt2,818
train_annotations,1315968,506,TM3593_P.Tor.Choach.4.jpg,dataset/TM3593_P.Tor.Choach.4.jpg,Epsilon,Ε,"[2678, 3210, 63, 77]",4851,bt2,3593
train_annotations,1290333,470,TM253_P.Dryton.33_frag.Heid.jpg,dataset/TM253_P.Dryton.33_frag.Heid.jpg,Rho,Ρ,"[289, 881, 30, 57]",1710,bt2,253
train_annotations,1381398,500,TM3409_UPZ.1.18.jpg,dataset/TM3409_UPZ.1.18.jpg,Pi,Π,"[254, 1012, 18, 21]",378,bt2,3409
train_annotations,1291148,449,TM5579_PSI.10.1098.jpg,dataset/TM5579_PSI.10.1098.jpg,Gamma,Γ,"[468, 982, 28, 35]",980,bt2,5579
train_annotations,1416098,534,TM17894_P.Wash.Univ.2.77_frag.Wash.jpg,dataset/TM17894_P.Wash.Univ.2.77_frag.Wash.jpg,Chi,Χ,"[465, 515, 36, 30]",1080,bt2,17894
test_annotations,1355549,453,TM13542_P.Tebt.2.386_GreekOnly.jpg,dataset/TM13542_P.Tebt.2.386_GreekOnly.jpg,Iota,Ι,"[1698, 627, 27, 59]",1593,bt2,13542
train_annotations,1279086,441,TM128_BGU.3.1000.jpg,dataset/TM128_BGU.3.1000.jpg,Omicron,Ο,"[5633, 930, 63, 79]",4977,bt2,128
train_annotations,1410271,555,TM3099_P.Dion.16_R.jpg,dataset/TM3099_P.Dion.16_R.jpg,Delta,Δ,"[1364, 3386, 35, 39]",1365,bt2,3099
train_annotations,1410722,505,TM3563_P.Tor.Choach.12.01.jpg,dataset/TM3563_P.Tor.Choach.12.01.jpg,Mu,Μ,"[887, 3309, 90, 74]",6660,bt2,3563
train_annotations,1329628,472,TM257_P.Dryton.19_R.jpg,dataset/TM257_P.Dryton.19_R.jpg,Upsilon,Υ,"[724, 693, 26, 26]",676,bt2,257
train_annotations,1255903,490,TM1945_P.Mich.1.45.jpg,dataset/TM1945_P.Mich.1.45.jpg,Omicron,Ο,"[658, 1229, 53, 49]",2597,bt2,1945
train_annotations,1286804,468,TM243_BGU.3.998.jpg,dataset/TM243_BGU.3.998.jpg,Iota,Ι,"[7146, 872, 44, 103]",4532,bt2,243
train_annotations,1315998,506,TM3593_P.Tor.Choach.4.jpg,dataset/TM3593_P.Tor.Choach.4.jpg,Kappa,Κ,"[1606, 3347, 73, 97]",7081,bt2,3593
train_annotations,1287347,468,TM243_BGU.3.998.jpg,dataset/TM243_BGU.3.998.jpg,Gamma,Γ,"[5337, 2321, 84, 84]",7056,bt2,243
train_annotations,1396816,524,TM5836_P.Eleph.1.jpg,dataset/TM5836_P.Eleph.1.jpg,Gamma,Γ,"[3564, 2152, 49, 86]",4214,bt2,5836
train_annotations,1320654,423,TM18499_BGU.4.1055.jpg,dataset/TM18499_BGU.4.1055.jpg,Epsilon,Ε,"[935, 1280, 51, 54]",2754,bt2,18499
train_annotations,1147368,447,TM5697_SB.5.7532.jpg,dataset/TM5697_SB.5.7532.jpg,Phi,Φ,"[1599, 1308, 93, 141]",13113,bt2,5697
train_annotations,1311833,517,TM4927_BGU.8.1848.jpg,dataset/TM4927_BGU.8.1848.jpg,Rho,Ρ,"[2379, 4017, 63, 206]",12978,bt2,4927
train_annotations,1304095,552,TM3094_P.Dion.11.jpg,dataset/TM3094_P.Dion.11.jpg,Sigma,Σ,"[1101, 1143, 42, 50]",2100,bt2,3094
train_annotations,1329238,579,TM316241_P.Tarich.1.jpg,dataset/TM316241_P.Tarich.1.jpg,Mu,Μ,"[1730.3014987800627, 3536.407467158331, 104.01812478215406, 84.00967964968886]",2184,bt2,316241
train_annotations,1306448,554,TM3098_P.Dion.15_R.jpg,dataset/TM3098_P.Dion.15_R.jpg,Rho,Ρ,"[1080, 2069, 29, 55]",1595,bt2,3098
train_annotations,1302937,488,TM1575_P.Lond.7.2013_R.jpg,dataset/TM1575_P.Lond.7.2013_R.jpg,Gamma,Γ,"[283, 533, 20, 24]",480,bt2,1575
train_annotations,1322842,525,TM5837_P.Eleph.2.jpg,dataset/TM5837_P.Eleph.2.jpg,Alpha,Α,"[2479, 1137, 69, 79]",5451,bt2,5837
train_annotations,1260873,503,TM3433_UPZ.1.42.jpg,dataset/TM3433_UPZ.1.42.jpg,Iota,Ι,"[831, 308, 9, 25]",225,bt2,3433
train_annotations,1311538,417,TM4911_BGU.8.1832.jpg,dataset/TM4911_BGU.8.1832.jpg,Epsilon,Ε,"[2472, 4825, 80, 117]",9360,bt2,4911
train_annotations,1312555,547,TM316244_P.Tarich.4a.jpg,dataset/TM316244_P.Tarich.4a.jpg,Tau,Τ,"[1559, 3286, 135, 116]",15660,bt2,316244
train_annotations,1255908,490,TM1945_P.Mich.1.45.jpg,dataset/TM1945_P.Mich.1.45.jpg,Nu,Ν,"[981, 1219, 88, 81]",7128,bt2,1945
train_annotations,1406949,526,TM5838_P.Eleph.3.jpg,dataset/TM5838_P.Eleph.3.jpg,Lambda,Λ,"[3011, 2475, 65, 76]",4940,bt2,5838
train_annotations,1287703,468,TM243_BGU.3.998.jpg,dataset/TM243_BGU.3.998.jpg,Kappa,Κ,"[2546, 1550, 80, 108]",8640,bt2,243
test_annotations,1391559,489,TM1579_P.Lond.7.2017.jpg,dataset/TM1579_P.Lond.7.2017.jpg,Delta,Δ,"[310, 428, 11, 12]",132,bt2,1579
train_annotations,1410188,555,TM3099_P.Dion.16_R.jpg,dataset/TM3099_P.Dion.16_R.jpg,Gamma,Γ,"[2155, 3182, 33, 45]",1485,bt2,3099
train_annotations,1342999,644,TM5853_P.Eleph.20_V.jpg,dataset/TM5853_P.Eleph.20_V.jpg,Delta,Δ,"[1656, 5309, 183, 119]",21777,bt2,5853
train_annotations,1384131,472,TM257_P.Dryton.19_R.jpg,dataset/TM257_P.Dryton.19_R.jpg,Kappa,Κ,"[545, 964, 27, 26]",702,bt2,257
train_annotations,1324410,427,TM44623_P.Polit.Iud.7_R.jpg,dataset/TM44623_P.Polit.Iud.7_R.jpg,Nu,Ν,"[474, 407, 29, 32]",928,bt2,44623
train_annotations,1338057,555,TM3099_P.Dion.16_R.jpg,dataset/TM3099_P.Dion.16_R.jpg,Kappa,Κ,"[890, 3904, 44, 40]",1760,bt2,3099
train_annotations,1364359,529,TM7883_P.Sijp.45.jpg,dataset/TM7883_P.Sijp.45.jpg,Epsilon,Ε,"[5702, 639, 57, 96]",5472,bt2,7883
train_annotations,1388626,541,TM44722_P.Diosk.6.jpg,dataset/TM44722_P.Diosk.6.jpg,Nu,Ν,"[1785, 2262, 32, 46]",1472,bt2,44722
train_annotations,1373831,728,TM131_P.Batav.6_frag.B.jpg,dataset/TM131_P.Batav.6_frag.B.jpg,Tau,Τ,"[2814, 695, 83, 141]",11703,bt2,131
train_annotations,1302178,487,TM1568_P.Lond.7.2006_R.jpg,dataset/TM1568_P.Lond.7.2006_R.jpg,Omicron,Ο,"[802, 473, 10, 15]",150,bt2,1568
train_annotations,1308785,515,TM4900_BGU.8.1821.jpg,dataset/TM4900_BGU.8.1821.jpg,Mu,Μ,"[2255, 2548, 143, 102]",14586,bt2,4900
train_annotations,1287425,468,TM243_BGU.3.998.jpg,dataset/TM243_BGU.3.998.jpg,Omicron,Ο,"[1172, 952, 48, 52]",2496,bt2,243
train_annotations,1256196,490,TM1945_P.Mich.1.45.jpg,dataset/TM1945_P.Mich.1.45.jpg,Tau,Τ,"[1671, 3241, 125, 76]",9500,bt2,1945
train_annotations,1362996,449,TM5579_PSI.10.1098.jpg,dataset/TM5579_PSI.10.1098.jpg,Mu,Μ,"[1682, 1793, 67, 48]",3216,bt2,5579
train_annotations,1379179,503,TM3433_UPZ.1.42.jpg,dataset/TM3433_UPZ.1.42.jpg,Phi,Φ,"[1207, 534, 17, 48]",816,bt2,3433
train_annotations,1279433,441,TM128_BGU.3.1000.jpg,dataset/TM128_BGU.3.1000.jpg,Mu,Μ,"[7082, 1626, 169, 142]",23998,bt2,128
train_annotations,1423801,447,TM5697_SB.5.7532.jpg,dataset/TM5697_SB.5.7532.jpg,Upsilon,Υ,"[3029, 5764, 91, 107]",9737,bt2,5697
train_annotations,1382828,446,TM3740_P.Tebt.1.104.jpg,dataset/TM3740_P.Tebt.1.104.jpg,Alpha,Α,"[1821, 2021, 37, 54]",1998,bt2,3740
train_annotations,1379902,525,TM5837_P.Eleph.2.jpg,dataset/TM5837_P.Eleph.2.jpg,Mu,Μ,"[1074, 2767, 76, 65]",4940,bt2,5837
train_annotations,1308063,516,TM4907_BGU.8.1828.jpg,dataset/TM4907_BGU.8.1828.jpg,Iota,Ι,"[1678, 4073, 61, 158]",9638,bt2,4907
train_annotations,1382520,446,TM3740_P.Tebt.1.104.jpg,dataset/TM3740_P.Tebt.1.104.jpg,Pi,Π,"[1160, 1078, 49, 39]",1911,bt2,3740
train_annotations,1380394,491,TM2089_PSI.4.406.jpg,dataset/TM2089_PSI.4.406.jpg,Tau,Τ,"[424, 613, 18, 19]",342,bt2,2089
train_annotations,1364010,529,TM7883_P.Sijp.45.jpg,dataset/TM7883_P.Sijp.45.jpg,Alpha,Α,"[2525, 2952, 100, 107]",10700,bt2,7883
train_annotations,1370564,709,TM253_P.Dryton.33_frag.London.jpg,dataset/TM253_P.Dryton.33_frag.London.jpg,Lambda,Λ,"[758, 545, 16, 18]",288,bt2,253
train_annotations,1318437,526,TM5838_P.Eleph.3.jpg,dataset/TM5838_P.Eleph.3.jpg,Kappa,Κ,"[3992, 1053, 66, 119]",7854,bt2,5838
train_annotations,1280227,478,TM818_P.Cair.Zen.2.59172.jpg,dataset/TM818_P.Cair.Zen.2.59172.jpg,Kappa,Κ,"[663, 2764, 74, 67]",4958,bt2,818
train_annotations,1347006,558,TM3289_P.Enteux.12.jpg,dataset/TM3289_P.Enteux.12.jpg,Iota,Ι,"[1342, 1327, 24, 63]",1512,bt2,3289
train_annotations,1360188,491,TM2089_PSI.4.406.jpg,dataset/TM2089_PSI.4.406.jpg,Omega,Ω,"[250, 383, 11, 9]",99,bt2,2089
train_annotations,1300621,483,TM1011_P.Cair.Zen.3.59368.jpg,dataset/TM1011_P.Cair.Zen.3.59368.jpg,Mu,Μ,"[1369, 989, 60, 62]",3720,bt2,1011
train_annotations,1352657,694,TM4820_BGU.8.1738.P.Bingen.53_frag.A.jpg,dataset/TM4820_BGU.8.1738.P.Bingen.53_frag.A.jpg,Epsilon,Ε,"[2652, 1493, 50, 88]",4400,bt2,4820
train_annotations,1308038,516,TM4907_BGU.8.1828.jpg,dataset/TM4907_BGU.8.1828.jpg,Xi,Ξ,"[1741, 3776, 109, 209]",22781,bt2,4907
train_annotations,1255201,478,TM818_P.Cair.Zen.2.59172.jpg,dataset/TM818_P.Cair.Zen.2.59172.jpg,Rho,Ρ,"[1893, 686, 39, 77]",3003,bt2,818
train_annotations,1396780,524,TM5836_P.Eleph.1.jpg,dataset/TM5836_P.Eleph.1.jpg,Rho,Ρ,"[1740, 2115, 49, 89]",4361,bt2,5836
train_annotations,1280682,544,TM121852_P.Sorb.3.70.jpg,dataset/TM121852_P.Sorb.3.70.jpg,Nu,Ν,"[373, 399, 41, 45]",1845,bt2,121852
train_annotations,1297970,513,TM3987_BGU.14.2380_frag.A.jpg,dataset/TM3987_BGU.14.2380_frag.A.jpg,Iota,Ι,"[1605, 591, 68, 103]",7004,bt2,3987
train_annotations,1322009,505,TM3563_P.Tor.Choach.12.01.jpg,dataset/TM3563_P.Tor.Choach.12.01.jpg,Iota,Ι,"[397, 2556, 38, 79]",3002,bt2,3563
train_annotations,1281586,545,TM121853_P.Sorb.3.71.jpg,dataset/TM121853_P.Sorb.3.71.jpg,Xi,Ξ,"[1144, 271, 56, 48]",2688,bt2,121853
train_annotations,1394819,424,TM18503_BGU.4.1058.jpg,dataset/TM18503_BGU.4.1058.jpg,Phi,Φ,"[2924, 3496, 102, 146]",14892,bt2,18503
test_annotations,1309968,557,TM3286_P.Enteux.9.jpg,dataset/TM3286_P.Enteux.9.jpg,Tau,Τ,"[263, 693, 86, 67]",5762,bt2,3286
train_annotations,1362116,449,TM5579_PSI.10.1098.jpg,dataset/TM5579_PSI.10.1098.jpg,Tau,Τ,"[1186, 1302, 35, 45]",1575,bt2,5579
train_annotations,1154059,468,TM243_BGU.3.998.jpg,dataset/TM243_BGU.3.998.jpg,Upsilon,Υ,"[6890, 564, 72, 71]",5112,bt2,243
train_annotations,1284667,440,TM242_BGU.3.997.jpg,dataset/TM242_BGU.3.997.jpg,Eta,Η,"[4538, 2287, 117, 124]",14508,bt2,242
train_annotations,1310326,558,TM3289_P.Enteux.12.jpg,dataset/TM3289_P.Enteux.12.jpg,Beta,Β,"[2234, 985, 45, 73]",3285,bt2,3289
train_annotations,1329899,437,TM663_P.Cair.Zen.1.59001_frag.Cairo.jpg,dataset/TM663_P.Cair.Zen.1.59001_frag.Cairo.jpg,Alpha,Α,"[1914, 1147, 37, 39]",1443,bt2,663
train_annotations,1313818,446,TM3740_P.Tebt.1.104.jpg,dataset/TM3740_P.Tebt.1.104.jpg,Upsilon,Υ,"[1072, 1561, 38, 48]",1824,bt2,3740
train_annotations,1280984,433,TM1516_P.Lond.7.1953_R.jpg,dataset/TM1516_P.Lond.7.1953_R.jpg,Gamma,Γ,"[531, 573, 29, 18]",522,bt2,1516
train_annotations,1298859,483,TM1011_P.Cair.Zen.3.59368.jpg,dataset/TM1011_P.Cair.Zen.3.59368.jpg,Alpha,Α,"[1861, 2836, 66, 74]",4884,bt2,1011
train_annotations,1321407,496,TM2818_P.Hib.1.85.jpg,dataset/TM2818_P.Hib.1.85.jpg,Mu,Μ,"[617, 1060, 27, 21]",567,bt2,2818
train_annotations,1364033,529,TM7883_P.Sijp.45.jpg,dataset/TM7883_P.Sijp.45.jpg,Tau,Τ,"[2336, 3220, 103, 106]",10918,bt2,7883
train_annotations,1304820,552,TM3094_P.Dion.11.jpg,dataset/TM3094_P.Dion.11.jpg,Pi,Π,"[1433, 2729, 53, 45]",2385,bt2,3094
train_annotations,1252261,522,TM5553_BGU.3.1012.jpg,dataset/TM5553_BGU.3.1012.jpg,Lambda,Λ,"[2251, 852, 92, 89]",8188,bt2,5553
train_annotations,1302824,488,TM1575_P.Lond.7.2013_R.jpg,dataset/TM1575_P.Lond.7.2013_R.jpg,Nu,Ν,"[681, 344, 25, 27]",675,bt2,1575
train_annotations,1386146,548,TM316254_P.Tarich.11.jpg,dataset/TM316254_P.Tarich.11.jpg,Chi,Χ,"[201, 454, 14, 15]",210,bt2,316254
train_annotations,1302829,488,TM1575_P.Lond.7.2013_R.jpg,dataset/TM1575_P.Lond.7.2013_R.jpg,Epsilon,Ε,"[190, 374, 28, 29]",812,bt2,1575
test_annotations,1355749,453,TM13542_P.Tebt.2.386_GreekOnly.jpg,dataset/TM13542_P.Tebt.2.386_GreekOnly.jpg,Phi,Φ,"[1426, 1220, 41, 87]",3567,bt2,13542
train_annotations,1360600,497,TM2821_P.Hib.1.92.jpg,dataset/TM2821_P.Hib.1.92.jpg,Epsilon,Ε,"[555, 447, 13, 18]",234,bt2,2821
train_annotations,1359798,476,TM290_P.Dryton.36_R.jpg,dataset/TM290_P.Dryton.36_R.jpg,Sigma,Σ,"[470, 679, 9, 15]",135,bt2,290
train_annotations,1396805,524,TM5836_P.Eleph.1.jpg,dataset/TM5836_P.Eleph.1.jpg,Pi,Π,"[2961, 2138, 53, 89]",4717,bt2,5836
train_annotations,1363884,420,TM5853_P.Eleph.20_R.jpg,dataset/TM5853_P.Eleph.20_R.jpg,Nu,Ν,"[992, 7160, 111, 126]",13986,bt2,5853
train_annotations,1282634,545,TM121853_P.Sorb.3.71.jpg,dataset/TM121853_P.Sorb.3.71.jpg,Omega,Ω,"[333, 1147, 47, 29]",1363,bt2,121853
train_annotations,1318103,430,TM1803_P.Col.4.90_upper.jpg,dataset/TM1803_P.Col.4.90_upper.jpg,Theta,Θ,"[2049, 2302, 26, 39]",1014,bt2,1803
train_annotations,1259754,425,TM18552_BGU.4.1111.jpg,dataset/TM18552_BGU.4.1111.jpg,Sigma,Σ,"[1011, 1479, 56, 77]",4312,bt2,18552
train_annotations,1291038,449,TM5579_PSI.10.1098.jpg,dataset/TM5579_PSI.10.1098.jpg,Omega,Ω,"[2512, 789, 50, 27]",1350,bt2,5579
train_annotations,1251513,518,TM4932_BGU.8.1853.jpg,dataset/TM4932_BGU.8.1853.jpg,Mu,Μ,"[1655, 849, 110, 94]",10340,bt2,4932
train_annotations,1298178,513,TM3987_BGU.14.2380_frag.A.jpg,dataset/TM3987_BGU.14.2380_frag.A.jpg,Omega,Ω,"[2907, 767, 129, 82]",10578,bt2,3987
train_annotations,1261717,550,TM977098_P.Koeln.Sarapion.1.jpg,dataset/TM977098_P.Koeln.Sarapion.1.jpg,Tau,Τ,"[2226, 2004, 118, 136]",16048,bt2,977098
train_annotations,1290298,470,TM253_P.Dryton.33_frag.Heid.jpg,dataset/TM253_P.Dryton.33_frag.Heid.jpg,Omicron,Ο,"[321, 826, 29, 30]",870,bt2,253
train_annotations,1291050,449,TM5579_PSI.10.1098.jpg,dataset/TM5579_PSI.10.1098.jpg,Mu,Μ,"[879, 850, 57, 49]",2793,bt2,5579
test_annotations,1391345,489,TM1579_P.Lond.7.2017.jpg,dataset/TM1579_P.Lond.7.2017.jpg,Omicron,Ο,"[302, 327, 9, 13]",117,bt2,1579
train_annotations,1316770,528,TM5850_P.Eleph.17_R.jpg,dataset/TM5850_P.Eleph.17_R.jpg,Kappa,Κ,"[1744, 7114, 137, 182]",24934,bt2,5850
train_annotations,1370396,709,TM253_P.Dryton.33_frag.London.jpg,dataset/TM253_P.Dryton.33_frag.London.jpg,Gamma,Γ,"[230, 476, 16, 17]",272,bt2,253
train_annotations,1378995,503,TM3433_UPZ.1.42.jpg,dataset/TM3433_UPZ.1.42.jpg,Chi,Χ,"[960, 352, 40, 30]",1200,bt2,3433
train_annotations,1386037,548,TM316254_P.Tarich.11.jpg,dataset/TM316254_P.Tarich.11.jpg,Gamma,Γ,"[233, 285, 12, 16]",192,bt2,316254
train_annotations,1384980,492,TM2133_PSI.5.510.jpg,dataset/TM2133_PSI.5.510.jpg,Zeta,Ζ,"[637, 1202, 65, 51]",3315,bt2,2133
train_annotations,1394774,424,TM18503_BGU.4.1058.jpg,dataset/TM18503_BGU.4.1058.jpg,Mu,Μ,"[2761, 3255, 108, 91]",9828,bt2,18503
train_annotations,1283895,439,TM44733_P.Diosk.18.jpg,dataset/TM44733_P.Diosk.18.jpg,Tau,Τ,"[537, 1655, 32, 38]",1216,bt2,44733
train_annotations,1390200,423,TM18499_BGU.4.1055.jpg,dataset/TM18499_BGU.4.1055.jpg,Mu,Μ,"[1066, 2308, 56, 49]",2744,bt2,18499
train_annotations,1393335,499,TM3403_UPZ.1.12.jpg,dataset/TM3403_UPZ.1.12.jpg,Lambda,Λ,"[191, 1254, 11, 17]",187,bt2,3403
train_annotations,1322275,445,TM3745_P.Tebt.1.109.jpg,dataset/TM3745_P.Tebt.1.109.jpg,Lambda,Λ,"[1367, 1327, 44, 51]",2244,bt2,3745
train_annotations,1371141,514,TM4344_SB.12.11061_frag.Hamburg.jpg,dataset/TM4344_SB.12.11061_frag.Hamburg.jpg,Mu,Μ,"[2614, 1892, 87, 65]",5655,bt2,4344
train_annotations,1301500,435,TM1527_P.Lond.7.1964_R.jpg,dataset/TM1527_P.Lond.7.1964_R.jpg,Omega,Ω,"[606, 1248, 42, 36]",1512,bt2,1527
train_annotations,1144005,456,TM78025_P.Bingen.45.jpg,dataset/TM78025_P.Bingen.45.jpg,Sigma,Σ,"[3684, 1820, 62, 90]",5580,bt2,78025
train_annotations,1385364,513,TM3987_BGU.14.2380_frag.A.jpg,dataset/TM3987_BGU.14.2380_frag.A.jpg,Iota,Ι,"[3024, 1511, 43, 96]",4128,bt2,3987
train_annotations,1297823,558,TM3289_P.Enteux.12.jpg,dataset/TM3289_P.Enteux.12.jpg,Beta,Β,"[2297, 650, 38, 57]",2166,bt2,3289
test_annotations,1286432,469,TM250_P.Dryton.37.jpg,dataset/TM250_P.Dryton.37.jpg,Xi,Ξ,"[673, 971, 19, 27]",513,bt2,250
train_annotations,1381167,500,TM3409_UPZ.1.18.jpg,dataset/TM3409_UPZ.1.18.jpg,Iota,Ι,"[401, 742, 13, 22]",286,bt2,3409
train_annotations,1331649,553,TM3097_P.Dion.14_R.jpg,dataset/TM3097_P.Dion.14_R.jpg,Gamma,Γ,"[1364, 3472, 32, 41]",1312,bt2,3097
train_annotations,1262158,549,TM703255_P.Vindob.inv.G.56637.jpg,dataset/TM703255_P.Vindob.inv.G.56637.jpg,Upsilon,Υ,"[2063.5400907715584, 2408.50678282514, 122.54160363086233, 198.18742999377722]",10611,bt2,703255
test_annotations,1288939,442,TM56_BGU.3.994.jpg,dataset/TM56_BGU.3.994.jpg,Chi,Χ,"[8659, 1006, 80, 100]",8000,bt2,56
train_annotations,1306370,554,TM3098_P.Dion.15_R.jpg,dataset/TM3098_P.Dion.15_R.jpg,Alpha,Α,"[707, 1940, 40, 47]",1880,bt2,3098
train_annotations,1276957,419,TM5132_SB.28.16855.jpg,dataset/TM5132_SB.28.16855.jpg,Delta,Δ,"[1896, 4253, 83, 90]",7470,bt2,5132
test_annotations,1377769,485,TM1137_P.Cair.Zen.3.59499_V.jpg,dataset/TM1137_P.Cair.Zen.3.59499_V.jpg,Tau,Τ,"[2708, 1539, 55, 65]",3575,bt2,1137
train_annotations,1393710,504,TM3444_UPZ.1.53.jpg,dataset/TM3444_UPZ.1.53.jpg,Xi,Ξ,"[361, 606, 22, 22]",484,bt2,3444
train_annotations,1347140,558,TM3289_P.Enteux.12.jpg,dataset/TM3289_P.Enteux.12.jpg,Delta,Δ,"[3501, 1430, 57, 37]",2109,bt2,3289
train_annotations,1393377,504,TM3444_UPZ.1.53.jpg,dataset/TM3444_UPZ.1.53.jpg,Nu,Ν,"[429, 199, 19, 17]",323,bt2,3444
train_annotations,1291588,536,TM18560_BGU.4.1118.jpg,dataset/TM18560_BGU.4.1118.jpg,Sigma,Σ,"[1075, 2949, 37, 33]",1221,bt2,18560
train_annotations,1276827,419,TM5132_SB.28.16855.jpg,dataset/TM5132_SB.28.16855.jpg,Psi,Ψ,"[2330, 3075, 88, 211]",18568,bt2,5132
train_annotations,1296843,476,TM290_P.Dryton.36_R.jpg,dataset/TM290_P.Dryton.36_R.jpg,Eta,Η,"[657, 381, 15, 22]",330,bt2,290
train_annotations,1360061,491,TM2089_PSI.4.406.jpg,dataset/TM2089_PSI.4.406.jpg,Sigma,Σ,"[84, 227, 6, 12]",72,bt2,2089
train_annotations,1281609,545,TM121853_P.Sorb.3.71.jpg,dataset/TM121853_P.Sorb.3.71.jpg,Nu,Ν,"[1925, 244, 39, 74]",2886,bt2,121853
test_annotations,1293163,442,TM56_BGU.3.994.jpg,dataset/TM56_BGU.3.994.jpg,Pi,Π,"[8106, 2318, 91, 113]",10283,bt2,56
test_annotations,1377823,485,TM1137_P.Cair.Zen.3.59499_V.jpg,dataset/TM1137_P.Cair.Zen.3.59499_V.jpg,Iota,Ι,"[2632, 2677, 31, 85]",2635,bt2,1137
train_annotations,1416770,538,TM18592_BGU.4.1146.jpg,dataset/TM18592_BGU.4.1146.jpg,Omicron,Ο,"[2943, 2028, 63, 74]",4662,bt2,18592
train_annotations,1358626,542,TM69805_BGU.18.2731.jpg,dataset/TM69805_BGU.18.2731.jpg,Alpha,Α,"[1222, 4538, 112, 101]",11312,bt2,69805
train_annotations,184202,715,TM665_P.Cair.Zen.1.59003.jpg,dataset/TM665_P.Cair.Zen.1.59003.jpg,Tau,Τ,"[401, 1958, 89, 81]",7209,bt2,665
test_annotations,1355106,436,TM1536_P.Lond.7.1973_R.jpg,dataset/TM1536_P.Lond.7.1973_R.jpg,Sigma,Σ,"[612, 442, 14, 17]",238,bt2,1536
train_annotations,1396350,524,TM5836_P.Eleph.1.jpg,dataset/TM5836_P.Eleph.1.jpg,Tau,Τ,"[4689, 1276, 49, 94]",4606,bt2,5836
test_annotations,1281396,556,TM3283_P.Enteux.6.jpg,dataset/TM3283_P.Enteux.6.jpg,Kappa,Κ,"[2322, 901, 69, 91]",6279,bt2,3283
test_annotations,1377810,485,TM1137_P.Cair.Zen.3.59499_V.jpg,dataset/TM1137_P.Cair.Zen.3.59499_V.jpg,Omicron,Ο,"[2755, 2567, 48, 42]",2016,bt2,1137
train_annotations,1291950,536,TM18560_BGU.4.1118.jpg,dataset/TM18560_BGU.4.1118.jpg,Lambda,Λ,"[681, 1512, 36, 39]",1404,bt2,18560
train_annotations,1299190,483,TM1011_P.Cair.Zen.3.59368.jpg,dataset/TM1011_P.Cair.Zen.3.59368.jpg,Psi,Ψ,"[1882, 3469, 57, 103]",5871,bt2,1011
test_annotations,1385240,556,TM3283_P.Enteux.6.jpg,dataset/TM3283_P.Enteux.6.jpg,Gamma,Γ,"[3165, 1817, 68, 85]",5780,bt2,3283
train_annotations,1291286,456,TM78025_P.Bingen.45.jpg,dataset/TM78025_P.Bingen.45.jpg,Gamma,Γ,"[3300, 2358, 92, 94]",8648,bt2,78025
train_annotations,1304292,552,TM3094_P.Dion.11.jpg,dataset/TM3094_P.Dion.11.jpg,Epsilon,Ε,"[1756, 1541, 25, 50]",1250,bt2,3094
train_annotations,1276841,419,TM5132_SB.28.16855.jpg,dataset/TM5132_SB.28.16855.jpg,Omega,Ω,"[2351, 3294, 136, 97]",13192,bt2,5132
train_annotations,1378942,503,TM3433_UPZ.1.42.jpg,dataset/TM3433_UPZ.1.42.jpg,Omicron,Ο,"[1224, 303, 13, 17]",221,bt2,3433
test_annotations,1320315,422,TM18497_BGU.4.1053.jpg,dataset/TM18497_BGU.4.1053.jpg,Iota,Ι,"[2136, 1434, 26, 52]",1352,bt2,18497
train_annotations,1313894,446,TM3740_P.Tebt.1.104.jpg,dataset/TM3740_P.Tebt.1.104.jpg,Eta,Η,"[941, 1823, 52, 49]",2548,bt2,3740
train_annotations,1397180,524,TM5836_P.Eleph.1.jpg,dataset/TM5836_P.Eleph.1.jpg,Alpha,Α,"[3490, 2694, 64, 91]",5824,bt2,5836
train_annotations,1361735,502,TM3432_UPZ.1.41.jpg,dataset/TM3432_UPZ.1.41.jpg,Epsilon,Ε,"[723, 906, 14, 16]",224,bt2,3432
train_annotations,1297442,555,TM3099_P.Dion.16_R.jpg,dataset/TM3099_P.Dion.16_R.jpg,Omicron,Ο,"[844, 1543, 26, 37]",962,bt2,3099
train_annotations,1379572,525,TM5837_P.Eleph.2.jpg,dataset/TM5837_P.Eleph.2.jpg,Xi,Ξ,"[698, 2127, 69, 75]",5175,bt2,5837
train_annotations,1303688,551,TM3093_P.Dion.10.jpg,dataset/TM3093_P.Dion.10.jpg,Alpha,Α,"[1946, 1563, 36, 45]",1620,bt2,3093
train_annotations,1386102,548,TM316254_P.Tarich.11.jpg,dataset/TM316254_P.Tarich.11.jpg,Sigma,Σ,"[286, 382, 10, 16]",160,bt2,316254
train_annotations,1283141,546,TM316242_P.Tarich.2.jpg,dataset/TM316242_P.Tarich.2.jpg,Gamma,Γ,"[1725, 5344, 86, 119]",10234,bt2,316242
train_annotations,1282719,545,TM121853_P.Sorb.3.71.jpg,dataset/TM121853_P.Sorb.3.71.jpg,Omicron,Ο,"[1614, 1444, 22, 27]",594,bt2,121853
train_annotations,1394760,424,TM18503_BGU.4.1058.jpg,dataset/TM18503_BGU.4.1058.jpg,Alpha,Α,"[1687, 3149, 84, 106]",8904,bt2,18503
train_annotations,1363881,420,TM5853_P.Eleph.20_R.jpg,dataset/TM5853_P.Eleph.20_R.jpg,Chi,Χ,"[599, 7180, 198, 148]",29304,bt2,5853
train_annotations,1379499,525,TM5837_P.Eleph.2.jpg,dataset/TM5837_P.Eleph.2.jpg,Lambda,Λ,"[501, 2016, 65, 65]",4225,bt2,5837
train_annotations,1320603,423,TM18499_BGU.4.1055.jpg,dataset/TM18499_BGU.4.1055.jpg,Mu,Μ,"[419, 1105, 59, 55]",3245,bt2,18499
test_annotations,1252964,527,TM5842_P.Eleph.8.jpg,dataset/TM5842_P.Eleph.8.jpg,Omega,Ω,"[883, 2018, 165, 82]",13530,bt2,5842
train_annotations,1283137,546,TM316242_P.Tarich.2.jpg,dataset/TM316242_P.Tarich.2.jpg,Upsilon,Υ,"[1373, 5338, 105, 146]",15330,bt2,316242
train_annotations,1262812,547,TM316244_P.Tarich.4a.jpg,dataset/TM316244_P.Tarich.4a.jpg,Upsilon,Υ,"[1286, 5136, 89, 153]",13617,"bt2,bt5",316244
train_annotations,1313796,446,TM3740_P.Tebt.1.104.jpg,dataset/TM3740_P.Tebt.1.104.jpg,Theta,Θ,"[1539, 1509, 48, 55]",2640,bt2,3740
test_annotations,1310210,557,TM3286_P.Enteux.9.jpg,dataset/TM3286_P.Enteux.9.jpg,Omicron,Ο,"[1322, 965, 30, 57]",1710,bt2,3286
train_annotations,1392719,499,TM3403_UPZ.1.12.jpg,dataset/TM3403_UPZ.1.12.jpg,Upsilon,Υ,"[264, 169, 12, 14]",168,bt2,3403
train_annotations,1259245,506,TM3593_P.Tor.Choach.4.jpg,dataset/TM3593_P.Tor.Choach.4.jpg,Phi,Φ,"[3130, 1596, 65, 136]",8840,bt2,3593
train_annotations,1311757,517,TM4927_BGU.8.1848.jpg,dataset/TM4927_BGU.8.1848.jpg,Iota,Ι,"[813, 3655, 49, 128]",6272,bt2,4927
train_annotations,1298850,483,TM1011_P.Cair.Zen.3.59368.jpg,dataset/TM1011_P.Cair.Zen.3.59368.jpg,Iota,Ι,"[1403, 2885, 33, 83]",2739,bt2,1011
train_annotations,1356299,460,TM23306_BGU.16.2583.jpg,dataset/TM23306_BGU.16.2583.jpg,Epsilon,Ε,"[2068, 4917, 87, 120]",10440,bt2,23306
train_annotations,1321295,425,TM18552_BGU.4.1111.jpg,dataset/TM18552_BGU.4.1111.jpg,Pi,Π,"[1747, 4468, 126, 109]",13734,bt2,18552
train_annotations,1316377,530,TM8337_P.Mich.3.173.jpg,dataset/TM8337_P.Mich.3.173.jpg,Delta,Δ,"[2204, 5210, 123, 125]",15375,bt2,8337
test_annotations,1149634,422,TM18497_BGU.4.1053.jpg,dataset/TM18497_BGU.4.1053.jpg,Epsilon,Ε,"[1982, 1009, 41, 63]",2583,bt2,18497
train_annotations,1395215,424,TM18503_BGU.4.1058.jpg,dataset/TM18503_BGU.4.1058.jpg,Nu,Ν,"[2203, 5649, 105, 122]",12810,bt2,18503
train_annotations,1324354,426,TM44617_P.Polit.Iud.1.jpg,dataset/TM44617_P.Polit.Iud.1.jpg,Kappa,Κ,"[525, 1594, 39, 84]",3276,bt2,44617
train_annotations,1315559,500,TM3409_UPZ.1.18.jpg,dataset/TM3409_UPZ.1.18.jpg,Upsilon,Υ,"[835, 301, 16, 19]",304,bt2,3409
train_annotations,1389206,611,TM44623_P.Polit.Iud.7_V.jpg,dataset/TM44623_P.Polit.Iud.7_V.jpg,Pi,Π,"[2294.0, 1454.3124665596579, 152.0, 134.03584804708407]",5092,bt2,44623
train_annotations,1287552,468,TM243_BGU.3.998.jpg,dataset/TM243_BGU.3.998.jpg,Pi,Π,"[635, 1283, 96, 75]",7200,bt2,243
train_annotations,1363220,449,TM5579_PSI.10.1098.jpg,dataset/TM5579_PSI.10.1098.jpg,Sigma,Σ,"[495, 2100, 40, 46]",1840,bt2,5579
train_annotations,1347593,666,TM3987_BGU.14.2380_frag.B.jpg,dataset/TM3987_BGU.14.2380_frag.B.jpg,Delta,Δ,"[1360, 1927, 128, 112]",14336,bt2,3987
train_annotations,1304598,552,TM3094_P.Dion.11.jpg,dataset/TM3094_P.Dion.11.jpg,Upsilon,Υ,"[767, 2294, 34, 39]",1326,bt2,3094
train_annotations,1385145,553,TM3097_P.Dion.14_R.jpg,dataset/TM3097_P.Dion.14_R.jpg,Nu,Ν,"[2134, 683, 43, 96]",4128,bt2,3097
train_annotations,1321966,505,TM3563_P.Tor.Choach.12.01.jpg,dataset/TM3563_P.Tor.Choach.12.01.jpg,Omicron,Ο,"[393, 2445, 53, 57]",3021,bt2,3563
train_annotations,1372390,480,TM905_P.Cair.Zen.2.59261.jpg,dataset/TM905_P.Cair.Zen.2.59261.jpg,Eta,Η,"[320, 2375, 46, 50]",2300,bt2,905
train_annotations,1410311,555,TM3099_P.Dion.16_R.jpg,dataset/TM3099_P.Dion.16_R.jpg,Mu,Μ,"[983, 3524, 44, 35]",1540,bt2,3099
train_annotations,1319953,535,TM17894_P.Wash.Univ.2.77_frag.Vienna.jpg,dataset/TM17894_P.Wash.Univ.2.77_frag.Vienna.jpg,Theta,Θ,"[3537, 3623, 167, 207]",34569,bt2,17894
train_annotations,1386273,548,TM316254_P.Tarich.11.jpg,dataset/TM316254_P.Tarich.11.jpg,Kappa,Κ,"[265, 661, 17, 24]",408,bt2,316254
train_annotations,1311513,417,TM4911_BGU.8.1832.jpg,dataset/TM4911_BGU.8.1832.jpg,Pi,Π,"[2855, 4535, 81, 96]",7776,bt2,4911
train_annotations,1423768,447,TM5697_SB.5.7532.jpg,dataset/TM5697_SB.5.7532.jpg,Sigma,Σ,"[1810, 5688, 74, 86]",6364,bt2,5697
train_annotations,1262723,547,TM316244_P.Tarich.4a.jpg,dataset/TM316244_P.Tarich.4a.jpg,Kappa,Κ,"[1072, 1633, 109, 90]",9810,bt2,316244
train_annotations,1363129,449,TM5579_PSI.10.1098.jpg,dataset/TM5579_PSI.10.1098.jpg,Lambda,Λ,"[949, 1961, 42, 43]",1806,bt2,5579
train_annotations,1251580,518,TM4932_BGU.8.1853.jpg,dataset/TM4932_BGU.8.1853.jpg,Theta,Θ,"[676, 1016, 68, 77]",5236,bt2,4932
train_annotations,1384778,474,TM283_P.Dryton.40.jpg,dataset/TM283_P.Dryton.40.jpg,Kappa,Κ,"[969, 435, 15, 26]",390,bt2,283
train_annotations,1328977,579,TM316241_P.Tarich.1.jpg,dataset/TM316241_P.Tarich.1.jpg,Phi,Φ,"[1476.2572324851865, 1348.1553353307213, 64.01115371209481, 138.01590228163172]",2208,bt2,316241
train_annotations,1309685,555,TM3099_P.Dion.16_R.jpg,dataset/TM3099_P.Dion.16_R.jpg,Beta,Β,"[2238, 2395, 37, 61]",2257,bt2,3099
train_annotations,1314528,541,TM44722_P.Diosk.6.jpg,dataset/TM44722_P.Diosk.6.jpg,Eta,Η,"[1310, 1155, 54, 51]",2754,bt2,44722
train_annotations,1281688,420,TM5853_P.Eleph.20_R.jpg,dataset/TM5853_P.Eleph.20_R.jpg,Omega,Ω,"[1064, 1690, 170, 157]",26690,bt2,5853
test_annotations,1381970,501,TM3415_UPZ.1.24.jpg,dataset/TM3415_UPZ.1.24.jpg,Gamma,Γ,"[489, 871, 18, 18]",324,bt2,3415
test_annotations,1381775,501,TM3415_UPZ.1.24.jpg,dataset/TM3415_UPZ.1.24.jpg,Mu,Μ,"[776, 664, 13, 16]",208,bt2,3415
train_annotations,1395234,424,TM18503_BGU.4.1058.jpg,dataset/TM18503_BGU.4.1058.jpg,Iota,Ι,"[2274, 5778, 48, 125]",6000,bt2,18503
train_annotations,1331610,553,TM3097_P.Dion.14_R.jpg,dataset/TM3097_P.Dion.14_R.jpg,Epsilon,Ε,"[885, 3411, 38, 47]",1786,bt2,3097
train_annotations,1308980,515,TM4900_BGU.8.1821.jpg,dataset/TM4900_BGU.8.1821.jpg,Eta,Η,"[1239, 4383, 128, 139]",17792,bt2,4900
train_annotations,1321808,505,TM3563_P.Tor.Choach.12.01.jpg,dataset/TM3563_P.Tor.Choach.12.01.jpg,Lambda,Λ,"[2488, 1695, 60, 89]",5340,bt2,3563
train_annotations,1277201,510,TM3686_P.Tebt.1.50.jpg,dataset/TM3686_P.Tebt.1.50.jpg,Lambda,Λ,"[1353, 1483, 42, 49]",2058,bt2,3686
train_annotations,1365168,541,TM44722_P.Diosk.6.jpg,dataset/TM44722_P.Diosk.6.jpg,Epsilon,Ε,"[3222, 556, 34, 51]",1734,bt2,44722
test_annotations,1382454,501,TM3415_UPZ.1.24.jpg,dataset/TM3415_UPZ.1.24.jpg,Eta,Η,"[420, 1380, 24, 26]",624,bt2,3415
train_annotations,1262073,549,TM703255_P.Vindob.inv.G.56637.jpg,dataset/TM703255_P.Vindob.inv.G.56637.jpg,Tau,Τ,"[1658.0937972768534, 1505.3167392657126, 186.08169440242057, 158.8525202240199]",12915,bt2,703255
train_annotations,1321482,496,TM2818_P.Hib.1.85.jpg,dataset/TM2818_P.Hib.1.85.jpg,Omicron,Ο,"[743, 1235, 12, 22]",264,bt2,2818
train_annotations,1394599,418,TM4912_BGU.8.1833.jpg,dataset/TM4912_BGU.8.1833.jpg,Kappa,Κ,"[1692, 4207, 108, 172]",18576,bt2,4912
test_annotations,1376956,484,TM1137_P.Cair.Zen.3.59499_R.jpg,dataset/TM1137_P.Cair.Zen.3.59499_R.jpg,Rho,Ρ,"[632, 2264, 33, 100]",3300,bt2,1137
train_annotations,1309377,555,TM3099_P.Dion.16_R.jpg,dataset/TM3099_P.Dion.16_R.jpg,Lambda,Λ,"[2068, 2015, 31, 41]",1271,bt2,3099
train_annotations,1395085,424,TM18503_BGU.4.1058.jpg,dataset/TM18503_BGU.4.1058.jpg,Upsilon,Υ,"[3166, 4930, 70, 104]",7280,bt2,18503
train_annotations,1277996,510,TM3686_P.Tebt.1.50.jpg,dataset/TM3686_P.Tebt.1.50.jpg,Alpha,Α,"[1206, 3133, 43, 46]",1978,bt2,3686
train_annotations,1394212,504,TM3444_UPZ.1.53.jpg,dataset/TM3444_UPZ.1.53.jpg,Gamma,Γ,"[470, 1221, 13, 23]",299,bt2,3444
train_annotations,1149745,423,TM18499_BGU.4.1055.jpg,dataset/TM18499_BGU.4.1055.jpg,Upsilon,Υ,"[1223, 893, 44, 46]",2024,bt2,18499
train_annotations,1158730,472,TM257_P.Dryton.19_R.jpg,dataset/TM257_P.Dryton.19_R.jpg,Rho,Ρ,"[725, 270, 12, 30]",360,bt2,257
train_annotations,1354074,432,TM1511_P.Lond.7.1948_R.jpg,dataset/TM1511_P.Lond.7.1948_R.jpg,Lambda,Λ,"[359, 180, 20, 20]",400,bt2,1511
train_annotations,1254692,550,TM977098_P.Koeln.Sarapion.1.jpg,dataset/TM977098_P.Koeln.Sarapion.1.jpg,Pi,Π,"[1534, 2419, 163, 112]",18256,bt2,977098
train_annotations,1404794,525,TM5837_P.Eleph.2.jpg,dataset/TM5837_P.Eleph.2.jpg,Iota,Ι,"[2672, 3580, 33, 93]",3069,bt2,5837
train_annotations,1330967,552,TM3094_P.Dion.11.jpg,dataset/TM3094_P.Dion.11.jpg,Alpha,Α,"[1533, 3391, 43, 60]",2580,bt2,3094
train_annotations,1331687,493,TM2379_P.Lond.7.1935.jpg,dataset/TM2379_P.Lond.7.1935.jpg,Eta,Η,"[604, 765, 29, 22]",638,bt2,2379
train_annotations,1312701,547,TM316244_P.Tarich.4a.jpg,dataset/TM316244_P.Tarich.4a.jpg,Theta,Θ,"[1358, 6552, 93, 96]",8928,bt2,316244
train_annotations,1251150,516,TM4907_BGU.8.1828.jpg,dataset/TM4907_BGU.8.1828.jpg,Upsilon,Υ,"[2699, 1373, 88, 99]",8712,bt2,4907
train_annotations,1405943,526,TM5838_P.Eleph.3.jpg,dataset/TM5838_P.Eleph.3.jpg,Xi,Ξ,"[1490, 1335, 59, 76]",4484,bt2,5838
train_annotations,1312578,547,TM316244_P.Tarich.4a.jpg,dataset/TM316244_P.Tarich.4a.jpg,Eta,Η,"[1740, 3400, 75, 73]",5475,bt2,316244
train_annotations,1396731,524,TM5836_P.Eleph.1.jpg,dataset/TM5836_P.Eleph.1.jpg,Delta,Δ,"[3986, 1998, 47, 103]",4841,bt2,5836
test_annotations,1320380,422,TM18497_BGU.4.1053.jpg,dataset/TM18497_BGU.4.1053.jpg,Chi,Χ,"[1551, 1664, 44, 58]",2552,bt2,18497
train_annotations,1289739,447,TM5697_SB.5.7532.jpg,dataset/TM5697_SB.5.7532.jpg,Alpha,Α,"[1524, 2409, 50, 90]",4500,bt2,5697
train_annotations,1381262,500,TM3409_UPZ.1.18.jpg,dataset/TM3409_UPZ.1.18.jpg,Kappa,Κ,"[374, 839, 18, 21]",378,bt2,3409
test_annotations,1318833,532,TM8808_SB.24.16285.gif,dataset/TM8808_SB.24.16285.gif,Iota,Ι,"[488, 180, 18, 37]",666,bt2,8808
train_annotations,1330064,437,TM663_P.Cair.Zen.1.59001_frag.Cairo.jpg,dataset/TM663_P.Cair.Zen.1.59001_frag.Cairo.jpg,Iota,Ι,"[1878, 1907, 22, 49]",1078,bt2,663
test_annotations,1283774,532,TM8808_SB.24.16285.gif,dataset/TM8808_SB.24.16285.gif,Mu,Μ,"[135, 1646, 49, 36]",1764,bt2,8808
train_annotations,1323329,529,TM7883_P.Sijp.45.jpg,dataset/TM7883_P.Sijp.45.jpg,Lambda,Λ,"[1316, 2392, 131, 125]",16375,bt2,7883
train_annotations,1343690,495,TM2801_SB.24.16162_GreekOnly.jpg,dataset/TM2801_SB.24.16162_GreekOnly.jpg,Alpha,Α,"[3713, 412, 52, 77]",4004,bt2,2801
train_annotations,1252895,526,TM5838_P.Eleph.3.jpg,dataset/TM5838_P.Eleph.3.jpg,Omicron,Ο,"[1837, 625, 30, 78]",2340,bt2,5838
train_annotations,1297779,558,TM3289_P.Enteux.12.jpg,dataset/TM3289_P.Enteux.12.jpg,Lambda,Λ,"[509, 616, 48, 51]",2448,bt2,3289
train_annotations,1343721,495,TM2801_SB.24.16162_GreekOnly.jpg,dataset/TM2801_SB.24.16162_GreekOnly.jpg,Iota,Ι,"[5409, 465, 65, 160]",10400,bt2,2801
test_annotations,1389958,422,TM18497_BGU.4.1053.jpg,dataset/TM18497_BGU.4.1053.jpg,Gamma,Γ,"[579, 3329, 48, 43]",2064,bt2,18497
train_annotations,1406914,526,TM5838_P.Eleph.3.jpg,dataset/TM5838_P.Eleph.3.jpg,Phi,Φ,"[892, 2410, 77, 115]",8855,bt2,5838
train_annotations,1289334,466,TM144_BGU.3.992.jpg,dataset/TM144_BGU.3.992.jpg,Tau,Τ,"[6130, 1279, 109, 81]",8829,bt2,144
test_annotations,1297604,557,TM3286_P.Enteux.9.jpg,dataset/TM3286_P.Enteux.9.jpg,Lambda,Λ,"[701, 408, 74, 71]",5254,bt2,3286
train_annotations,1364560,452,TM9228_BGU.2.543.jpg,dataset/TM9228_BGU.2.543.jpg,Eta,Η,"[2496, 3466, 77, 85]",6545,bt2,9228
train_annotations,1309102,555,TM3099_P.Dion.16_R.jpg,dataset/TM3099_P.Dion.16_R.jpg,Alpha,Α,"[861, 1727, 32, 38]",1216,bt2,3099
train_annotations,1322919,525,TM5837_P.Eleph.2.jpg,dataset/TM5837_P.Eleph.2.jpg,Iota,Ι,"[2884, 1239, 51, 90]",4590,bt2,5837
train_annotations,1289252,466,TM144_BGU.3.992.jpg,dataset/TM144_BGU.3.992.jpg,Rho,Ρ,"[4313, 1200, 73, 174]",12702,bt2,144
train_annotations,1262574,549,TM703255_P.Vindob.inv.G.56637.jpg,dataset/TM703255_P.Vindob.inv.G.56637.jpg,Pi,Π,"[2903.177004538578, 7037.9230864965775, 131.61875945537065, 155.82675793403857]",8961,bt2,703255
train_annotations,1254332,542,TM69805_BGU.18.2731.jpg,dataset/TM69805_BGU.18.2731.jpg,Iota,Ι,"[2239, 1315, 47, 108]",5076,bt2,69805
test_annotations,1286526,469,TM250_P.Dryton.37.jpg,dataset/TM250_P.Dryton.37.jpg,Lambda,Λ,"[542, 1504, 23, 36]",828,bt2,250
train_annotations,1276747,419,TM5132_SB.28.16855.jpg,dataset/TM5132_SB.28.16855.jpg,Mu,Μ,"[2046, 2556, 104, 95]",9880,bt2,5132
train_annotations,1306227,554,TM3098_P.Dion.15_R.jpg,dataset/TM3098_P.Dion.15_R.jpg,Rho,Ρ,"[1714, 1575, 21, 60]",1260,bt2,3098
train_annotations,1306381,554,TM3098_P.Dion.15_R.jpg,dataset/TM3098_P.Dion.15_R.jpg,Kappa,Κ,"[1096, 1923, 42, 43]",1806,bt2,3098
train_annotations,1424522,540,TM44603_P.Eleph.27a.jpg,dataset/TM44603_P.Eleph.27a.jpg,Delta,Δ,"[1666, 5873, 110, 110]",12100,bt2,44603
train_annotations,1387145,454,TM58204_P.Dime.3.2_GreekOnly.jpg,dataset/TM58204_P.Dime.3.2_GreekOnly.jpg,Alpha,Α,"[7838, 88, 105, 111]",11655,bt2,58204
train_annotations,1380118,491,TM2089_PSI.4.406.jpg,dataset/TM2089_PSI.4.406.jpg,Gamma,Γ,"[480, 101, 14, 14]",196,bt2,2089
train_annotations,1295117,466,TM144_BGU.3.992.jpg,dataset/TM144_BGU.3.992.jpg,Alpha,Α,"[10268, 1747, 84, 60]",5040,bt2,144
train_annotations,1373802,728,TM131_P.Batav.6_frag.B.jpg,dataset/TM131_P.Batav.6_frag.B.jpg,Upsilon,Υ,"[3884, 510, 121, 159]",19239,bt2,131
train_annotations,1416828,538,TM18592_BGU.4.1146.jpg,dataset/TM18592_BGU.4.1146.jpg,Epsilon,Ε,"[945, 2356, 55, 90]",4950,bt2,18592
train_annotations,1285638,443,TM131_P.Batav.6_frag.A.jpg,dataset/TM131_P.Batav.6_frag.A.jpg,Kappa,Κ,"[5875, 2409, 102, 110]",11220,bt2,131
train_annotations,1285200,443,TM131_P.Batav.6_frag.A.jpg,dataset/TM131_P.Batav.6_frag.A.jpg,Pi,Π,"[7757, 915, 103, 102]",10506,bt2,131
train_annotations,1386071,548,TM316254_P.Tarich.11.jpg,dataset/TM316254_P.Tarich.11.jpg,Psi,Ψ,"[279, 330, 19, 28]",532,bt2,316254
train_annotations,1255295,478,TM818_P.Cair.Zen.2.59172.jpg,dataset/TM818_P.Cair.Zen.2.59172.jpg,Epsilon,Ε,"[1440, 988, 25, 61]",1525,bt2,818
train_annotations,1406676,526,TM5838_P.Eleph.3.jpg,dataset/TM5838_P.Eleph.3.jpg,Phi,Φ,"[3879, 1935, 50, 182]",9100,bt2,5838
train_annotations,1410299,555,TM3099_P.Dion.16_R.jpg,dataset/TM3099_P.Dion.16_R.jpg,Xi,Ξ,"[1473, 3445, 40, 39]",1560,bt2,3099
train_annotations,1287799,468,TM243_BGU.3.998.jpg,dataset/TM243_BGU.3.998.jpg,Chi,Χ,"[448, 1864, 91, 86]",7826,bt2,243
test_annotations,1389412,422,TM18497_BGU.4.1053.jpg,dataset/TM18497_BGU.4.1053.jpg,Iota,Ι,"[1044, 973, 20, 49]",980,bt2,18497
train_annotations,1372399,480,TM905_P.Cair.Zen.2.59261.jpg,dataset/TM905_P.Cair.Zen.2.59261.jpg,Nu,Ν,"[614, 2349, 57, 67]",3819,bt2,905
test_annotations,1281410,556,TM3283_P.Enteux.6.jpg,dataset/TM3283_P.Enteux.6.jpg,Beta,Β,"[2921, 895, 53, 94]",4982,bt2,3283
test_annotations,1389692,422,TM18497_BGU.4.1053.jpg,dataset/TM18497_BGU.4.1053.jpg,Phi,Φ,"[880, 2253, 48, 55]",2640,bt2,18497
train_annotations,1235090,492,TM2133_PSI.5.510.jpg,dataset/TM2133_PSI.5.510.jpg,Eta,Η,"[1174, 594, 75, 59]",4425,bt2,2133
train_annotations,1250738,510,TM3686_P.Tebt.1.50.jpg,dataset/TM3686_P.Tebt.1.50.jpg,Upsilon,Υ,"[1836, 1110, 36, 49]",1764,bt2,3686
test_annotations,1377536,485,TM1137_P.Cair.Zen.3.59499_V.jpg,dataset/TM1137_P.Cair.Zen.3.59499_V.jpg,Nu,Ν,"[783, 2454, 61, 77]",4697,bt2,1137
train_annotations,1261249,503,TM3433_UPZ.1.42.jpg,dataset/TM3433_UPZ.1.42.jpg,Eta,Η,"[618, 575, 27, 20]",540,bt2,3433
train_annotations,1250365,507,TM3680_P.Tebt.1.44.jpg,dataset/TM3680_P.Tebt.1.44.jpg,Phi,Φ,"[1723, 655, 49, 122]",5978,bt2,3680
train_annotations,1425327,524,TM5836_P.Eleph.1.jpg,dataset/TM5836_P.Eleph.1.jpg,Pi,Π,"[1448, 4966, 61, 79]",4819,bt2,5836
test_annotations,1377033,484,TM1137_P.Cair.Zen.3.59499_R.jpg,dataset/TM1137_P.Cair.Zen.3.59499_R.jpg,Sigma,Σ,"[931, 2850, 57, 76]",4332,bt2,1137
train_annotations,1390992,433,TM1516_P.Lond.7.1953_R.jpg,dataset/TM1516_P.Lond.7.1953_R.jpg,Alpha,Α,"[311, 1417, 31, 30]",930,bt2,1516
train_annotations,1313552,511,TM3689_P.Tebt.1.53.jpg,dataset/TM3689_P.Tebt.1.53.jpg,Zeta,Ζ,"[1787, 2990, 45, 81]",3645,bt2,3689
train_annotations,1358763,542,TM69805_BGU.18.2731.jpg,dataset/TM69805_BGU.18.2731.jpg,Rho,Ρ,"[1525, 5460, 63, 106]",6678,bt2,69805
test_annotations,1389961,422,TM18497_BGU.4.1053.jpg,dataset/TM18497_BGU.4.1053.jpg,Kappa,Κ,"[714, 3316, 44, 52]",2288,bt2,18497
train_annotations,1291994,536,TM18560_BGU.4.1118.jpg,dataset/TM18560_BGU.4.1118.jpg,Xi,Ξ,"[1023, 2210, 30, 74]",2220,bt2,18560
train_annotations,1364030,529,TM7883_P.Sijp.45.jpg,dataset/TM7883_P.Sijp.45.jpg,Beta,Β,"[2101, 3241, 71, 152]",10792,bt2,7883
train_annotations,1380361,491,TM2089_PSI.4.406.jpg,dataset/TM2089_PSI.4.406.jpg,Lambda,Λ,"[470, 545, 16, 15]",240,bt2,2089
train_annotations,1290958,449,TM5579_PSI.10.1098.jpg,dataset/TM5579_PSI.10.1098.jpg,Kappa,Κ,"[2528, 630, 48, 43]",2064,bt2,5579
train_annotations,1360760,497,TM2821_P.Hib.1.92.jpg,dataset/TM2821_P.Hib.1.92.jpg,Gamma,Γ,"[324, 774, 20, 16]",320,bt2,2821
train_annotations,1416998,538,TM18592_BGU.4.1146.jpg,dataset/TM18592_BGU.4.1146.jpg,Eta,Η,"[2660, 2697, 79, 107]",8453,bt2,18592
test_annotations,1289006,442,TM56_BGU.3.994.jpg,dataset/TM56_BGU.3.994.jpg,Beta,Β,"[7680, 1325, 60, 118]",7080,bt2,56
train_annotations,1251555,518,TM4932_BGU.8.1853.jpg,dataset/TM4932_BGU.8.1853.jpg,Delta,Δ,"[891, 1561, 84, 94]",7896,bt2,4932
train_annotations,1290336,470,TM253_P.Dryton.33_frag.Heid.jpg,dataset/TM253_P.Dryton.33_frag.Heid.jpg,Lambda,Λ,"[375, 877, 38, 41]",1558,bt2,253
train_annotations,1283818,439,TM44733_P.Diosk.18.jpg,dataset/TM44733_P.Diosk.18.jpg,Upsilon,Υ,"[335, 873, 39, 32]",1248,bt2,44733
train_annotations,1235052,492,TM2133_PSI.5.510.jpg,dataset/TM2133_PSI.5.510.jpg,Upsilon,Υ,"[1280, 508, 37, 63]",2331,bt2,2133
train_annotations,1373145,728,TM131_P.Batav.6_frag.B.jpg,dataset/TM131_P.Batav.6_frag.B.jpg,Lambda,Λ,"[5605, 1291, 82, 117]",9594,bt2,131
train_annotations,1303807,551,TM3093_P.Dion.10.jpg,dataset/TM3093_P.Dion.10.jpg,Tau,Τ,"[1858, 1847, 69, 66]",4554,bt2,3093
train_annotations,1316530,530,TM8337_P.Mich.3.173.jpg,dataset/TM8337_P.Mich.3.173.jpg,Mu,Μ,"[2419, 6477, 130, 100]",13000,bt2,8337
train_annotations,1279579,441,TM128_BGU.3.1000.jpg,dataset/TM128_BGU.3.1000.jpg,Alpha,Α,"[6346, 2020, 87, 109]",9483,bt2,128
train_annotations,1405077,525,TM5837_P.Eleph.2.jpg,dataset/TM5837_P.Eleph.2.jpg,Zeta,Ζ,"[4124, 3992, 79, 56]",4424,bt2,5837
train_annotations,1289692,447,TM5697_SB.5.7532.jpg,dataset/TM5697_SB.5.7532.jpg,Eta,Η,"[1380, 2271, 49, 130]",6370,bt2,5697
train_annotations,1394564,418,TM4912_BGU.8.1833.jpg,dataset/TM4912_BGU.8.1833.jpg,Eta,Η,"[2370, 2378, 106, 152]",16112,bt2,4912
test_annotations,1381520,501,TM3415_UPZ.1.24.jpg,dataset/TM3415_UPZ.1.24.jpg,Theta,Θ,"[493, 435, 12, 19]",228,bt2,3415
train_annotations,1390376,423,TM18499_BGU.4.1055.jpg,dataset/TM18499_BGU.4.1055.jpg,Theta,Θ,"[1318, 2758, 40, 51]",2040,bt2,18499
train_annotations,1345435,488,TM1575_P.Lond.7.2013_R.jpg,dataset/TM1575_P.Lond.7.2013_R.jpg,Omega,Ω,"[681, 550, 22, 19]",418,bt2,1575
train_annotations,1289872,447,TM5697_SB.5.7532.jpg,dataset/TM5697_SB.5.7532.jpg,Kappa,Κ,"[2122, 2790, 83, 94]",7802,bt2,5697
train_annotations,1276909,419,TM5132_SB.28.16855.jpg,dataset/TM5132_SB.28.16855.jpg,Iota,Ι,"[2079, 3853, 44, 102]",4488,bt2,5132
train_annotations,1294856,441,TM128_BGU.3.1000.jpg,dataset/TM128_BGU.3.1000.jpg,Chi,Χ,"[6154, 2326, 105, 103]",10815,bt2,128
train_annotations,1393367,504,TM3444_UPZ.1.53.jpg,dataset/TM3444_UPZ.1.53.jpg,Sigma,Σ,"[260, 201, 15, 23]",345,bt2,3444
train_annotations,1255155,478,TM818_P.Cair.Zen.2.59172.jpg,dataset/TM818_P.Cair.Zen.2.59172.jpg,Pi,Π,"[1473, 590, 81, 66]",5346,bt2,818
train_annotations,1358077,439,TM44733_P.Diosk.18.jpg,dataset/TM44733_P.Diosk.18.jpg,Xi,Ξ,"[1678, 2464, 39, 48]",1872,bt2,44733
train_annotations,1309678,555,TM3099_P.Dion.16_R.jpg,dataset/TM3099_P.Dion.16_R.jpg,Tau,Τ,"[2051, 2411, 32, 39]",1248,bt2,3099
train_annotations,1356277,460,TM23306_BGU.16.2583.jpg,dataset/TM23306_BGU.16.2583.jpg,Sigma,Σ,"[1774, 801, 59, 62]",3658,bt2,23306
train_annotations,1358066,439,TM44733_P.Diosk.18.jpg,dataset/TM44733_P.Diosk.18.jpg,Phi,Φ,"[1211, 2447, 33, 75]",2475,bt2,44733
train_annotations,1146315,457,TM4844_BGU.20.2847.jpg,dataset/TM4844_BGU.20.2847.jpg,Lambda,Λ,"[2754, 1466, 89, 109]",9701,bt2,4844
train_annotations,1393057,499,TM3403_UPZ.1.12.jpg,dataset/TM3403_UPZ.1.12.jpg,Epsilon,Ε,"[327, 733, 10, 13]",130,bt2,3403
test_annotations,1389561,422,TM18497_BGU.4.1053.jpg,dataset/TM18497_BGU.4.1053.jpg,Kappa,Κ,"[520, 1637, 54, 60]",3240,bt2,18497
train_annotations,1255857,482,TM951_P.Cair.Zen.3.59307.jpg,dataset/TM951_P.Cair.Zen.3.59307.jpg,Zeta,Ζ,"[983, 2023, 105, 74]",7770,bt2,951
train_annotations,1146853,449,TM5579_PSI.10.1098.jpg,dataset/TM5579_PSI.10.1098.jpg,Eta,Η,"[736, 747, 38, 44]",1672,bt2,5579
train_annotations,1285619,443,TM131_P.Batav.6_frag.A.jpg,dataset/TM131_P.Batav.6_frag.A.jpg,Upsilon,Υ,"[3855, 2469, 94, 106]",9964,bt2,131
train_annotations,1302619,487,TM1568_P.Lond.7.2006_R.jpg,dataset/TM1568_P.Lond.7.2006_R.jpg,Mu,Μ,"[718, 1145, 30, 24]",720,bt2,1568
train_annotations,1360212,491,TM2089_PSI.4.406.jpg,dataset/TM2089_PSI.4.406.jpg,Mu,Μ,"[276, 406, 9, 14]",126,bt2,2089
train_annotations,1388248,541,TM44722_P.Diosk.6.jpg,dataset/TM44722_P.Diosk.6.jpg,Nu,Ν,"[1623, 1771, 57, 44]",2508,bt2,44722
train_annotations,1383969,451,TM14532_SB.14.11933.jpg,dataset/TM14532_SB.14.11933.jpg,Theta,Θ,"[732, 2073, 18, 29]",522,bt2,14532
test_annotations,1392537,489,TM1579_P.Lond.7.2017.jpg,dataset/TM1579_P.Lond.7.2017.jpg,Omega,Ω,"[489, 835, 14, 12]",168,bt2,1579
train_annotations,1392894,499,TM3403_UPZ.1.12.jpg,dataset/TM3403_UPZ.1.12.jpg,Xi,Ξ,"[271, 507, 11, 14]",154,bt2,3403
train_annotations,1254325,542,TM69805_BGU.18.2731.jpg,dataset/TM69805_BGU.18.2731.jpg,Nu,Ν,"[1368, 1337, 91, 98]",8918,bt2,69805
train_annotations,1392952,499,TM3403_UPZ.1.12.jpg,dataset/TM3403_UPZ.1.12.jpg,Upsilon,Υ,"[281, 574, 12, 16]",192,bt2,3403
train_annotations,1319979,535,TM17894_P.Wash.Univ.2.77_frag.Vienna.jpg,dataset/TM17894_P.Wash.Univ.2.77_frag.Vienna.jpg,Omicron,Ο,"[4002, 3935, 141, 177]",24957,bt2,17894
train_annotations,1317017,514,TM4344_SB.12.11061_frag.Hamburg.jpg,dataset/TM4344_SB.12.11061_frag.Hamburg.jpg,Beta,Β,"[3234, 1567, 66, 107]",7062,bt2,4344
train_annotations,1394308,504,TM3444_UPZ.1.53.jpg,dataset/TM3444_UPZ.1.53.jpg,Phi,Φ,"[591, 1313, 20, 40]",800,bt2,3444
train_annotations,1262734,547,TM316244_P.Tarich.4a.jpg,dataset/TM316244_P.Tarich.4a.jpg,Kappa,Κ,"[1955, 1607, 104, 99]",10296,bt2,316244
train_annotations,1396836,524,TM5836_P.Eleph.1.jpg,dataset/TM5836_P.Eleph.1.jpg,Upsilon,Υ,"[4710, 2157, 42, 89]",3738,bt2,5836
train_annotations,1396551,524,TM5836_P.Eleph.1.jpg,dataset/TM5836_P.Eleph.1.jpg,Iota,Ι,"[2422, 1665, 33, 107]",3531,bt2,5836
train_annotations,1312546,547,TM316244_P.Tarich.4a.jpg,dataset/TM316244_P.Tarich.4a.jpg,Rho,Ρ,"[1932, 3132, 66, 145]",9570,bt2,316244
train_annotations,1359028,471,TM254_P.Dryton.16_R.jpg,dataset/TM254_P.Dryton.16_R.jpg,Pi,Π,"[482, 641, 23, 21]",483,bt2,254
train_annotations,1397139,524,TM5836_P.Eleph.1.jpg,dataset/TM5836_P.Eleph.1.jpg,Tau,Τ,"[1454, 2655, 67, 86]",5762,bt2,5836
train_annotations,1277586,510,TM3686_P.Tebt.1.50.jpg,dataset/TM3686_P.Tebt.1.50.jpg,Alpha,Α,"[875, 2198, 54, 42]",2268,bt2,3686
train_annotations,1358009,439,TM44733_P.Diosk.18.jpg,dataset/TM44733_P.Diosk.18.jpg,Upsilon,Υ,"[570, 2417, 34, 59]",2006,bt2,44733
test_annotations,1377272,484,TM1137_P.Cair.Zen.3.59499_R.jpg,dataset/TM1137_P.Cair.Zen.3.59499_R.jpg,Chi,Χ,"[2891, 2944, 45, 55]",2475,bt2,1137
train_annotations,1297940,516,TM4907_BGU.8.1828.jpg,dataset/TM4907_BGU.8.1828.jpg,Alpha,Α,"[2537, 1909, 177, 207]",36639,bt2,4907
train_annotations,1308931,515,TM4900_BGU.8.1821.jpg,dataset/TM4900_BGU.8.1821.jpg,Omega,Ω,"[2109, 3690, 176, 103]",18128,bt2,4900
train_annotations,1393794,504,TM3444_UPZ.1.53.jpg,dataset/TM3444_UPZ.1.53.jpg,Omega,Ω,"[744, 686, 25, 21]",525,bt2,3444
train_annotations,1325089,543,TM78357_P.Heid.7.394.jpg,dataset/TM78357_P.Heid.7.394.jpg,Omicron,Ο,"[376, 1284, 50, 58]",2900,bt2,78357
test_annotations,1301879,486,TM1539_P.Lond.7.1976.jpg,dataset/TM1539_P.Lond.7.1976.jpg,Eta,Η,"[247, 1169, 32, 39]",1248,bt2,1539
train_annotations,1314386,541,TM44722_P.Diosk.6.jpg,dataset/TM44722_P.Diosk.6.jpg,Eta,Η,"[1139, 976, 44, 45]",1980,bt2,44722
train_annotations,1410536,555,TM3099_P.Dion.16_R.jpg,dataset/TM3099_P.Dion.16_R.jpg,Phi,Φ,"[1503, 1392, 42, 80]",3360,bt2,3099
train_annotations,1304666,552,TM3094_P.Dion.11.jpg,dataset/TM3094_P.Dion.11.jpg,Sigma,Σ,"[1065, 2401, 42, 49]",2058,bt2,3094
train_annotations,1254619,550,TM977098_P.Koeln.Sarapion.1.jpg,dataset/TM977098_P.Koeln.Sarapion.1.jpg,Tau,Τ,"[1393, 1234, 145, 162]",23490,bt2,977098
train_annotations,1319206,421,TM11315_P.Grenf.1.45.jpg,dataset/TM11315_P.Grenf.1.45.jpg,Delta,Δ,"[698, 889, 25, 22]",550,bt2,11315
train_annotations,1365287,541,TM44722_P.Diosk.6.jpg,dataset/TM44722_P.Diosk.6.jpg,Lambda,Λ,"[3379, 790, 42, 43]",1806,bt2,44722
train_annotations,1251116,515,TM4900_BGU.8.1821.jpg,dataset/TM4900_BGU.8.1821.jpg,Tau,Τ,"[1436, 1659, 84, 115]",9660,bt2,4900
train_annotations,1324969,543,TM78357_P.Heid.7.394.jpg,dataset/TM78357_P.Heid.7.394.jpg,Phi,Φ,"[730, 188, 52, 107]",5564,bt2,78357
train_annotations,1387735,454,TM58204_P.Dime.3.2_GreekOnly.jpg,dataset/TM58204_P.Dime.3.2_GreekOnly.jpg,Sigma,Σ,"[6847, 1530, 80, 91]",7280,bt2,58204
train_annotations,1387134,454,TM58204_P.Dime.3.2_GreekOnly.jpg,dataset/TM58204_P.Dime.3.2_GreekOnly.jpg,Upsilon,Υ,"[6910, 68, 88, 127]",11176,bt2,58204
train_annotations,1360367,491,TM2089_PSI.4.406.jpg,dataset/TM2089_PSI.4.406.jpg,Epsilon,Ε,"[133, 629, 10, 17]",170,bt2,2089
train_annotations,1410250,555,TM3099_P.Dion.16_R.jpg,dataset/TM3099_P.Dion.16_R.jpg,Tau,Τ,"[1130, 3319, 50, 33]",1650,bt2,3099
test_annotations,1288204,442,TM56_BGU.3.994.jpg,dataset/TM56_BGU.3.994.jpg,Nu,Ν,"[2083, 879, 110, 103]",11330,bt2,56
train_annotations,1317143,514,TM4344_SB.12.11061_frag.Hamburg.jpg,dataset/TM4344_SB.12.11061_frag.Hamburg.jpg,Sigma,Σ,"[4944, 1670, 73, 78]",5694,bt2,4344
train_annotations,1405575,525,TM5837_P.Eleph.2.jpg,dataset/TM5837_P.Eleph.2.jpg,Iota,Ι,"[1428, 4758, 46, 102]",4692,bt2,5837
train_annotations,183740,715,TM665_P.Cair.Zen.1.59003.jpg,dataset/TM665_P.Cair.Zen.1.59003.jpg,Upsilon,Υ,"[814, 1322, 57, 57]",3249,bt2,665
train_annotations,1276093,508,TM3681_P.Tebt.1.45.jpg,dataset/TM3681_P.Tebt.1.45.jpg,Eta,Η,"[1888, 3005, 31, 69]",2139,bt2,3681
train_annotations,1374461,440,TM242_BGU.3.997.jpg,dataset/TM242_BGU.3.997.jpg,Upsilon,Υ,"[380, 760, 52, 84]",4368,bt2,242
test_annotations,1355424,453,TM13542_P.Tebt.2.386_GreekOnly.jpg,dataset/TM13542_P.Tebt.2.386_GreekOnly.jpg,Pi,Π,"[1164, 311, 54, 49]",2646,bt2,13542
train_annotations,1416737,538,TM18592_BGU.4.1146.jpg,dataset/TM18592_BGU.4.1146.jpg,Chi,Χ,"[1217, 2084, 62, 85]",5270,bt2,18592
train_annotations,1282843,545,TM121853_P.Sorb.3.71.jpg,dataset/TM121853_P.Sorb.3.71.jpg,Omicron,Ο,"[431, 1799, 29, 31]",899,bt2,121853
train_annotations,1304425,552,TM3094_P.Dion.11.jpg,dataset/TM3094_P.Dion.11.jpg,Omega,Ω,"[1019, 1902, 53, 45]",2385,bt2,3094
train_annotations,1361959,449,TM5579_PSI.10.1098.jpg,dataset/TM5579_PSI.10.1098.jpg,Tau,Τ,"[1269, 1148, 47, 47]",2209,bt2,5579
train_annotations,1387226,454,TM58204_P.Dime.3.2_GreekOnly.jpg,dataset/TM58204_P.Dime.3.2_GreekOnly.jpg,Rho,Ρ,"[4443, 217, 53, 154]",8162,bt2,58204
train_annotations,1359806,476,TM290_P.Dryton.36_R.jpg,dataset/TM290_P.Dryton.36_R.jpg,Pi,Π,"[581, 692, 17, 17]",289,bt2,290
train_annotations,1387281,454,TM58204_P.Dime.3.2_GreekOnly.jpg,dataset/TM58204_P.Dime.3.2_GreekOnly.jpg,Eta,Η,"[5713, 190, 102, 72]",7344,bt2,58204
train_annotations,1343638,495,TM2801_SB.24.16162_GreekOnly.jpg,dataset/TM2801_SB.24.16162_GreekOnly.jpg,Theta,Θ,"[873, 397, 54, 79]",4266,bt2,2801
train_annotations,1396903,524,TM5836_P.Eleph.1.jpg,dataset/TM5836_P.Eleph.1.jpg,Upsilon,Υ,"[3532, 2293, 58, 96]",5568,bt2,5836
train_annotations,1361284,502,TM3432_UPZ.1.41.jpg,dataset/TM3432_UPZ.1.41.jpg,Rho,Ρ,"[469, 551, 11, 29]",319,bt2,3432
train_annotations,1343164,643,TM7411_W.Chr.449.jpg,dataset/TM7411_W.Chr.449.jpg,Epsilon,Ε,"[599, 260, 11, 17]",187,bt2,7411
train_annotations,1322216,505,TM3563_P.Tor.Choach.12.01.jpg,dataset/TM3563_P.Tor.Choach.12.01.jpg,Pi,Π,"[1278, 3062, 102, 82]",8364,bt2,3563
train_annotations,1373799,728,TM131_P.Batav.6_frag.B.jpg,dataset/TM131_P.Batav.6_frag.B.jpg,Phi,Φ,"[3574, 435, 125, 284]",35500,bt2,131
train_annotations,1358760,542,TM69805_BGU.18.2731.jpg,dataset/TM69805_BGU.18.2731.jpg,Beta,Β,"[1367, 5458, 62, 102]",6324,bt2,69805
train_annotations,1396830,524,TM5836_P.Eleph.1.jpg,dataset/TM5836_P.Eleph.1.jpg,Omega,Ω,"[4265, 2139, 60, 79]",4740,bt2,5836
train_annotations,1277944,510,TM3686_P.Tebt.1.50.jpg,dataset/TM3686_P.Tebt.1.50.jpg,Rho,Ρ,"[1704, 3000, 26, 60]",1560,bt2,3686
train_annotations,1305648,553,TM3097_P.Dion.14_R.jpg,dataset/TM3097_P.Dion.14_R.jpg,Nu,Ν,"[1048, 2529, 55, 49]",2695,bt2,3097
train_annotations,1300936,483,TM1011_P.Cair.Zen.3.59368.jpg,dataset/TM1011_P.Cair.Zen.3.59368.jpg,Xi,Ξ,"[1736, 1464, 70, 74]",5180,bt2,1011
train_annotations,1415752,420,TM5853_P.Eleph.20_R.jpg,dataset/TM5853_P.Eleph.20_R.jpg,Eta,Η,"[1162, 4279, 158, 154]",24332,bt2,5853
train_annotations,1291903,536,TM18560_BGU.4.1118.jpg,dataset/TM18560_BGU.4.1118.jpg,Pi,Π,"[1542, 1690, 47, 48]",2256,bt2,18560
train_annotations,1321362,425,TM18552_BGU.4.1111.jpg,dataset/TM18552_BGU.4.1111.jpg,Beta,Β,"[2070, 5192, 71, 142]",10082,bt2,18552
train_annotations,1341699,449,TM5579_PSI.10.1098.jpg,dataset/TM5579_PSI.10.1098.jpg,Lambda,Λ,"[1572, 2867, 47, 59]",2773,bt2,5579
train_annotations,1393471,504,TM3444_UPZ.1.53.jpg,dataset/TM3444_UPZ.1.53.jpg,Eta,Η,"[324, 327, 24, 18]",432,bt2,3444
train_annotations,1390238,423,TM18499_BGU.4.1055.jpg,dataset/TM18499_BGU.4.1055.jpg,Tau,Τ,"[651, 2424, 44, 50]",2200,bt2,18499
train_annotations,1338045,555,TM3099_P.Dion.16_R.jpg,dataset/TM3099_P.Dion.16_R.jpg,Rho,Ρ,"[1366, 3781, 33, 65]",2145,bt2,3099
test_annotations,1286538,469,TM250_P.Dryton.37.jpg,dataset/TM250_P.Dryton.37.jpg,Beta,Β,"[510, 1557, 16, 33]",528,bt2,250
train_annotations,1378765,503,TM3433_UPZ.1.42.jpg,dataset/TM3433_UPZ.1.42.jpg,Theta,Θ,"[1230, 128, 16, 24]",384,bt2,3433
train_annotations,1313707,446,TM3740_P.Tebt.1.104.jpg,dataset/TM3740_P.Tebt.1.104.jpg,Delta,Δ,"[568, 1298, 68, 53]",3604,bt2,3740
train_annotations,1364861,541,TM44722_P.Diosk.6.jpg,dataset/TM44722_P.Diosk.6.jpg,Gamma,Γ,"[1075, 544, 32, 40]",1280,bt2,44722
train_annotations,1338222,555,TM3099_P.Dion.16_R.jpg,dataset/TM3099_P.Dion.16_R.jpg,Delta,Δ,"[1192, 740, 48, 46]",2208,bt2,3099
train_annotations,1315447,500,TM3409_UPZ.1.18.jpg,dataset/TM3409_UPZ.1.18.jpg,Alpha,Α,"[289, 169, 18, 20]",360,bt2,3409
train_annotations,1291642,536,TM18560_BGU.4.1118.jpg,dataset/TM18560_BGU.4.1118.jpg,Beta,Β,"[1707, 2963, 42, 54]",2268,bt2,18560
test_annotations,1283740,532,TM8808_SB.24.16285.gif,dataset/TM8808_SB.24.16285.gif,Iota,Ι,"[443, 1481, 15, 40]",600,bt2,8808
test_annotations,1144154,442,TM56_BGU.3.994.jpg,dataset/TM56_BGU.3.994.jpg,Tau,Τ,"[3593, 555, 86, 82]",7052,bt2,56
train_annotations,1394683,424,TM18503_BGU.4.1058.jpg,dataset/TM18503_BGU.4.1058.jpg,Omega,Ω,"[2406, 2849, 159, 125]",19875,bt2,18503
train_annotations,1360671,497,TM2821_P.Hib.1.92.jpg,dataset/TM2821_P.Hib.1.92.jpg,Phi,Φ,"[679, 542, 15, 39]",585,bt2,2821
train_annotations,1339301,511,TM3689_P.Tebt.1.53.jpg,dataset/TM3689_P.Tebt.1.53.jpg,Phi,Φ,"[1620, 3710, 43, 110]",4730,bt2,3689
train_annotations,1283050,546,TM316242_P.Tarich.2.jpg,dataset/TM316242_P.Tarich.2.jpg,Phi,Φ,"[599, 4316, 137, 234]",32058,bt2,316242
train_annotations,1279205,441,TM128_BGU.3.1000.jpg,dataset/TM128_BGU.3.1000.jpg,Upsilon,Υ,"[1671, 1300, 123, 152]",18696,bt2,128
train_annotations,1306374,554,TM3098_P.Dion.15_R.jpg,dataset/TM3098_P.Dion.15_R.jpg,Lambda,Λ,"[839, 1937, 48, 46]",2208,bt2,3098
train_annotations,1283147,546,TM316242_P.Tarich.2.jpg,dataset/TM316242_P.Tarich.2.jpg,Omicron,Ο,"[986, 5515, 105, 103]",10815,bt2,316242
train_annotations,1317113,514,TM4344_SB.12.11061_frag.Hamburg.jpg,dataset/TM4344_SB.12.11061_frag.Hamburg.jpg,Phi,Φ,"[2731, 1753, 57, 139]",7923,bt2,4344
train_annotations,1320679,423,TM18499_BGU.4.1055.jpg,dataset/TM18499_BGU.4.1055.jpg,Iota,Ι,"[1216, 1350, 23, 58]",1334,bt2,18499
train_annotations,1415356,524,TM5836_P.Eleph.1.jpg,dataset/TM5836_P.Eleph.1.jpg,Omicron,Ο,"[4090, 4587, 38, 68]",2584,bt2,5836
train_annotations,1278095,510,TM3686_P.Tebt.1.50.jpg,dataset/TM3686_P.Tebt.1.50.jpg,Tau,Τ,"[1660, 3366, 40, 52]",2080,bt2,3686
train_annotations,1290573,470,TM253_P.Dryton.33_frag.Heid.jpg,dataset/TM253_P.Dryton.33_frag.Heid.jpg,Eta,Η,"[506, 1168, 35, 50]",1750,bt2,253
train_annotations,1287423,468,TM243_BGU.3.998.jpg,dataset/TM243_BGU.3.998.jpg,Alpha,Α,"[1076, 954, 61, 59]",3599,bt2,243
train_annotations,1309086,515,TM4900_BGU.8.1821.jpg,dataset/TM4900_BGU.8.1821.jpg,Sigma,Σ,"[865, 5428, 97, 124]",12028,bt2,4900
train_annotations,1301456,435,TM1527_P.Lond.7.1964_R.jpg,dataset/TM1527_P.Lond.7.1964_R.jpg,Gamma,Γ,"[397, 1061, 27, 35]",945,bt2,1527
test_annotations,1288793,442,TM56_BGU.3.994.jpg,dataset/TM56_BGU.3.994.jpg,Omicron,Ο,"[7662, 593, 65, 98]",6370,bt2,56
train_annotations,1324244,426,TM44617_P.Polit.Iud.1.jpg,dataset/TM44617_P.Polit.Iud.1.jpg,Nu,Ν,"[666, 797, 23, 52]",1196,bt2,44617
test_annotations,1377908,485,TM1137_P.Cair.Zen.3.59499_V.jpg,dataset/TM1137_P.Cair.Zen.3.59499_V.jpg,Upsilon,Υ,"[4027, 544, 47, 80]",3760,bt2,1137
train_annotations,1388285,541,TM44722_P.Diosk.6.jpg,dataset/TM44722_P.Diosk.6.jpg,Omega,Ω,"[1157, 1851, 71, 42]",2982,bt2,44722
train_annotations,1288069,468,TM243_BGU.3.998.jpg,dataset/TM243_BGU.3.998.jpg,Pi,Π,"[1818, 2460, 87, 73]",6351,bt2,243
train_annotations,1302365,487,TM1568_P.Lond.7.2006_R.jpg,dataset/TM1568_P.Lond.7.2006_R.jpg,Lambda,Λ,"[318, 856, 27, 25]",675,bt2,1568
train_annotations,1322253,445,TM3745_P.Tebt.1.109.jpg,dataset/TM3745_P.Tebt.1.109.jpg,Upsilon,Υ,"[823, 1267, 38, 53]",2014,bt2,3745
test_annotations,1391799,489,TM1579_P.Lond.7.2017.jpg,dataset/TM1579_P.Lond.7.2017.jpg,Omicron,Ο,"[378, 532, 9, 12]",108,bt2,1579
train_annotations,1360482,497,TM2821_P.Hib.1.92.jpg,dataset/TM2821_P.Hib.1.92.jpg,Rho,Ρ,"[541, 336, 13, 30]",390,bt2,2821
train_annotations,1318555,420,TM5853_P.Eleph.20_R.jpg,dataset/TM5853_P.Eleph.20_R.jpg,Eta,Η,"[1341, 2969, 140, 134]",18760,bt2,5853
train_annotations,1360632,497,TM2821_P.Hib.1.92.jpg,dataset/TM2821_P.Hib.1.92.jpg,Gamma,Γ,"[729, 469, 17, 22]",374,bt2,2821
train_annotations,1387956,541,TM44722_P.Diosk.6.jpg,dataset/TM44722_P.Diosk.6.jpg,Mu,Μ,"[756, 1419, 58, 40]",2320,bt2,44722
train_annotations,1149902,427,TM44623_P.Polit.Iud.7_R.jpg,dataset/TM44623_P.Polit.Iud.7_R.jpg,Delta,Δ,"[158, 305, 24, 31]",744,bt2,44623
train_annotations,1342853,644,TM5853_P.Eleph.20_V.jpg,dataset/TM5853_P.Eleph.20_V.jpg,Eta,Η,"[1217, 2244, 129, 80]",10320,bt2,5853
train_annotations,1395930,450,TM5255_P.Oxy.14.1629.jpg,dataset/TM5255_P.Oxy.14.1629.jpg,Omega,Ω,"[455, 568, 23, 20]",460,bt2,5255
train_annotations,1297250,553,TM3097_P.Dion.14_R.jpg,dataset/TM3097_P.Dion.14_R.jpg,Omega,Ω,"[2043, 1600, 57, 35]",1995,bt2,3097
train_annotations,1386060,548,TM316254_P.Tarich.11.jpg,dataset/TM316254_P.Tarich.11.jpg,Gamma,Γ,"[157, 336, 16, 20]",320,bt2,316254
train_annotations,1302922,488,TM1575_P.Lond.7.2013_R.jpg,dataset/TM1575_P.Lond.7.2013_R.jpg,Nu,Ν,"[575, 487, 29, 30]",870,bt2,1575
train_annotations,1358598,542,TM69805_BGU.18.2731.jpg,dataset/TM69805_BGU.18.2731.jpg,Pi,Π,"[2548, 4138, 112, 83]",9296,bt2,69805
train_annotations,1341931,646,TM5850_P.Eleph.17_V.jpg,dataset/TM5850_P.Eleph.17_V.jpg,Kappa,Κ,"[877, 2071, 165, 172]",28380,bt2,5850
train_annotations,1290006,470,TM253_P.Dryton.33_frag.Heid.jpg,dataset/TM253_P.Dryton.33_frag.Heid.jpg,Nu,Ν,"[296, 505, 39, 37]",1443,bt2,253
train_annotations,1251426,517,TM4927_BGU.8.1848.jpg,dataset/TM4927_BGU.8.1848.jpg,Nu,Ν,"[901, 2424, 87, 109]",9483,bt2,4927
train_annotations,1363782,449,TM5579_PSI.10.1098.jpg,dataset/TM5579_PSI.10.1098.jpg,Nu,Ν,"[1220, 1739, 57, 47]",2679,bt2,5579
train_annotations,1362914,449,TM5579_PSI.10.1098.jpg,dataset/TM5579_PSI.10.1098.jpg,Tau,Τ,"[2408, 1658, 50, 55]",2750,bt2,5579
train_annotations,1415862,421,TM11315_P.Grenf.1.45.jpg,dataset/TM11315_P.Grenf.1.45.jpg,Omega,Ω,"[426, 777, 33, 30]",990,bt2,11315
train_annotations,120184,474,TM283_P.Dryton.40.jpg,dataset/TM283_P.Dryton.40.jpg,Sigma,Σ,"[781.4003319283197, 552.5909842839919, 27.018881222960204, 51.15004927896854]",,bt2,283
test_annotations,1288556,442,TM56_BGU.3.994.jpg,dataset/TM56_BGU.3.994.jpg,Omega,Ω,"[5698, 1620, 106, 100]",10600,bt2,56
train_annotations,1363710,449,TM5579_PSI.10.1098.jpg,dataset/TM5579_PSI.10.1098.jpg,Omicron,Ο,"[1129, 2668, 30, 34]",1020,bt2,5579
test_annotations,1283758,532,TM8808_SB.24.16285.gif,dataset/TM8808_SB.24.16285.gif,Nu,Ν,"[485, 1532, 40, 38]",1520,bt2,8808
train_annotations,1261647,416,TM3676_P.Tebt.1.40.jpg,dataset/TM3676_P.Tebt.1.40.jpg,Xi,Ξ,"[1127, 2610, 46, 60]",2760,bt2,3676
train_annotations,1301155,434,TM1526_P.Lond.7.1963.jpg,dataset/TM1526_P.Lond.7.1963.jpg,Xi,Ξ,"[449, 867, 22, 25]",550,bt2,1526
train_annotations,1410801,505,TM3563_P.Tor.Choach.12.01.jpg,dataset/TM3563_P.Tor.Choach.12.01.jpg,Omicron,Ο,"[2588, 3328, 60, 78]",4680,bt2,3563
train_annotations,1391083,433,TM1516_P.Lond.7.1953_R.jpg,dataset/TM1516_P.Lond.7.1953_R.jpg,Lambda,Λ,"[335, 1611, 32, 28]",896,bt2,1516
train_annotations,1284440,440,TM242_BGU.3.997.jpg,dataset/TM242_BGU.3.997.jpg,Iota,Ι,"[5523, 1799, 53, 128]",6784,bt2,242
train_annotations,1390300,423,TM18499_BGU.4.1055.jpg,dataset/TM18499_BGU.4.1055.jpg,Omicron,Ο,"[902, 2593, 45, 41]",1845,bt2,18499
train_annotations,1254625,550,TM977098_P.Koeln.Sarapion.1.jpg,dataset/TM977098_P.Koeln.Sarapion.1.jpg,Pi,Π,"[628, 1518, 167, 133]",22211,bt2,977098
train_annotations,1386359,548,TM316254_P.Tarich.11.jpg,dataset/TM316254_P.Tarich.11.jpg,Phi,Φ,"[273, 834, 11, 28]",308,bt2,316254
train_annotations,1346439,685,TM1803_P.Col.4.90_lower.jpg,dataset/TM1803_P.Col.4.90_lower.jpg,Mu,Μ,"[1998, 1270, 37, 34]",1258,bt2,1803
train_annotations,1297501,555,TM3099_P.Dion.16_R.jpg,dataset/TM3099_P.Dion.16_R.jpg,Lambda,Λ,"[1245, 1589, 24, 34]",816,bt2,3099
train_annotations,1309183,555,TM3099_P.Dion.16_R.jpg,dataset/TM3099_P.Dion.16_R.jpg,Epsilon,Ε,"[1725, 1758, 30, 41]",1230,bt2,3099
train_annotations,1158657,472,TM257_P.Dryton.19_R.jpg,dataset/TM257_P.Dryton.19_R.jpg,Phi,Φ,"[194, 222, 24, 55]",1320,bt2,257
train_annotations,1287745,468,TM243_BGU.3.998.jpg,dataset/TM243_BGU.3.998.jpg,Upsilon,Υ,"[1222, 1697, 78, 91]",7098,bt2,243
train_annotations,1283254,546,TM316242_P.Tarich.2.jpg,dataset/TM316242_P.Tarich.2.jpg,Phi,Φ,"[1589, 1296, 69, 239]",16491,bt2,316242
train_annotations,1254804,467,TM215_P.Dryton.25_R.jpg,dataset/TM215_P.Dryton.25_R.jpg,Rho,Ρ,"[649, 486, 18, 37]",666,bt2,215
train_annotations,1382613,446,TM3740_P.Tebt.1.104.jpg,dataset/TM3740_P.Tebt.1.104.jpg,Alpha,Α,"[1535, 1584, 44, 43]",1892,bt2,3740
train_annotations,1324364,426,TM44617_P.Polit.Iud.1.jpg,dataset/TM44617_P.Polit.Iud.1.jpg,Kappa,Κ,"[333, 1696, 45, 91]",4095,bt2,44617
train_annotations,1262192,549,TM703255_P.Vindob.inv.G.56637.jpg,dataset/TM703255_P.Vindob.inv.G.56637.jpg,Eta,Η,"[2627.8366111951586, 2671.748102053516, 119.51588502269288, 142.21082762912258]",7426,bt2,703255
train_annotations,1379650,525,TM5837_P.Eleph.2.jpg,dataset/TM5837_P.Eleph.2.jpg,Iota,Ι,"[1744, 2193, 42, 80]",3360,bt2,5837
train_annotations,1301395,435,TM1527_P.Lond.7.1964_R.jpg,dataset/TM1527_P.Lond.7.1964_R.jpg,Omega,Ω,"[521, 722, 34, 29]",986,bt2,1527
train_annotations,1378789,503,TM3433_UPZ.1.42.jpg,dataset/TM3433_UPZ.1.42.jpg,Pi,Π,"[1179, 154, 30, 22]",660,bt2,3433
test_annotations,1381825,501,TM3415_UPZ.1.24.jpg,dataset/TM3415_UPZ.1.24.jpg,Kappa,Κ,"[308, 766, 17, 17]",289,bt2,3415
train_annotations,1316349,530,TM8337_P.Mich.3.173.jpg,dataset/TM8337_P.Mich.3.173.jpg,Chi,Χ,"[2388, 4950, 99, 102]",10098,bt2,8337
test_annotations,1392467,489,TM1579_P.Lond.7.2017.jpg,dataset/TM1579_P.Lond.7.2017.jpg,Delta,Δ,"[871, 792, 10, 15]",150,bt2,1579
train_annotations,1379562,525,TM5837_P.Eleph.2.jpg,dataset/TM5837_P.Eleph.2.jpg,Iota,Ι,"[4533, 1845, 28, 82]",2296,bt2,5837
train_annotations,1416146,534,TM17894_P.Wash.Univ.2.77_frag.Wash.jpg,dataset/TM17894_P.Wash.Univ.2.77_frag.Wash.jpg,Delta,Δ,"[192, 638, 30, 31]",930,bt2,17894
train_annotations,1302493,487,TM1568_P.Lond.7.2006_R.jpg,dataset/TM1568_P.Lond.7.2006_R.jpg,Upsilon,Υ,"[496, 1015, 23, 25]",575,bt2,1568
train_annotations,1425264,524,TM5836_P.Eleph.1.jpg,dataset/TM5836_P.Eleph.1.jpg,Kappa,Κ,"[2945, 4761, 50, 101]",5050,bt2,5836
test_annotations,1288620,442,TM56_BGU.3.994.jpg,dataset/TM56_BGU.3.994.jpg,Omega,Ω,"[6441, 1771, 119, 110]",13090,bt2,56
test_annotations,1381545,501,TM3415_UPZ.1.24.jpg,dataset/TM3415_UPZ.1.24.jpg,Kappa,Κ,"[797, 423, 12, 28]",336,bt2,3415
train_annotations,1294903,466,TM144_BGU.3.992.jpg,dataset/TM144_BGU.3.992.jpg,Omicron,Ο,"[9211, 462, 53, 45]",2385,bt2,144
train_annotations,1280572,478,TM818_P.Cair.Zen.2.59172.jpg,dataset/TM818_P.Cair.Zen.2.59172.jpg,Psi,Ψ,"[1181, 4206, 55, 129]",7095,bt2,818
test_annotations,1355597,453,TM13542_P.Tebt.2.386_GreekOnly.jpg,dataset/TM13542_P.Tebt.2.386_GreekOnly.jpg,Sigma,Σ,"[1670, 768, 35, 52]",1820,bt2,13542
test_annotations,1149550,422,TM18497_BGU.4.1053.jpg,dataset/TM18497_BGU.4.1053.jpg,Iota,Ι,"[2265, 799, 18, 56]",1008,bt2,18497
train_annotations,1319779,535,TM17894_P.Wash.Univ.2.77_frag.Vienna.jpg,dataset/TM17894_P.Wash.Univ.2.77_frag.Vienna.jpg,Phi,Φ,"[2027, 1316, 200, 453]",90600,bt2,17894
train_annotations,1303823,551,TM3093_P.Dion.10.jpg,dataset/TM3093_P.Dion.10.jpg,Upsilon,Υ,"[1429, 1936, 45, 69]",3105,bt2,3093
train_annotations,1343237,529,TM7883_P.Sijp.45.jpg,dataset/TM7883_P.Sijp.45.jpg,Epsilon,Ε,"[2259, 1031, 91, 129]",11739,bt2,7883
test_annotations,1391796,489,TM1579_P.Lond.7.2017.jpg,dataset/TM1579_P.Lond.7.2017.jpg,Iota,Ι,"[337, 531, 8, 15]",120,bt2,1579
train_annotations,1275946,508,TM3681_P.Tebt.1.45.jpg,dataset/TM3681_P.Tebt.1.45.jpg,Pi,Π,"[1707, 2597, 64, 41]",2624,bt2,3681
train_annotations,1318787,531,TM8771_P.Mich.18.777.jpg,dataset/TM8771_P.Mich.18.777.jpg,Beta,Β,"[882, 372, 34, 53]",1802,bt2,8771
train_annotations,1307978,516,TM4907_BGU.8.1828.jpg,dataset/TM4907_BGU.8.1828.jpg,Tau,Τ,"[2416, 3121, 82, 101]",8282,bt2,4907
train_annotations,1280635,544,TM121852_P.Sorb.3.70.jpg,dataset/TM121852_P.Sorb.3.70.jpg,Sigma,Σ,"[492, 158, 29, 39]",1131,bt2,121852
test_annotations,1297677,557,TM3286_P.Enteux.9.jpg,dataset/TM3286_P.Enteux.9.jpg,Tau,Τ,"[655, 523, 56, 59]",3304,bt2,3286
train_annotations,1414745,524,TM5836_P.Eleph.1.jpg,dataset/TM5836_P.Eleph.1.jpg,Pi,Π,"[1325, 3862, 72, 72]",5184,bt2,5836
train_annotations,1353395,694,TM4820_BGU.8.1738.P.Bingen.53_frag.A.jpg,dataset/TM4820_BGU.8.1738.P.Bingen.53_frag.A.jpg,Delta,Δ,"[2844, 5245, 120, 105]",12600,bt2,4820
train_annotations,1340417,445,TM3745_P.Tebt.1.109.jpg,dataset/TM3745_P.Tebt.1.109.jpg,Theta,Θ,"[1229, 868, 56, 54]",3024,bt2,3745
test_annotations,1355583,453,TM13542_P.Tebt.2.386_GreekOnly.jpg,dataset/TM13542_P.Tebt.2.386_GreekOnly.jpg,Epsilon,Ε,"[1106, 712, 43, 43]",1849,bt2,13542
train_annotations,1404600,525,TM5837_P.Eleph.2.jpg,dataset/TM5837_P.Eleph.2.jpg,Phi,Φ,"[2527, 3315, 59, 138]",8142,bt2,5837
train_annotations,1363917,420,TM5853_P.Eleph.20_R.jpg,dataset/TM5853_P.Eleph.20_R.jpg,Delta,Δ,"[778, 7691, 148, 134]",19832,bt2,5853
train_annotations,1251295,511,TM3689_P.Tebt.1.53.jpg,dataset/TM3689_P.Tebt.1.53.jpg,Omega,Ω,"[1998, 966, 65, 49]",3185,bt2,3689
train_annotations,1359684,476,TM290_P.Dryton.36_R.jpg,dataset/TM290_P.Dryton.36_R.jpg,Mu,Μ,"[637, 554, 23, 17]",391,bt2,290
train_annotations,1261047,503,TM3433_UPZ.1.42.jpg,dataset/TM3433_UPZ.1.42.jpg,Omega,Ω,"[434, 441, 21, 22]",462,bt2,3433
train_annotations,1338072,555,TM3099_P.Dion.16_R.jpg,dataset/TM3099_P.Dion.16_R.jpg,Rho,Ρ,"[1351, 3920, 26, 64]",1664,bt2,3099
train_annotations,1405226,525,TM5837_P.Eleph.2.jpg,dataset/TM5837_P.Eleph.2.jpg,Lambda,Λ,"[3396, 4185, 63, 74]",4662,bt2,5837
train_annotations,1262115,549,TM703255_P.Vindob.inv.G.56637.jpg,dataset/TM703255_P.Vindob.inv.G.56637.jpg,Nu,Ν,"[3577.912254160363, 1712.5814561294337, 140.69591527987896, 213.31624144368388]",13113,bt2,703255
train_annotations,1373112,728,TM131_P.Batav.6_frag.B.jpg,dataset/TM131_P.Batav.6_frag.B.jpg,Alpha,Α,"[6807, 1082, 87, 74]",6438,bt2,131
train_annotations,1317756,430,TM1803_P.Col.4.90_upper.jpg,dataset/TM1803_P.Col.4.90_upper.jpg,Sigma,Σ,"[1964, 897, 34, 40]",1360,bt2,1803
train_annotations,1352476,694,TM4820_BGU.8.1738.P.Bingen.53_frag.A.jpg,dataset/TM4820_BGU.8.1738.P.Bingen.53_frag.A.jpg,Mu,Μ,"[1841, 882, 121, 109]",13189,bt2,4820
test_annotations,1391596,489,TM1579_P.Lond.7.2017.jpg,dataset/TM1579_P.Lond.7.2017.jpg,Epsilon,Ε,"[819, 420, 11, 19]",209,bt2,1579
train_annotations,1392732,499,TM3403_UPZ.1.12.jpg,dataset/TM3403_UPZ.1.12.jpg,Delta,Δ,"[259, 190, 15, 14]",210,bt2,3403
test_annotations,1144131,442,TM56_BGU.3.994.jpg,dataset/TM56_BGU.3.994.jpg,Tau,Τ,"[1894, 578, 101, 108]",10908,bt2,56
train_annotations,1411176,505,TM3563_P.Tor.Choach.12.01.jpg,dataset/TM3563_P.Tor.Choach.12.01.jpg,Gamma,Γ,"[514, 4413, 51, 68]",3468,bt2,3563
train_annotations,184060,715,TM665_P.Cair.Zen.1.59003.jpg,dataset/TM665_P.Cair.Zen.1.59003.jpg,Tau,Τ,"[2236, 2834, 44, 63]",2772,bt2,665
train_annotations,1354384,432,TM1511_P.Lond.7.1948_R.jpg,dataset/TM1511_P.Lond.7.1948_R.jpg,Iota,Ι,"[442, 389, 8, 17]",136,bt2,1511
train_annotations,1282904,545,TM121853_P.Sorb.3.71.jpg,dataset/TM121853_P.Sorb.3.71.jpg,Lambda,Λ,"[1283, 589, 32, 44]",1408,bt2,121853
train_annotations,1281581,545,TM121853_P.Sorb.3.71.jpg,dataset/TM121853_P.Sorb.3.71.jpg,Iota,Ι,"[968, 282, 26, 51]",1326,bt2,121853
train_annotations,1388566,541,TM44722_P.Diosk.6.jpg,dataset/TM44722_P.Diosk.6.jpg,Delta,Δ,"[1384, 2203, 39, 46]",1794,bt2,44722
train_annotations,1149890,427,TM44623_P.Polit.Iud.7_R.jpg,dataset/TM44623_P.Polit.Iud.7_R.jpg,Theta,Θ,"[494, 245, 22, 31]",682,bt2,44623
train_annotations,1405455,525,TM5837_P.Eleph.2.jpg,dataset/TM5837_P.Eleph.2.jpg,Kappa,Κ,"[3654, 4536, 62, 130]",8060,bt2,5837
train_annotations,1316014,506,TM3593_P.Tor.Choach.4.jpg,dataset/TM3593_P.Tor.Choach.4.jpg,Mu,Μ,"[2145, 3364, 84, 57]",4788,bt2,3593
train_annotations,1380230,491,TM2089_PSI.4.406.jpg,dataset/TM2089_PSI.4.406.jpg,Epsilon,Ε,"[434, 304, 13, 18]",234,bt2,2089
train_annotations,1411387,505,TM3563_P.Tor.Choach.12.01.jpg,dataset/TM3563_P.Tor.Choach.12.01.jpg,Iota,Ι,"[2418, 4694, 41, 63]",2583,bt2,3563
train_annotations,1285279,443,TM131_P.Batav.6_frag.A.jpg,dataset/TM131_P.Batav.6_frag.A.jpg,Theta,Θ,"[3168, 1372, 101, 107]",10807,bt2,131
train_annotations,1341698,449,TM5579_PSI.10.1098.jpg,dataset/TM5579_PSI.10.1098.jpg,Kappa,Κ,"[1527, 2861, 63, 67]",4221,bt2,5579
test_annotations,1293012,442,TM56_BGU.3.994.jpg,dataset/TM56_BGU.3.994.jpg,Rho,Ρ,"[7877, 1873, 105, 146]",15330,bt2,56
train_annotations,1390776,514,TM4344_SB.12.11061_frag.Hamburg.jpg,dataset/TM4344_SB.12.11061_frag.Hamburg.jpg,Beta,Β,"[4379, 2463, 55, 104]",5720,bt2,4344
train_annotations,1322244,445,TM3745_P.Tebt.1.109.jpg,dataset/TM3745_P.Tebt.1.109.jpg,Beta,Β,"[662, 1191, 63, 92]",5796,bt2,3745
train_annotations,1386123,548,TM316254_P.Tarich.11.jpg,dataset/TM316254_P.Tarich.11.jpg,Omicron,Ο,"[338, 407, 9, 10]",90,bt2,316254
train_annotations,1277120,510,TM3686_P.Tebt.1.50.jpg,dataset/TM3686_P.Tebt.1.50.jpg,Upsilon,Υ,"[1732, 1267, 44, 43]",1892,bt2,3686
train_annotations,1360354,491,TM2089_PSI.4.406.jpg,dataset/TM2089_PSI.4.406.jpg,Gamma,Γ,"[235, 604, 14, 16]",224,bt2,2089
test_annotations,1390038,422,TM18497_BGU.4.1053.jpg,dataset/TM18497_BGU.4.1053.jpg,Omega,Ω,"[908, 3531, 74, 45]",3330,bt2,18497
train_annotations,1370938,709,TM253_P.Dryton.33_frag.London.jpg,dataset/TM253_P.Dryton.33_frag.London.jpg,Lambda,Λ,"[710, 863, 13, 18]",234,bt2,253
test_annotations,1377756,485,TM1137_P.Cair.Zen.3.59499_V.jpg,dataset/TM1137_P.Cair.Zen.3.59499_V.jpg,Kappa,Κ,"[2006, 1527, 48, 67]",3216,bt2,1137
train_annotations,1277140,510,TM3686_P.Tebt.1.50.jpg,dataset/TM3686_P.Tebt.1.50.jpg,Omicron,Ο,"[1295, 1345, 21, 26]",546,bt2,3686
train_annotations,1321575,496,TM2818_P.Hib.1.85.jpg,dataset/TM2818_P.Hib.1.85.jpg,Rho,Ρ,"[712, 1407, 16, 32]",512,bt2,2818
train_annotations,1405311,525,TM5837_P.Eleph.2.jpg,dataset/TM5837_P.Eleph.2.jpg,Tau,Τ,"[3645, 4316, 99, 105]",10395,bt2,5837
train_annotations,1311944,517,TM4927_BGU.8.1848.jpg,dataset/TM4927_BGU.8.1848.jpg,Alpha,Α,"[543, 5146, 71, 90]",6390,bt2,4927
train_annotations,1283182,546,TM316242_P.Tarich.2.jpg,dataset/TM316242_P.Tarich.2.jpg,Iota,Ι,"[1484, 5786, 57, 187]",10659,bt2,316242
train_annotations,1281214,552,TM3094_P.Dion.11.jpg,dataset/TM3094_P.Dion.11.jpg,Omega,Ω,"[1669, 878, 56, 47]",2632,bt2,3094
train_annotations,1382533,446,TM3740_P.Tebt.1.104.jpg,dataset/TM3740_P.Tebt.1.104.jpg,Nu,Ν,"[2267, 1113, 71, 53]",3763,bt2,3740
train_annotations,1291017,449,TM5579_PSI.10.1098.jpg,dataset/TM5579_PSI.10.1098.jpg,Sigma,Σ,"[2358, 746, 31, 35]",1085,bt2,5579
train_annotations,1301174,434,TM1526_P.Lond.7.1963.jpg,dataset/TM1526_P.Lond.7.1963.jpg,Nu,Ν,"[366, 1255, 21, 35]",735,bt2,1526
train_annotations,1343759,495,TM2801_SB.24.16162_GreekOnly.jpg,dataset/TM2801_SB.24.16162_GreekOnly.jpg,Sigma,Σ,"[2902, 663, 92, 100]",9200,bt2,2801
train_annotations,1282857,545,TM121853_P.Sorb.3.71.jpg,dataset/TM121853_P.Sorb.3.71.jpg,Chi,Χ,"[969, 1780, 52, 51]",2652,bt2,121853
train_annotations,1411071,505,TM3563_P.Tor.Choach.12.01.jpg,dataset/TM3563_P.Tor.Choach.12.01.jpg,Sigma,Σ,"[606, 4152, 69, 87]",6003,bt2,3563
train_annotations,1280690,544,TM121852_P.Sorb.3.70.jpg,dataset/TM121852_P.Sorb.3.70.jpg,Theta,Θ,"[635, 387, 28, 44]",1232,bt2,121852
train_annotations,1373965,728,TM131_P.Batav.6_frag.B.jpg,dataset/TM131_P.Batav.6_frag.B.jpg,Eta,Η,"[3364, 1194, 119, 129]",15351,bt2,131
test_annotations,1392469,489,TM1579_P.Lond.7.2017.jpg,dataset/TM1579_P.Lond.7.2017.jpg,Upsilon,Υ,"[888, 793, 11, 17]",187,bt2,1579
train_annotations,1280928,433,TM1516_P.Lond.7.1953_R.jpg,dataset/TM1516_P.Lond.7.1953_R.jpg,Nu,Ν,"[401, 445, 27, 29]",783,bt2,1516
train_annotations,1388060,541,TM44722_P.Diosk.6.jpg,dataset/TM44722_P.Diosk.6.jpg,Tau,Τ,"[1293, 1528, 29, 46]",1334,bt2,44722
train_annotations,1387697,454,TM58204_P.Dime.3.2_GreekOnly.jpg,dataset/TM58204_P.Dime.3.2_GreekOnly.jpg,Sigma,Σ,"[3725, 1526, 56, 101]",5656,bt2,58204
train_annotations,1261165,503,TM3433_UPZ.1.42.jpg,dataset/TM3433_UPZ.1.42.jpg,Eta,Η,"[842, 495, 22, 27]",594,bt2,3433
train_annotations,1301286,434,TM1526_P.Lond.7.1963.jpg,dataset/TM1526_P.Lond.7.1963.jpg,Omega,Ω,"[375, 1614, 52, 32]",1664,bt2,1526
train_annotations,1144686,440,TM242_BGU.3.997.jpg,dataset/TM242_BGU.3.997.jpg,Mu,Μ,"[3880, 1266, 124, 95]",11780,bt2,242
train_annotations,1302451,487,TM1568_P.Lond.7.2006_R.jpg,dataset/TM1568_P.Lond.7.2006_R.jpg,Psi,Ψ,"[259, 987, 23, 32]",736,bt2,1568
train_annotations,1388161,541,TM44722_P.Diosk.6.jpg,dataset/TM44722_P.Diosk.6.jpg,Eta,Η,"[1577, 1639, 54, 51]",2754,bt2,44722
train_annotations,183792,715,TM665_P.Cair.Zen.1.59003.jpg,dataset/TM665_P.Cair.Zen.1.59003.jpg,Beta,Β,"[1581, 2763, 42, 83]",3486,bt2,665
train_annotations,1316317,530,TM8337_P.Mich.3.173.jpg,dataset/TM8337_P.Mich.3.173.jpg,Pi,Π,"[1345, 4641, 150, 96]",14400,bt2,8337
train_annotations,1386320,548,TM316254_P.Tarich.11.jpg,dataset/TM316254_P.Tarich.11.jpg,Kappa,Κ,"[200, 766, 13, 20]",260,bt2,316254
train_annotations,1421003,554,TM3098_P.Dion.15_R.jpg,dataset/TM3098_P.Dion.15_R.jpg,Sigma,Σ,"[663, 645, 53, 51]",2703,bt2,3098
train_annotations,1311787,517,TM4927_BGU.8.1848.jpg,dataset/TM4927_BGU.8.1848.jpg,Xi,Ξ,"[2403, 3589, 81, 150]",12150,bt2,4927
train_annotations,1416018,534,TM17894_P.Wash.Univ.2.77_frag.Wash.jpg,dataset/TM17894_P.Wash.Univ.2.77_frag.Wash.jpg,Lambda,Λ,"[303, 420, 24, 26]",624,bt2,17894
test_annotations,1288440,442,TM56_BGU.3.994.jpg,dataset/TM56_BGU.3.994.jpg,Epsilon,Ε,"[5346, 1325, 90, 107]",9630,bt2,56
train_annotations,1319766,535,TM17894_P.Wash.Univ.2.77_frag.Vienna.jpg,dataset/TM17894_P.Wash.Univ.2.77_frag.Vienna.jpg,Gamma,Γ,"[3068, 1141, 158, 207]",32706,bt2,17894
train_annotations,1373099,728,TM131_P.Batav.6_frag.B.jpg,dataset/TM131_P.Batav.6_frag.B.jpg,Tau,Τ,"[5388, 1075, 157, 132]",20724,bt2,131
train_annotations,1324039,460,TM23306_BGU.16.2583.jpg,dataset/TM23306_BGU.16.2583.jpg,Alpha,Α,"[2246, 2892, 88, 115]",10120,bt2,23306
train_annotations,1386520,459,TM749316_GRBS.55.649.jpg,dataset/TM749316_GRBS.55.649.jpg,Epsilon,Ε,"[2622, 2247, 67, 108]",7236,bt2,749316
train_annotations,1307016,554,TM3098_P.Dion.15_R.jpg,dataset/TM3098_P.Dion.15_R.jpg,Mu,Μ,"[1889, 2812, 47, 48]",2256,bt2,3098
train_annotations,1283112,546,TM316242_P.Tarich.2.jpg,dataset/TM316242_P.Tarich.2.jpg,Theta,Θ,"[1861, 5017, 111, 128]",14208,bt2,316242
train_annotations,1339075,416,TM3676_P.Tebt.1.40.jpg,dataset/TM3676_P.Tebt.1.40.jpg,Kappa,Κ,"[1562, 3172, 58, 49]",2842,bt2,3676
train_annotations,1277429,510,TM3686_P.Tebt.1.50.jpg,dataset/TM3686_P.Tebt.1.50.jpg,Mu,Μ,"[1210, 1936, 58, 33]",1914,bt2,3686
train_annotations,1323202,529,TM7883_P.Sijp.45.jpg,dataset/TM7883_P.Sijp.45.jpg,Upsilon,Υ,"[2961, 1227, 84, 142]",11928,bt2,7883
train_annotations,1281835,511,TM3689_P.Tebt.1.53.jpg,dataset/TM3689_P.Tebt.1.53.jpg,Omega,Ω,"[1919, 1098, 53, 48]",2544,bt2,3689
train_annotations,1284736,440,TM242_BGU.3.997.jpg,dataset/TM242_BGU.3.997.jpg,Theta,Θ,"[4035, 2431, 70, 128]",8960,bt2,242
train_annotations,1390737,514,TM4344_SB.12.11061_frag.Hamburg.jpg,dataset/TM4344_SB.12.11061_frag.Hamburg.jpg,Gamma,Γ,"[3885, 2420, 72, 55]",3960,bt2,4344
train_annotations,1364303,529,TM7883_P.Sijp.45.jpg,dataset/TM7883_P.Sijp.45.jpg,Phi,Φ,"[5619, 308, 68, 171]",11628,bt2,7883
train_annotations,1311985,517,TM4927_BGU.8.1848.jpg,dataset/TM4927_BGU.8.1848.jpg,Alpha,Α,"[1619, 5417, 73, 97]",7081,bt2,4927
train_annotations,1374160,728,TM131_P.Batav.6_frag.B.jpg,dataset/TM131_P.Batav.6_frag.B.jpg,Sigma,Σ,"[1784, 1962, 84, 106]",8904,bt2,131
train_annotations,1393992,504,TM3444_UPZ.1.53.jpg,dataset/TM3444_UPZ.1.53.jpg,Omega,Ω,"[347, 935, 17, 19]",323,bt2,3444
train_annotations,1394361,515,TM4900_BGU.8.1821.jpg,dataset/TM4900_BGU.8.1821.jpg,Delta,Δ,"[1623, 5530, 105, 85]",8925,bt2,4900
train_annotations,1317733,430,TM1803_P.Col.4.90_upper.jpg,dataset/TM1803_P.Col.4.90_upper.jpg,Mu,Μ,"[2371, 753, 40, 38]",1520,bt2,1803
train_annotations,1312912,542,TM69805_BGU.18.2731.jpg,dataset/TM69805_BGU.18.2731.jpg,Epsilon,Ε,"[2300, 2187, 70, 114]",7980,bt2,69805
train_annotations,1364337,529,TM7883_P.Sijp.45.jpg,dataset/TM7883_P.Sijp.45.jpg,Sigma,Σ,"[4264, 713, 81, 95]",7695,bt2,7883
train_annotations,1256026,490,TM1945_P.Mich.1.45.jpg,dataset/TM1945_P.Mich.1.45.jpg,Omicron,Ο,"[1046, 2145, 50, 54]",2700,bt2,1945
train_annotations,1291957,536,TM18560_BGU.4.1118.jpg,dataset/TM18560_BGU.4.1118.jpg,Lambda,Λ,"[891, 1494, 51, 42]",2142,bt2,18560
train_annotations,1316712,528,TM5850_P.Eleph.17_R.jpg,dataset/TM5850_P.Eleph.17_R.jpg,Lambda,Λ,"[1220, 6010, 185, 182]",33670,bt2,5850
train_annotations,1281007,433,TM1516_P.Lond.7.1953_R.jpg,dataset/TM1516_P.Lond.7.1953_R.jpg,Nu,Ν,"[607, 596, 21, 36]",756,bt2,1516
train_annotations,1416608,538,TM18592_BGU.4.1146.jpg,dataset/TM18592_BGU.4.1146.jpg,Iota,Ι,"[2350, 1641, 47, 94]",4418,bt2,18592
